-- Script para insertar datos de prueba en entorno con DB2
-- Correr el script luego de ejecutar el de parametrizacion, sino no funcionará

INSERT INTO bie_bien (BIE_ID,DD_TBI_ID,BIE_PARTICIPACION,BIE_VALOR_ACTUAL,BIE_IMPORTE_CARGAS,BIE_SUPERFICIE,BIE_POBLACION,BIE_DATOS_REGISTRALES,BIE_REFERENCIA_CATASTRAL,VERSION,USUARIOCREAR,FECHACREAR,USUARIOMODIFICAR,FECHAMODIFICAR,USUARIOBORRAR,FECHABORRAR,BORRADO,BIE_DESCRIPCION) VALUES 
 (1,2,'100','10000.00','100000.00',NULL,'','','',0,'user11','2008-08-27 10:38:55','user11','2008-08-27 10:38:55',NULL,'2008-08-27 10:38:55','0',NULL)
go

INSERT INTO bie_bien (BIE_ID,DD_TBI_ID,BIE_PARTICIPACION,BIE_VALOR_ACTUAL,BIE_IMPORTE_CARGAS,BIE_SUPERFICIE,BIE_POBLACION,BIE_DATOS_REGISTRALES,BIE_REFERENCIA_CATASTRAL,VERSION,USUARIOCREAR,FECHACREAR,USUARIOMODIFICAR,FECHAMODIFICAR,USUARIOBORRAR,FECHABORRAR,BORRADO,BIE_DESCRIPCION) VALUES 
  (2,3,'100','5000.00','50.00',NULL,'','','',0,'user11','2008-09-03 11:45:32','user11','2008-09-03 11:45:32',NULL,'2008-09-03 11:45:32','0',NULL)
go

INSERT INTO bie_per (BIE_ID,PER_ID,VERSION) VALUES 
 (1,1,0),
 (2,1,0)
go

INSERT INTO ant_antecedentes (ANT_ID,AEX_ID,ANT_OBSERVACIONES,ANT_FECHA_VERIFICACION,ANT_REINCIDENCIA_INTERNOS,VERSION,USUARIOCREAR,FECHACREAR,USUARIOMODIFICAR,FECHAMODIFICAR,USUARIOBORRAR,FECHABORRAR,BORRADO) VALUES 
 (1,NULL,NULL,NULL,NULL,0,'DD','2008-08-18 11:07:05',NULL,'2008-08-18 11:07:05',NULL,'2008-08-18 11:07:05','0'),
 (2,NULL,NULL,NULL,NULL,0,'DD','2008-08-18 11:07:05',NULL,'2008-08-18 11:07:05',NULL,'2008-08-18 11:07:05','0'),
 (3,NULL,NULL,NULL,NULL,0,'DD','2008-08-18 11:07:06',NULL,'2008-08-18 11:07:06',NULL,'2008-08-18 11:07:06','0')
go

INSERT INTO per_personas (PER_ID,DD_SCL_ID,ANT_ID,DD_TDI_ID,DD_TPE_ID,DD_SCE_ID,PER_FECHA_EXTRACCION,PER_COD_ENTIDAD,PER_COD_CLIENTE_ENTIDAD,PER_DOC_ID,PER_NOMBRE,PER_APELLIDO1,PER_APELLIDO2,PER_FECHA_CREACION,PER_ECV,PER_NOM50,PER_TELEFONO_1,PER_TELEFONO_2,PER_MOVIL_1,PER_MOVIL_2,PER_EMAIL,PER_FECHA_CARGA,PER_FICHERO_CARGA,PER_SOLV_OBSERVACIONES,PER_SOLV_FECHA_VERIF,VERSION,USUARIOCREAR,FECHACREAR,USUARIOMODIFICAR,FECHAMODIFICAR,USUARIOBORRAR,FECHABORRAR,BORRADO) VALUES 
 (1,1,1,1,1,1,'2008-06-11','1001',21511,'AB124541','Juan Bautista','Alberdi','Sacaclavos',NULL,'ECV','aaaaa','110620081119','504445491119','504445491119','504445491119','50444549juanbautista@hotmail.com','2008-08-18','fichero','Observaciones de Juan Baustista Alberdi','2008-08-18',5,'BATCH_USER','2008-09-01 12:34:54','user11','2008-09-03 11:44:35',NULL,'2008-08-18 11:07:05','0'),
 (2,1,2,1,1,1,'2008-06-11','1001',21512,'AB124542','Pedro Raul','Goyena','Mandioca',NULL,'ECV','nom50','110620081119','504445491119','504445491119','504445491119','50444549pedroraul@hotmail.com','2008-08-18','fichero',NULL,NULL,1,'BATCH_USER','2008-08-18 11:07:00',NULL,'2008-08-18 11:07:05',NULL,'2008-08-18 11:07:06','0'),
 (3,1,NULL,1,1,1,'2008-06-11','1001',21513,'AB124543','Dolores','Mandioca','Perez',NULL,'ECV','nom50','110620081119','504445491119','504445491119','504445491119','50444549mail6@hotmail.com','2008-08-18','fichero',NULL,NULL,0,'BATCH_USER','2008-08-18 11:07:00',NULL,current date,NULL,current date,'0'),
 (4,1,NULL,1,1,1,'2008-06-11','1001',21514,'AB124544','Sonia','Cosa','Garcia',NULL,'ECV','nom50','110620081119','504445491119','504445491119','504445491119','50444549mail6@hotmail.com','2008-08-18','fichero',NULL,NULL,0,'BATCH_USER','2008-08-18 11:07:00',NULL,current date,NULL,current date,'0'),
 (5,1,NULL,1,1,1,'2008-06-11','1001',21515,'AB124546','Esther','Goyena','Mandioca',NULL,'ECV','nom50','110620081119','504445491119','504445491119','504445491119','50444549mail6@hotmail.com','2008-08-18','fichero',NULL,NULL,0,'BATCH_USER','2008-08-18 11:07:00',NULL,current date,NULL,current date,'0'),
 (6,1,3,1,1,1,'2008-06-11','1001',21516,'AB124546','Juan','Lopez','Cuerda',NULL,'ECV','nom50','110620081119','504445491119','504445491119','504445491119','50444549mail6@hotmail.com','2008-08-18','fichero',NULL,NULL,1,'BATCH_USER','2008-08-18 11:07:00',NULL,'2008-08-18 11:07:06',NULL,'2008-08-18 11:07:06','0'),
 (7,1,NULL,1,1,1,'2008-06-11','1001',21517,'AB124547','Josefa','Garrucha','Apalino',NULL,'ECV','nom50','110620081119','504445491119','504445491119','504445491119','50444549mail7@hotmail.com','2008-08-18','fichero',NULL,NULL,0,'BATCH_USER','2008-08-18 11:07:00',NULL,current date,NULL,current date,'0'),
 (8,1,NULL,1,1,1,'2008-06-11','1001',21518,'AB124548','Sebastian','Garrucha','Esteban',NULL,'ECV','nom50','110620081119','504445491119','504445491119','504445491119','50444549mail8@hotmail.com','2008-08-18','fichero',NULL,NULL,0,'BATCH_USER','2008-08-18 11:07:00',NULL,current date,NULL,current date,'0'),
 (9,1,NULL,1,1,1,'2008-06-11','1001',21560,'AB124550','Pilar','Bellver','Boligrafo',NULL,'ECV','nom50','110620081119','504445491119','504445491119','504445491119','50444549mai10@hotmail.com','2008-08-18','fichero',NULL,NULL,0,'BATCH_USER','2008-08-18 11:07:00',NULL,current date,NULL,current date,'0'),
 (10,1,NULL,1,1,1,'2008-06-11','1001',21561,'AB124551','Enrique','Buenavista','Tronco',NULL,'ECV','nom50','110620081119','504445491119','504445491119','504445491119','50444549mai11@hotmail.com','2008-08-18','fichero',NULL,NULL,0,'BATCH_USER','2008-08-18 11:07:00',NULL,current date,NULL,current date,'0')
go

INSERT INTO cli_clientes (CLI_ID, PER_ID, ARQ_ID, VERSION, USUARIOCREAR, FECHACREAR, BORRADO, DD_EST_ID, dd_ecl_id,cli_fecha_creacion,cli_fecha_est_id, cli_telecobro) 
VALUES   (1,1,1,'1','DD','2008-06-11 00:00:00','0',1,1,current date,current date,1),
        (2,2,1,'1','DD','2008-06-11 00:00:00','0',1,1,current date,current date,1),
        (3,6,1,'1','DD','2008-06-11 00:00:00','0',1,1,current date,current date,1)
go

INSERT INTO cnt_contratos (CNT_ID,DD_TPE_ID,OFI_ID,ZON_ID,DD_MON_ID,DD_TPR_ID,CNT_FECHA_EXTRACCION,CNT_COD_ENTIDAD,CNT_COD_OFICINA,CNT_COD_CENTRO,CNT_CONTRATO,DD_EFC_ID,CNT_FECHA_EFC,DD_ESC_ID,CNT_FECHA_ESC,CNT_FECHA_CREACION,CNT_FECHA_CARGA,CNT_FICHERO_CARGA,VERSION,USUARIOCREAR,FECHACREAR,USUARIOMODIFICAR,FECHAMODIFICAR,USUARIOBORRAR,FECHABORRAR,BORRADO) VALUES 
 (1,1,1,7,1,1,'2008-06-11','1001','5005','115005','1',1,'2008-01-01',1,'2008-01-01','2008-01-01','2008-08-18','fichero',0,'BATCH_USER','2008-08-18 11:07:03',NULL,'2008-08-18 11:07:03',NULL,current date,'0'),
 (2,2,1,7,1,1,'2008-06-11','1001','5005','115005','2',1,'2008-01-01',1,'2008-01-01','2008-01-01','2008-08-18','fichero',0,'BATCH_USER','2008-08-18 11:07:03',NULL,'2008-08-18 11:07:03',NULL,current date,'0'),
 (3,3,1,7,1,2,'2008-06-11','1001','5005','115005','3',1,'2008-01-01',1,'2008-01-01','2008-01-01','2008-08-18','fichero',0,'BATCH_USER','2008-08-18 11:07:03',NULL,'2008-08-18 11:07:03',NULL,current date,'0'),
 (4,3,1,7,1,2,'2008-06-11','1001','5005','115005','4',1,'2008-01-01',1,'2008-01-01','2008-01-01','2008-08-18','fichero',0,'BATCH_USER','2008-08-18 11:07:03',NULL,'2008-08-18 11:07:03',NULL,current date,'0'),
 (5,1,1,7,1,1,'2008-06-11','1001','5005','115005','5',1,'2008-01-01',1,'2008-01-01','2008-01-01','2008-08-18','fichero',0,'BATCH_USER','2008-08-18 11:07:03',NULL,'2008-08-18 11:07:03',NULL,current date,'0'),
 (6,2,1,7,1,1,'2008-06-11','1001','5005','115005','6',1,'2008-01-01',1,'2008-01-01','2008-01-01','2008-08-18','fichero',0,'BATCH_USER','2008-08-18 11:07:03',NULL,'2008-08-18 11:07:03',NULL,current date,'0'),
 (7,3,1,7,1,2,'2008-06-11','1001','5005','115005','8',1,'2008-01-01',1,'2008-01-01','2008-01-01','2008-08-18','fichero',0,'BATCH_USER','2008-08-18 11:07:03',NULL,'2008-08-18 11:07:03',NULL,current date,'0'),
 (10000,1,1,1,1,1,'2008-01-01','1001','1','666666','2548754256',1,'2008-01-01',NULL,'2008-01-01',NULL,'2008-07-11','fichero',0,'BATCH_USER','2008-07-11 00:00:00','','2008-07-11 00:00:00','','2008-07-11 00:00:00','0')
go

INSERT INTO cpe_contratos_personas (CPE_ID,PER_ID,CNT_ID,DD_TIN_ID,CPE_ORDEN,CPE_TIPO_INTERV_ORIGINAL,VERSION,USUARIOCREAR,FECHACREAR,USUARIOMODIFICAR,FECHAMODIFICAR,USUARIOBORRAR,FECHABORRAR,BORRADO) VALUES 
 (1,1,1,1,1,'Tit',0,'BATCH_USER','2008-08-18 11:07:01',NULL,current date,NULL,current date,'0'),
 (2,1,2,1,1,'Tit',0,'BATCH_USER','2008-08-18 11:07:01',NULL,current date,NULL,current date,'0'),
 (3,1,3,1,1,'Tit',0,'BATCH_USER','2008-08-18 11:07:01',NULL,current date,NULL,current date,'0'),
 (4,1,4,1,1,'Tit',0,'BATCH_USER','2008-08-18 11:07:01',NULL,current date,NULL,current date,'0'),
 (5,2,1,1,2,'Tit',0,'BATCH_USER','2008-08-18 11:07:01',NULL,current date,NULL,current date,'0'),
 (6,3,1,2,3,'Aut',0,'BATCH_USER','2008-08-18 11:07:01',NULL,current date,NULL,current date,'0'),
 (7,4,1,2,4,'Aut',0,'BATCH_USER','2008-08-18 11:07:01',NULL,current date,NULL,current date,'0'),
 (8,5,1,2,5,'Aut',0,'BATCH_USER','2008-08-18 11:07:01',NULL,current date,NULL,current date,'0'),
 (9,6,5,1,1,'Tit',0,'BATCH_USER','2008-08-18 11:07:01',NULL,current date,NULL,current date,'0'),
 (10,7,6,1,1,'Tit',0,'BATCH_USER','2008-08-18 11:07:01',NULL,current date,NULL,current date,'0'),
 (11,8,6,3,2,'Ava',0,'BATCH_USER','2008-08-18 11:07:01',NULL,current date,NULL,current date,'0'),
 (12,9,7,1,1,'Tit',0,'BATCH_USER','2008-08-18 11:07:01',NULL,current date,NULL,current date,'0'),
 (13,10,7,2,2,'Aut',0,'BATCH_USER','2008-08-18 11:07:01',NULL,current date,NULL,current date,'0'),
 (14,1,5,3,5,'Aut',0,'BATCH_USER','2008-09-01 12:31:59',NULL,'2008-08-18 11:07:01',NULL,'2008-08-18 11:07:01','0')
go

INSERT INTO aaa_actitud_aptitud_actuacion (AAA_ID,DD_CIM_ID,DD_TAA_ID,AAA_GESTIONES,AAA_COMETARIOS_SITUACION,AAA_PROPUESTA_ACTUACION,AAA_TIPO_AYUDA_ACTUACION,VERSION,USUARIOCREAR,FECHACREAR,USUARIOMODIFICAR,FECHAMODIFICAR,USUARIOBORRAR,FECHABORRAR,BORRADO) VALUES 
 (1,1,NULL,'GESTIONES REALIZADAS','GESTIONES REALIZADAS COMENTARIOS',NULL,'1',1,'DD','2008-09-01 13:06:45',NULL,'2008-08-18 11:07:21',NULL,'2008-08-18 11:07:21','0')
go

INSERT INTO exp_expedientes (EXP_ID,AAA_ID,DCO_ID,DD_EST_ID,EXP_FECHA_EST_ID,OFI_ID,ARQ_ID,COM_ID,EXP_PROCESS_BPM,EXP_MANUAL,VERSION,USUARIOCREAR,FECHACREAR,USUARIOMODIFICAR,FECHAMODIFICAR,USUARIOBORRAR,FECHABORRAR,BORRADO) 
VALUES 
 (1,1,NULL,3,'2008-09-15 16:25:12',1,1,NULL,'4','0',1,'DD','2008-08-18 11:07:21',NULL,'2008-08-18 11:07:21',NULL,'2008-08-18 11:07:21','0'),
 (2,1,NULL,3,'2008-09-15 16:25:12',1,1,1,'5','0',1,'DD','2008-08-18 11:07:22',NULL,'2008-08-18 11:07:22',NULL,'2008-08-18 11:07:22','0')
go

INSERT INTO asu_asuntos (ASU_ID,GAS_ID,DD_EST_ID,ASU_FECHA_EST_ID,ASU_PROCESS_BPM,VERSION,USUARIOCREAR,FECHACREAR,USUARIOMODIFICAR,FECHAMODIFICAR,USUARIOBORRAR,FECHABORRAR,BORRADO,EXP_ID,ASU_NOMBRE) VALUES 
 (1,1,1,'2008-09-01 11:49:34',NULL,0,'','2008-09-01 11:49:34',NULL,current date,NULL,current date,'0',NULL,''),
 (2,2,2,'2008-09-01 11:49:34',NULL,0,'','2008-09-01 11:49:34',NULL,current date,NULL,current date,'0',NULL,''),
 (3,1,1,'2008-09-01 12:20:17',NULL,0,'','2008-09-01 12:20:17',NULL,current date,NULL,current date,'0',NULL,''),
 (4,2,2,'2008-09-01 12:20:17',NULL,0,'','2008-09-01 12:20:17',NULL,current date,NULL,current date,'0',NULL,'')
go

Insert into MOV_MOVIMIENTOS
   (MOV_ID, CNT_ID, MOV_POS_VIVA_NO_VENCIDA, MOV_POS_VIVA_VENCIDA, MOV_FECHA_POS_VENCIDA, 
    MOV_SALDO_DUDOSO, MOV_FECHA_DUDOSO, MOV_PROVISION, MOV_INT_REMUNERATORIOS, MOV_INT_MORATORIOS, 
    MOV_COMISIONES, MOV_GASTOS, MOV_FECHA_EXTRACCION, MOV_FICHERO_CARGA, MOV_FECHA_CARGA, 
    MOV_RIESGO, MOV_DEUDA_IRREGULAR, MOV_DISPUESTO, MOV_SALDO_PASIVO, MOV_RIESGO_GARANT, 
    MOV_SALDO_EXCE, MOV_LIMITE_DESC, MOV_EXTRA_1, MOV_EXTRA_2, MOV_LTV_INI, 
    MOV_LTV_FIN, DD_MX3_ID, DD_MX4_ID, MOV_EXTRA_5, MOV_EXTRA_6, 
    VERSION, USUARIOCREAR, FECHACREAR, USUARIOMODIFICAR, FECHAMODIFICAR, 
    USUARIOBORRAR, FECHABORRAR, BORRADO)
 Values
   (1, 1, 0, 120.22,NULL , 
    0, NULL, 0, 0, 0, 
    0, 0,'2009-08-14', 'CONTRATOS-3177-20090814.csv',  '2009-09-09 12:09:20', 
    0, 0, 0, 120.22, 0, 
    0, 120.22, 0, 0, 0, 
    0, 2, 2, NULL, NULL, 
    0, 'BA-PasProd','2009-09-09 12:09:20', NULL, NULL, 
    NULL, NULL, 0),
    (2, 2, 0, 120.22, NULL, 
    0, NULL, 0, 0, 0, 
    0, 0,'2009-08-14', 'CONTRATOS-3177-20090814.csv', '2009-09-09 12:09:20', 
    0, 0, 0, 120.22, 0, 
    0, 120.22, 0, 0, 0, 
    0, 2, 2, NULL, NULL, 
    0, 'BA-PasProd', '2009-09-09 12:09:20', NULL, NULL, 
    NULL, NULL, 0),
   (3, 3, 0, 120.22, NULL, 
    0, NULL, 0, 0, 0, 
    0, 0, '2009-08-14', 'CONTRATOS-3177-20090814.csv', '2009-09-09 12:09:20', 
    0, 0, 0, 120.22, 0, 
    0, 120.22, 0, 0, 0, 
    0, 2, 2, NULL, NULL, 
    0, 'BA-PasProd', '2009-09-09 12:09:20', NULL, NULL, 
    NULL, NULL, 0),
   (4, 4, 0, 0, NULL, 
    0, NULL, 0, 0, 0, 
    0, 0,'2009-08-14', 'CONTRATOS-3177-20090814.csv', '2009-09-09 12:09:20', 
    0, 0, 0, 0, 0, 
    0, 0, 0, 0, 0, 
    0, 2, 2, NULL, NULL, 
    0, 'BA-PasProd', '2009-09-09 12:09:20', NULL, NULL, 
    NULL, NULL, 0)
go