INSERT INTO EST_ESTADOS(EST_ID,PEF_ID_GESTOR,PEF_ID_SUPERVISOR,ITI_ID,DD_EST_ID,EST_PLAZO,EST_AUTOMATICO,USUARIOCREAR,FECHACREAR)
VALUES (S_EST_ESTADOS.nextVal,(SELECT PEF_ID FROM PEF_PERFILES WHERE PEF_DESCRIPCION = 'Dtor. Recup.'),(SELECT PEF_ID FROM PEF_PERFILES WHERE PEF_DESCRIPCION = 'Dtor. Recup.'),(SELECT ITI_ID FROM ITI_ITINERARIOS WHERE ITI_NOMBRE = 'Directo a DC'),5,3153600000000,null,'DD',SYSDATE);

INSERT INTO PLA_PLAZOS_DEFAULT(PLA_ID, DD_STA_ID, PLA_PLAZO, PLA_CODIGO, PLA_DESCRIPCION, USUARIOCREAR, FECHACREAR)
VALUES (1, 29, 5000, '1', 'Solicitud Expediente Manual', 'DD', sysdate);
INSERT INTO PLA_PLAZOS_DEFAULT(PLA_ID, DD_STA_ID, PLA_PLAZO, PLA_CODIGO, PLA_DESCRIPCION, USUARIOCREAR, FECHACREAR)
VALUES (2, 30, 129600000, '2', 'Solicitud de Preasunto', 'DD', sysdate);
INSERT INTO PLA_PLAZOS_DEFAULT(PLA_ID, DD_STA_ID, PLA_PLAZO, PLA_CODIGO, PLA_DESCRIPCION, USUARIOCREAR, FECHACREAR)
VALUES (3, 31, 129600000, '3', 'Solicitud de Prorroga', 'DD', sysdate);
INSERT INTO PLA_PLAZOS_DEFAULT(PLA_ID, DD_STA_ID, PLA_PLAZO, PLA_CODIGO, PLA_DESCRIPCION, USUARIOCREAR, FECHACREAR)
VALUES (4, 36, 5000, '4', 'Aceptación asunto', 'DD', sysdate);
INSERT INTO PLA_PLAZOS_DEFAULT(PLA_ID, DD_STA_ID, PLA_PLAZO, PLA_CODIGO, PLA_DESCRIPCION, USUARIOCREAR, FECHACREAR)
VALUES (5, 35, 5000, '5', 'Recopilar documentacion', 'DD', sysdate);
INSERT INTO PLA_PLAZOS_DEFAULT(PLA_ID, DD_STA_ID, PLA_PLAZO, PLA_CODIGO, PLA_DESCRIPCION, USUARIOCREAR, FECHACREAR)
VALUES (6, 38, 500000, '6', 'Recopilar documentacion', 'DD', sysdate);
INSERT INTO PLA_PLAZOS_DEFAULT(PLA_ID, DD_STA_ID, PLA_PLAZO, PLA_CODIGO, PLA_DESCRIPCION, USUARIOCREAR, FECHACREAR)
VALUES (7, 43, 10000, '7', 'Actualizar estado del recurso', 'DD', SYSDATE);
INSERT INTO PLA_PLAZOS_DEFAULT(PLA_ID, DD_STA_ID, PLA_PLAZO, PLA_CODIGO, PLA_DESCRIPCION, USUARIOCREAR, FECHACREAR)
VALUES (8, 49, 10000, '8', 'Aprobar Acuerdo Propuesto', 'DD', SYSDATE);
INSERT INTO PLA_PLAZOS_DEFAULT(PLA_ID, DD_STA_ID, PLA_PLAZO, PLA_CODIGO, PLA_DESCRIPCION, USUARIOCREAR, FECHACREAR)
VALUES (9, 51, 10000, '9', 'Cerrar Gestiones Acuerdo', 'DD', SYSDATE);
INSERT INTO PLA_PLAZOS_DEFAULT(PLA_ID, DD_STA_ID, PLA_PLAZO, PLA_CODIGO, PLA_DESCRIPCION, USUARIOCREAR, FECHACREAR)
VALUES (10, 47, 10000, '10', 'Propuesta de Decision Procedimiento', 'DD', SYSDATE);

INSERT INTO PEN_PARAM_ENTIDAD (PEN_ID, PEN_PARAM, PEN_VALOR, PEN_DESCRIPCION, USUARIOCREAR, FECHACREAR)
VALUES (S_PEN_PARAM_ENTIDAD.nextVal, 'expediente.obtenerContratosAdicionales.limite', '40', 'Limite de contratos adicionales para un expediente', 'DD', SYSDATE);


-- CONFIGURACION DEL MAIL PARA LOS TIPOS DE BIENES
INSERT INTO CNF_CORREO_VERIF (CNF_ID, DD_TBI_ID, CNF_DESTINATARIO, USUARIOCREAR, FECHACREAR)
VALUES (1, 1, 'cosmefulanito@pfs.com', 'DD', sysdate);
INSERT INTO CNF_CORREO_VERIF (CNF_ID, DD_TBI_ID, CNF_DESTINATARIO, USUARIOCREAR, FECHACREAR)
VALUES(2, 2, 'cosmefulanito@pfs.com', 'DD', sysdate);
INSERT INTO CNF_CORREO_VERIF (CNF_ID, DD_TBI_ID, CNF_DESTINATARIO, USUARIOCREAR, FECHACREAR)
VALUES(3, 3, 'cosmefulanito@pfs.com', 'DD', sysdate);
INSERT INTO CNF_CORREO_VERIF (CNF_ID, DD_TBI_ID, CNF_DESTINATARIO, USUARIOCREAR, FECHACREAR)
VALUES(4, 4, 'cosmefulanito@pfs.com', 'DD', sysdate);

INSERT INTO DD_PLA_PLAZAS (DD_PLA_ID, DD_PLA_CODIGO, DD_PLA_DESCRIPCION, DD_PLA_DESCRIPCION_LARGA, USUARIOCREAR, FECHACREAR) VALUES (1, '1', 'Plaza Lalala', 'Plaza Lalala!!!', 'DD', sysdate);
INSERT INTO DD_PLA_PLAZAS (DD_PLA_ID, DD_PLA_CODIGO, DD_PLA_DESCRIPCION, DD_PLA_DESCRIPCION_LARGA, USUARIOCREAR, FECHACREAR) VALUES (2, '2', 'Plaza Italia', 'Cruzate y anda a la rural', 'DD', sysdate);
INSERT INTO DD_PLA_PLAZAS (DD_PLA_ID, DD_PLA_CODIGO, DD_PLA_DESCRIPCION, DD_PLA_DESCRIPCION_LARGA, USUARIOCREAR, FECHACREAR) VALUES (3, '3', 'Plaza Lobelto', '....', 'DD', sysdate);

INSERT INTO DD_JUZ_JUZGADOS_PLAZA (DD_JUZ_ID, DD_JUZ_CODIGO, DD_JUZ_DESCRIPCION, DD_JUZ_DESCRIPCION_LARGA, DD_PLA_ID, USUARIOCREAR, FECHACREAR) VALUES (1, '1', 'Juzgado Correccional XX', 'Juzgado Correccional Nro XX', 1, 'DD', sysdate);
INSERT INTO DD_JUZ_JUZGADOS_PLAZA (DD_JUZ_ID, DD_JUZ_CODIGO, DD_JUZ_DESCRIPCION, DD_JUZ_DESCRIPCION_LARGA, DD_PLA_ID, USUARIOCREAR, FECHACREAR) VALUES (2, '2', 'Juzgado Don Roque!', 'Juzgado Don Roque Nro 145', 2, 'DD', sysdate);
INSERT INTO DD_JUZ_JUZGADOS_PLAZA (DD_JUZ_ID, DD_JUZ_CODIGO, DD_JUZ_DESCRIPCION, DD_JUZ_DESCRIPCION_LARGA, DD_PLA_ID, USUARIOCREAR, FECHACREAR) VALUES (3, '3', 'Juzgado La Cometa', '....', 2, 'DD', sysdate);

INSERT INTO DD_TSA_TIPO_SOLUC_AMISTO (DD_TSA_ID, DD_TSA_CODIGO,DD_TSA_DESCRIPCION,DD_TSA_DESCRIPCION_LARGA,USUARIOCREAR,FECHACREAR) values ( 1,'01', 'Tipo Solucion 1', 'Tipo Solucion 1', 'DD', SYSDATE );
INSERT INTO DD_TSA_TIPO_SOLUC_AMISTO (DD_TSA_ID, DD_TSA_CODIGO,DD_TSA_DESCRIPCION,DD_TSA_DESCRIPCION_LARGA,USUARIOCREAR,FECHACREAR) values ( 2,'02', 'Tipo Solucion 2', 'Tipo Solucion 2', 'DD', SYSDATE );
INSERT INTO DD_TSA_TIPO_SOLUC_AMISTO (DD_TSA_ID, DD_TSA_CODIGO,DD_TSA_DESCRIPCION,DD_TSA_DESCRIPCION_LARGA,USUARIOCREAR,FECHACREAR) values ( 3,'03', 'Tipo Solucion 3', 'Tipo Solucion 3', 'DD', SYSDATE );
INSERT INTO DD_TSA_TIPO_SOLUC_AMISTO (DD_TSA_ID, DD_TSA_CODIGO,DD_TSA_DESCRIPCION,DD_TSA_DESCRIPCION_LARGA,USUARIOCREAR,FECHACREAR) values ( 4,'04', 'Tipo Solucion 4', 'Tipo Solucion 4', 'DD', SYSDATE );

INSERT INTO DD_SSA_SUBTI_SOLUC_AMIST (DD_SSA_ID, DD_TSA_ID, DD_SSA_CODIGO,DD_SSA_DESCRIPCION,DD_SSA_DESCRIPCION_LARGA,USUARIOCREAR,FECHACREAR) values ( S_DD_SSA_SUBTI_SOLUC_AMIST.nextVal, 1,'11', 'SubTipo 1 Solucion 1', 'SubTipo 1 Solucion 1', 'DD', SYSDATE );
INSERT INTO DD_SSA_SUBTI_SOLUC_AMIST (DD_SSA_ID, DD_TSA_ID, DD_SSA_CODIGO,DD_SSA_DESCRIPCION,DD_SSA_DESCRIPCION_LARGA,USUARIOCREAR,FECHACREAR) values ( S_DD_SSA_SUBTI_SOLUC_AMIST.nextVal, 1,'12', 'SubTipo 2 Solucion 1', 'SubTipo 2 Solucion 1', 'DD', SYSDATE );
INSERT INTO DD_SSA_SUBTI_SOLUC_AMIST (DD_SSA_ID, DD_TSA_ID, DD_SSA_CODIGO,DD_SSA_DESCRIPCION,DD_SSA_DESCRIPCION_LARGA,USUARIOCREAR,FECHACREAR) values ( S_DD_SSA_SUBTI_SOLUC_AMIST.nextVal, 2,'21', 'SubTipo 1 Solucion 2', 'SubTipo 1 Solucion 2', 'DD', SYSDATE );
INSERT INTO DD_SSA_SUBTI_SOLUC_AMIST (DD_SSA_ID, DD_TSA_ID, DD_SSA_CODIGO,DD_SSA_DESCRIPCION,DD_SSA_DESCRIPCION_LARGA,USUARIOCREAR,FECHACREAR) values ( S_DD_SSA_SUBTI_SOLUC_AMIST.nextVal, 2,'22', 'SubTipo 2 Solucion 2', 'SubTipo 2 Solucion 2', 'DD', SYSDATE );
INSERT INTO DD_SSA_SUBTI_SOLUC_AMIST (DD_SSA_ID, DD_TSA_ID, DD_SSA_CODIGO,DD_SSA_DESCRIPCION,DD_SSA_DESCRIPCION_LARGA,USUARIOCREAR,FECHACREAR) values ( S_DD_SSA_SUBTI_SOLUC_AMIST.nextVal, 3,'31', 'SubTipo 1 Solucion 3', 'SubTipo 1 Solucion 3', 'DD', SYSDATE );
INSERT INTO DD_SSA_SUBTI_SOLUC_AMIST (DD_SSA_ID, DD_TSA_ID, DD_SSA_CODIGO,DD_SSA_DESCRIPCION,DD_SSA_DESCRIPCION_LARGA,USUARIOCREAR,FECHACREAR) values ( S_DD_SSA_SUBTI_SOLUC_AMIST.nextVal, 3,'32', 'SubTipo 2 Solucion 3', 'SubTipo 2 Solucion 3', 'DD', SYSDATE );
INSERT INTO DD_SSA_SUBTI_SOLUC_AMIST (DD_SSA_ID, DD_TSA_ID, DD_SSA_CODIGO,DD_SSA_DESCRIPCION,DD_SSA_DESCRIPCION_LARGA,USUARIOCREAR,FECHACREAR) values ( S_DD_SSA_SUBTI_SOLUC_AMIST.nextVal, 4,'41', 'SubTipo 1 Solucion 4', 'SubTipo 1 Solucion 4', 'DD', SYSDATE );
INSERT INTO DD_SSA_SUBTI_SOLUC_AMIST (DD_SSA_ID, DD_TSA_ID, DD_SSA_CODIGO,DD_SSA_DESCRIPCION,DD_SSA_DESCRIPCION_LARGA,USUARIOCREAR,FECHACREAR) values ( S_DD_SSA_SUBTI_SOLUC_AMIST.nextVal, 4,'42', 'SubTipo 2 Solucion 4', 'SubTipo 2 Solucion 4', 'DD', SYSDATE );

--INSERT INTO FUN_PEF (FUN_ID,PEF_ID) VALUES ((SELECT FUN_ID FROM PFSMASTER.FUN_FUNCIONES WHERE FUN_DESCRIPCION ='MENU-ANALISIS'),(SELECT PEF_ID FROM PEF_PERFILES WHERE PEF_DESCRIPCION ='Administrador'));
--INSERT INTO FUN_PEF (FUN_ID,PEF_ID) VALUES ((SELECT FUN_ID FROM PFSMASTER.FUN_FUNCIONES WHERE FUN_DESCRIPCION ='MENU-TELECOBRO'),(SELECT PEF_ID FROM PEF_PERFILES WHERE PEF_DESCRIPCION ='Administrador'));
--INSERT INTO FUN_PEF (FUN_ID,PEF_ID) VALUES ((SELECT FUN_ID FROM PFSMASTER.FUN_FUNCIONES WHERE FUN_DESCRIPCION ='MENU-ANALISIS'),(SELECT PEF_ID FROM PEF_PERFILES WHERE PEF_DESCRIPCION ='Director General'));
--Insert into FUN_PEF (FUN_ID,PEF_ID) values ((SELECT FUN_ID FROM PFSMASTER.FUN_FUNCIONES WHERE FUN_DESCRIPCION ='MENU-LIST-ASU'),(SELECT PEF_ID FROM PEF_PERFILES WHERE PEF_DESCRIPCION ='Oficina'));
--Insert into FUN_PEF (FUN_ID,PEF_ID) values ((SELECT FUN_ID FROM PFSMASTER.FUN_FUNCIONES WHERE FUN_DESCRIPCION ='MENU-LIST-ASU'),(SELECT PEF_ID FROM PEF_PERFILES WHERE PEF_DESCRIPCION ='Dtor. Riesgos'));
--Insert into FUN_PEF (FUN_ID,PEF_ID) values ((SELECT FUN_ID FROM PFSMASTER.FUN_FUNCIONES WHERE FUN_DESCRIPCION ='MENU-LIST-ASU'),(SELECT PEF_ID FROM PEF_PERFILES WHERE PEF_DESCRIPCION ='Resp. Espec. Recup.'));
--Insert into FUN_PEF (FUN_ID,PEF_ID) values ((SELECT FUN_ID FROM PFSMASTER.FUN_FUNCIONES WHERE FUN_DESCRIPCION ='MENU-LIST-ASU'),(SELECT PEF_ID FROM PEF_PERFILES WHERE PEF_DESCRIPCION ='Gestor externo.'));
--Insert into FUN_PEF (FUN_ID,PEF_ID) values ((SELECT FUN_ID FROM PFSMASTER.FUN_FUNCIONES WHERE FUN_DESCRIPCION ='BUSQUEDA'),(SELECT PEF_ID FROM PEF_PERFILES WHERE PEF_DESCRIPCION ='Gestor externo.'));
--Insert into FUN_PEF (FUN_ID,PEF_ID) values ((SELECT FUN_ID FROM PFSMASTER.FUN_FUNCIONES WHERE FUN_DESCRIPCION ='EDITAR_PROCEDIMIENTO'),(SELECT PEF_ID FROM PEF_PERFILES WHERE PEF_DESCRIPCION ='Resp. Espec. Recup.'));
--Insert into FUN_PEF (FUN_ID,PEF_ID) values ((SELECT FUN_ID FROM PFSMASTER.FUN_FUNCIONES WHERE FUN_DESCRIPCION ='COMUNICACION'),(SELECT PEF_ID FROM PEF_PERFILES WHERE PEF_DESCRIPCION ='Gestor externo.'));
--Insert into FUN_PEF (FUN_ID,PEF_ID) values ((SELECT FUN_ID FROM PFSMASTER.FUN_FUNCIONES WHERE FUN_DESCRIPCION ='RESPONDER'),(SELECT PEF_ID FROM PEF_PERFILES WHERE PEF_DESCRIPCION ='Gestor externo.'));
--Insert into FUN_PEF (FUN_ID,PEF_ID) values ((SELECT FUN_ID FROM PFSMASTER.FUN_FUNCIONES WHERE FUN_DESCRIPCION ='SOLICITAR_PRORROGA'),(SELECT PEF_ID FROM PEF_PERFILES WHERE PEF_DESCRIPCION ='Gestor externo.'));
--INSERT INTO FUN_PEF (FUN_ID,PEF_ID) VALUES ((SELECT FUN_ID FROM PFSMASTER.FUN_FUNCIONES WHERE FUN_DESCRIPCION ='MENU-ANALISIS'),(SELECT PEF_ID FROM PEF_PERFILES WHERE PEF_DESCRIPCION ='Jefe de Zona'));
--INSERT INTO FUN_PEF (FUN_ID,PEF_ID) VALUES ((SELECT FUN_ID FROM PFSMASTER.FUN_FUNCIONES WHERE FUN_DESCRIPCION ='MENU-TELECOBRO'),(SELECT PEF_ID FROM PEF_PERFILES WHERE PEF_DESCRIPCION ='Oficina'));
--INSERT INTO FUN_PEF (FUN_ID,PEF_ID) VALUES ((SELECT FUN_ID FROM PFSMASTER.FUN_FUNCIONES WHERE FUN_DESCRIPCION ='MENU-TELECOBRO'),(SELECT PEF_ID FROM PEF_PERFILES WHERE PEF_DESCRIPCION ='Jefe de Zona'));

--INSERT INTO USD_USUARIOS_DESPACHOS (USD_ID,USU_ID,DES_ID,USD_GESTOR_DEFECTO,USD_SUPERVISOR,USUARIOCREAR,FECHACREAR) VALUES (S_USD_USUARIOS_DESPACHOS.nextVal,(SELECT USU_ID FROM PFSMASTER.USU_USUARIOS WHERE USU_USERNAME ='comite'),(SELECT DES_ID FROM DES_DESPACHO_EXTERNO WHERE DES_DESPACHO ='Despacho Externo Canarias 1'),0,1,'dd',sysdate);
commit;


