-- Politicas para persona con id 1
-- politica con Estado itinerarion Vigente
insert into POL_POLITICA (POL_ID,TPL_ID,MOT_ID,DD_ESP_ID,DD_EPI_ID,PER_ID,POL_FECHA_CREACION,USU_ID,PEF_ID_GESTOR,PEF_ID_SUPER,ZON_ID_GESTOR,ZON_ID_SUPER,USUARIOCREAR,FECHACREAR)
values(1,1,1,1,5,1,sysdate,2,1,3,8,8, 'test', sysdate);

insert into POL_POLITICA (POL_ID,TPL_ID,MOT_ID,DD_ESP_ID,DD_EPI_ID,PER_ID,POL_FECHA_CREACION,USU_ID,PEF_ID_GESTOR,PEF_ID_SUPER,ZON_ID_GESTOR,ZON_ID_SUPER,USUARIOCREAR,FECHACREAR)
values(2,2,2,2,1,1,sysdate-1,2,2,3,8,4, 'test', sysdate);

insert into POL_POLITICA (POL_ID,TPL_ID,MOT_ID,DD_ESP_ID,DD_EPI_ID,PER_ID,POL_FECHA_CREACION,USU_ID,PEF_ID_GESTOR,PEF_ID_SUPER,ZON_ID_GESTOR,ZON_ID_SUPER,USUARIOCREAR,FECHACREAR)
values(3,3,3,3,1,1,sysdate-2,2,1,2,8,4, 'test', sysdate);

insert into POL_POLITICA (POL_ID,TPL_ID,MOT_ID,DD_ESP_ID,DD_EPI_ID,PER_ID,POL_FECHA_CREACION,USU_ID,PEF_ID_GESTOR,PEF_ID_SUPER,ZON_ID_GESTOR,ZON_ID_SUPER,USUARIOCREAR,FECHACREAR)
values(4,4,4,4,1,1,sysdate-4,2,1,3,9,4, 'test', sysdate);


-- estados de la pol historica
insert into EIP_EST_ITI_POLITICA(EIP_ID,POL_ID, DD_EPI_ID, EIP_TIPO_POL, EIP_GES_PERFIL_ZONA, EIP_SUP_PERFIL_ZONA, EIP_FECHA, USUARIOCREAR,FECHACREAR)
values(1,3,1,'reducir','perGes','perfSup',sysdate-4, 'test', sysdate);

insert into EIP_EST_ITI_POLITICA(EIP_ID,POL_ID, DD_EPI_ID, EIP_TIPO_POL, EIP_GES_PERFIL_ZONA, EIP_SUP_PERFIL_ZONA, EIP_FECHA, USUARIOCREAR,FECHACREAR)
values(2,3,2,'reducir','perGes','perfSup',sysdate-3, 'test', sysdate);

insert into EIP_EST_ITI_POLITICA(EIP_ID,POL_ID, DD_EPI_ID, EIP_TIPO_POL, EIP_GES_PERFIL_ZONA, EIP_SUP_PERFIL_ZONA, EIP_FECHA, USUARIOCREAR,FECHACREAR)
values(3,3,3,'reducir','perGes','perfSup',sysdate-2, 'test', sysdate);

insert into EIP_EST_ITI_POLITICA(EIP_ID,POL_ID, DD_EPI_ID, EIP_TIPO_POL, EIP_GES_PERFIL_ZONA, EIP_SUP_PERFIL_ZONA, EIP_FECHA, USUARIOCREAR,FECHACREAR)
values(4,3,4,'reducir','perGes','perfSup',sysdate-1, 'test', sysdate);

insert into EIP_EST_ITI_POLITICA(EIP_ID,POL_ID, DD_EPI_ID, EIP_TIPO_POL, EIP_GES_PERFIL_ZONA, EIP_SUP_PERFIL_ZONA, EIP_FECHA, USUARIOCREAR,FECHACREAR)
values(5,3,5,'reducir','perGes','perfSup',sysdate, 'test', sysdate);

-- estados de la pol vigente
insert into EIP_EST_ITI_POLITICA(EIP_ID,POL_ID, DD_EPI_ID, EIP_TIPO_POL, EIP_GES_PERFIL_ZONA, EIP_SUP_PERFIL_ZONA, EIP_FECHA, USUARIOCREAR,FECHACREAR)
values(11,2,2,'reducir','perGes','perfSup',sysdate-2, 'test', sysdate);

insert into EIP_EST_ITI_POLITICA(EIP_ID,POL_ID, DD_EPI_ID, EIP_TIPO_POL, EIP_GES_PERFIL_ZONA, EIP_SUP_PERFIL_ZONA, EIP_FECHA, USUARIOCREAR,FECHACREAR)
values(12,2,3,'reducir','perGes','perfSup',sysdate-1, 'test', sysdate);

insert into EIP_EST_ITI_POLITICA(EIP_ID,POL_ID, DD_EPI_ID, EIP_TIPO_POL, EIP_GES_PERFIL_ZONA, EIP_SUP_PERFIL_ZONA, EIP_FECHA, USUARIOCREAR,FECHACREAR)
values(13,2,4,'reducir','perGes','perfSup',sysdate, 'test', sysdate);

-- estados de la pol propuesta
insert into EIP_EST_ITI_POLITICA(EIP_ID,POL_ID, DD_EPI_ID, EIP_TIPO_POL, EIP_GES_PERFIL_ZONA, EIP_SUP_PERFIL_ZONA, EIP_FECHA, USUARIOCREAR,FECHACREAR)
values(21,1,5,'reducir','perGes','perfSup',sysdate-1, 'test', sysdate);

insert into EIP_EST_ITI_POLITICA(EIP_ID,POL_ID, DD_EPI_ID, EIP_TIPO_POL, EIP_GES_PERFIL_ZONA, EIP_SUP_PERFIL_ZONA, EIP_FECHA, USUARIOCREAR,FECHACREAR)
values(22,1,4,'reducir','perGes','perfSup',sysdate, 'test', sysdate);


-- Politica historica
-- obj cumpl
insert into OBJ_OBJETIVO(OBJ_ID,EIP_ID,TOB_ID,DD_ESO_ID,DD_ESC_ID,DD_TOP_ID,DD_EPI_ID,CNT_ID,OBJ_FECHA_LIMITE,OBJ_VALOR,USUARIOCREAR,FECHACREAR)
values(1,1,1,1,3,1,1,1,sysdate, 100, 'test', sysdate);

-- obj incumpl
insert into OBJ_OBJETIVO(OBJ_ID,EIP_ID,TOB_ID,DD_ESO_ID,DD_ESC_ID,DD_TOP_ID,DD_EPI_ID,CNT_ID,OBJ_FECHA_LIMITE,OBJ_VALOR,USUARIOCREAR,FECHACREAR)
values(2,1,1,1,4,1,1,1,sysdate, 100, 'test', sysdate);

-- obj pendiente
insert into OBJ_OBJETIVO(OBJ_ID,EIP_ID,TOB_ID,DD_ESO_ID,DD_ESC_ID,DD_TOP_ID,DD_EPI_ID,CNT_ID,OBJ_FECHA_LIMITE,OBJ_VALOR,USUARIOCREAR,FECHACREAR)
values(3,2,1,1,5,1,1,1,sysdate, 100, 'test', sysdate);

-- obj cumpl
insert into OBJ_OBJETIVO(OBJ_ID,EIP_ID,TOB_ID,DD_ESO_ID,DD_ESC_ID,DD_TOP_ID,DD_EPI_ID,CNT_ID,OBJ_FECHA_LIMITE,OBJ_VALOR,USUARIOCREAR,FECHACREAR)
values(4,2,1,1,3,1,1,1,sysdate, 100, 'test', sysdate);

-- Politica vigente
-- obj cumpl
insert into OBJ_OBJETIVO(OBJ_ID,EIP_ID,TOB_ID,DD_ESO_ID,DD_ESC_ID,DD_TOP_ID,DD_EPI_ID,CNT_ID,OBJ_FECHA_LIMITE,OBJ_VALOR,USUARIOCREAR,FECHACREAR)
values(11,11,1,2,3,1,1,1,sysdate, 100, 'test', sysdate);

-- obj incumpl
insert into OBJ_OBJETIVO(OBJ_ID,EIP_ID,TOB_ID,DD_ESO_ID,DD_ESC_ID,DD_TOP_ID,DD_EPI_ID,CNT_ID,OBJ_FECHA_LIMITE,OBJ_VALOR,USUARIOCREAR,FECHACREAR)
values(12,11,1,2,4,1,1,1,sysdate, 100, 'test', sysdate);

-- obj cumpl
insert into OBJ_OBJETIVO(OBJ_ID,EIP_ID,TOB_ID,DD_ESO_ID,DD_ESC_ID,DD_TOP_ID,DD_EPI_ID,CNT_ID,OBJ_FECHA_LIMITE,OBJ_VALOR,USUARIOCREAR,FECHACREAR)
values(13,12,1,2,3,1,1,1,sysdate, 100, 'test', sysdate);

-- obj incumpl
insert into OBJ_OBJETIVO(OBJ_ID,EIP_ID,TOB_ID,DD_ESO_ID,DD_ESC_ID,DD_TOP_ID,DD_EPI_ID,CNT_ID,OBJ_FECHA_LIMITE,OBJ_VALOR,USUARIOCREAR,FECHACREAR)
values(14,12,1,2,4,1,1,1,sysdate, 100, 'test', sysdate);

-- obj cumpl
insert into OBJ_OBJETIVO(OBJ_ID,EIP_ID,TOB_ID,DD_ESO_ID,DD_ESC_ID,DD_TOP_ID,DD_EPI_ID,CNT_ID,OBJ_FECHA_LIMITE,OBJ_VALOR,USUARIOCREAR,FECHACREAR)
values(15,13,1,2,3,1,1,1,sysdate, 100, 'test', sysdate);

-- obj pendiente
insert into OBJ_OBJETIVO(OBJ_ID,EIP_ID,TOB_ID,DD_ESO_ID,DD_ESC_ID,DD_TOP_ID,DD_EPI_ID,CNT_ID,OBJ_FECHA_LIMITE,OBJ_VALOR,USUARIOCREAR,FECHACREAR)
values(16,13,1,2,2,1,1,1,sysdate, 100, 'test', sysdate);

-- obj propuesto
insert into OBJ_OBJETIVO(OBJ_ID,EIP_ID,TOB_ID,DD_ESO_ID,DD_ESC_ID,DD_TOP_ID,DD_EPI_ID,CNT_ID,OBJ_FECHA_LIMITE,OBJ_VALOR,USUARIOCREAR,FECHACREAR)
values(17,13,1,1,2,1,1,1,sysdate, 100, 'test', sysdate);


-- Politica propuesta

-- obj pendientes y propuesto
insert into OBJ_OBJETIVO(OBJ_ID,EIP_ID,TOB_ID,DD_ESO_ID,DD_ESC_ID,DD_TOP_ID,DD_EPI_ID,CNT_ID,OBJ_FECHA_LIMITE,OBJ_VALOR,USUARIOCREAR,FECHACREAR)
values(21,21,1,2,2,1,1,1,sysdate, 100, 'test', sysdate);

insert into OBJ_OBJETIVO(OBJ_ID,EIP_ID,TOB_ID,DD_ESO_ID,DD_ESC_ID,DD_TOP_ID,DD_EPI_ID,CNT_ID,OBJ_FECHA_LIMITE,OBJ_VALOR,USUARIOCREAR,FECHACREAR)
values(22,21,1,2,2,1,1,1,sysdate, 100, 'test', sysdate);

insert into OBJ_OBJETIVO(OBJ_ID,EIP_ID,TOB_ID,DD_ESO_ID,DD_ESC_ID,DD_TOP_ID,DD_EPI_ID,CNT_ID,OBJ_FECHA_LIMITE,OBJ_VALOR,USUARIOCREAR,FECHACREAR)
values(23,22,1,1,2,1,1,1,sysdate, 100, 'test', sysdate);

insert into OBJ_OBJETIVO(OBJ_ID,EIP_ID,TOB_ID,DD_ESO_ID,DD_ESC_ID,DD_TOP_ID,DD_EPI_ID,CNT_ID,OBJ_FECHA_LIMITE,OBJ_VALOR,USUARIOCREAR,FECHACREAR)
values(24,22,1,1,2,1,1,1,sysdate, 100, 'test', sysdate);



-- Politicas para persona con id 2
insert into POL_POLITICA (POL_ID,TPL_ID,MOT_ID,DD_ESP_ID,DD_EPI_ID,PER_ID,POL_FECHA_CREACION,USU_ID,USUARIOCREAR,FECHACREAR)
values(101,1,1,1,1,2,sysdate,2, 'test', sysdate);

insert into POL_POLITICA (POL_ID,TPL_ID,MOT_ID,DD_ESP_ID,DD_EPI_ID,PER_ID,POL_FECHA_CREACION,USU_ID,USUARIOCREAR,FECHACREAR)
values(102,2,2,2,1,2,sysdate,2, 'test', sysdate);

insert into POL_POLITICA (POL_ID,TPL_ID,MOT_ID,DD_ESP_ID,DD_EPI_ID,PER_ID,POL_FECHA_CREACION,USU_ID,USUARIOCREAR,FECHACREAR)
values(103,3,3,3,1,2,sysdate,2, 'test', sysdate);

insert into EIP_EST_ITI_POLITICA(EIP_ID,POL_ID, DD_EPI_ID, EIP_TIPO_POL, EIP_GES_PERFIL_ZONA, EIP_SUP_PERFIL_ZONA, EIP_FECHA, USUARIOCREAR,FECHACREAR)
values(101,101,1,'reducir','perGes','perfSup',sysdate, 'test', sysdate);

insert into EIP_EST_ITI_POLITICA(EIP_ID,POL_ID, DD_EPI_ID, EIP_TIPO_POL, EIP_GES_PERFIL_ZONA, EIP_SUP_PERFIL_ZONA, EIP_FECHA, USUARIOCREAR,FECHACREAR)
values(102,102,2,'reducir','perGes','perfSup',sysdate, 'test', sysdate);

insert into EIP_EST_ITI_POLITICA(EIP_ID,POL_ID, DD_EPI_ID, EIP_TIPO_POL, EIP_GES_PERFIL_ZONA, EIP_SUP_PERFIL_ZONA, EIP_FECHA, USUARIOCREAR,FECHACREAR)
values(103,103,3,'reducir','perGes','perfSup',sysdate, 'test', sysdate);


insert into OBJ_OBJETIVO(OBJ_ID,EIP_ID,TOB_ID,DD_ESO_ID,DD_ESC_ID,DD_TOP_ID,DD_EPI_ID,CNT_ID,OBJ_FECHA_LIMITE,OBJ_VALOR,USUARIOCREAR,FECHACREAR)
values(101,101,1,1,3,1,1,1,sysdate, 100, 'test', sysdate);


insert into OBJ_OBJETIVO(OBJ_ID,EIP_ID,TOB_ID,DD_ESO_ID,DD_ESC_ID,DD_TOP_ID,DD_EPI_ID,CNT_ID,OBJ_FECHA_LIMITE,OBJ_VALOR,USUARIOCREAR,FECHACREAR)
values(102,101,1,1,4,1,1,1,sysdate, 100, 'test', sysdate);

insert into OBJ_OBJETIVO(OBJ_ID,EIP_ID,TOB_ID,DD_ESO_ID,DD_ESC_ID,DD_TOP_ID,DD_EPI_ID,CNT_ID,OBJ_FECHA_LIMITE,OBJ_VALOR,USUARIOCREAR,FECHACREAR)
values(103,102,1,1,2,1,1,1,sysdate, 100, 'test', sysdate);

insert into OBJ_OBJETIVO(OBJ_ID,EIP_ID,TOB_ID,DD_ESO_ID,DD_ESC_ID,DD_TOP_ID,DD_EPI_ID,CNT_ID,OBJ_FECHA_LIMITE,OBJ_VALOR,USUARIOCREAR,FECHACREAR)
values(104,102,1,1,3,1,1,1,sysdate, 100, 'test', sysdate);


commit;