REM INSERTING into MOA_MODELOS_ARQ
SET DEFINE OFF;
Insert into CM01.MOA_MODELOS_ARQ (MOA_ID,MOA_NOMBRE,MOA_DESCRIPCION,DD_ESM_ID,MOA_OBSERVACIONES,MOA_FECHA_INI_VIGENCIA,MOA_FECHA_FIN_VIGENCIA,VERSION,USUARIOCREAR,FECHACREAR,USUARIOMODIFICAR,FECHAMODIFICAR,USUARIOBORRAR,FECHABORRAR,BORRADO) values ('21','Seg y Vencidos','Prueba 2 Seg y Vencidos','1',null,null,null,'1','CAJAMAR',sysdate,'CAJAMAR',sysdate,null,null,'0');
Insert into CM01.MOA_MODELOS_ARQ (MOA_ID,MOA_NOMBRE,MOA_DESCRIPCION,DD_ESM_ID,MOA_OBSERVACIONES,MOA_FECHA_INI_VIGENCIA,MOA_FECHA_FIN_VIGENCIA,VERSION,USUARIOCREAR,FECHACREAR,USUARIOMODIFICAR,FECHAMODIFICAR,USUARIOBORRAR,FECHABORRAR,BORRADO) values ('1','Modelo 1','Modelo para pruebas 28/09/2015','3',null,sysdate,null,'5','CAJAMAR',sysdate,'CAJAMAR',sysdate,null,null,'0');


REM INSERTING into ITI_ITINERARIOS
SET DEFINE OFF;
Insert into CM01.ITI_ITINERARIOS (ITI_ID,ITI_NOMBRE,VERSION,USUARIOCREAR,FECHACREAR,USUARIOMODIFICAR,FECHAMODIFICAR,USUARIOBORRAR,FECHABORRAR,BORRADO,DD_TIT_ID,DD_AEX_ID,TPL_ID) values ('148','Persona física Hipotecario_copia','2','CAJAMAR',sysdate,'CAJAMAR',sysdate,null,null,'0','2','7',null);
Insert into CM01.ITI_ITINERARIOS (ITI_ID,ITI_NOMBRE,VERSION,USUARIOCREAR,FECHACREAR,USUARIOMODIFICAR,FECHAMODIFICAR,USUARIOBORRAR,FECHABORRAR,BORRADO,DD_TIT_ID,DD_AEX_ID,TPL_ID) values ('128','Persona física Hipotecario','2','CAJAMAR',sysdate,'CAJAMAR',sysdate,null,null,'0','1','3',null);
Insert into CM01.ITI_ITINERARIOS (ITI_ID,ITI_NOMBRE,VERSION,USUARIOCREAR,FECHACREAR,USUARIOMODIFICAR,FECHAMODIFICAR,USUARIOBORRAR,FECHABORRAR,BORRADO,DD_TIT_ID,DD_AEX_ID,TPL_ID) values ('102','Generico','1','DD',sysdate,null,null,null,null,'0','1','1',null);


REM INSERTING into RULE_DEFINITION
SET DEFINE OFF;
Insert into CM01.RULE_DEFINITION (RD_ID,RD_NAME,RD_DEFINITION,RD_NAME_LONG,USUARIOCREAR,FECHACREAR,USUARIOMODIFICAR,FECHAMODIFICAR,USUARIOBORRAR,FECHABORRAR,BORRADO) values ('308','10 o mas dias en irregular','	<rule values="[1000]" ruleid="132" operator="greaterThan" title="Deuda irregular de la persona (1 valor) mayor que 1000">Deuda irregular de la persona (1 valor) mayor que 1000	</rule> ',null,'CAJAMAR',sysdate,null,null,null,null,'0');
Insert into CM01.RULE_DEFINITION (RD_ID,RD_NAME,RD_DEFINITION,RD_NAME_LONG,USUARIOCREAR,FECHACREAR,USUARIOMODIFICAR,FECHAMODIFICAR,USUARIOBORRAR,FECHABORRAR,BORRADO) values ('307','Genérico','	<rule title="bloque 0" type="or">		<rule style="" values="[101]" ruleid="3" operator="equal" title="Tipo Persona FISICA">Tipo Persona FISICA		</rule>		<rule style="" values="[102]" ruleid="3" operator="equal" title="Tipo Persona JURIDICA">Tipo Persona JURIDICA		</rule>	</rule> ','Todos los clientes aprovisionados','CAJAMAR',sysdate,null,null,null,null,'0');
Insert into CM01.RULE_DEFINITION (RD_ID,RD_NAME,RD_DEFINITION,RD_NAME_LONG,USUARIOCREAR,FECHACREAR,USUARIOMODIFICAR,FECHAMODIFICAR,USUARIOBORRAR,FECHABORRAR,BORRADO) values ('306','Persona física Hipotecario','	<rule title="bloque 0" type="and">				<rule values="[101]" ruleid="3" operator="equal" title="Tipo Persona FISICA">Tipo Persona FISICA								</rule>				<rule values="[13]" ruleid="137" operator="greaterThan" title="Dias irregular del Contrato mayor que 13">Dias irregular del Contrato mayor que 13				</rule>				<rule values="[27]" ruleid="137" operator="lessThan" title="Dias irregular del Contrato menor que 27">Dias irregular del Contrato menor que 27		</rule>		</rule>','Personas físicas con contrato hipotecario y más de 600 euros de deuda irregular','CAJAMAR',sysdate,null,null,null,null,'0');
Insert into CM01.RULE_DEFINITION (RD_ID,RD_NAME,RD_DEFINITION,RD_NAME_LONG,USUARIOCREAR,FECHACREAR,USUARIOMODIFICAR,FECHAMODIFICAR,USUARIOBORRAR,FECHABORRAR,BORRADO) values ('305','Prueba 1','	<rule values="[12,16]" ruleid="201" operator="between" title="Dias irreguar del Contrato (2 Valores) Entre 12 y entre 16">Dias irreguar del Contrato (2 Valores) Entre 12 y entre 16	</rule> ',null,'CAJAMAR',sysdate,null,null,'CAJAMAR',sysdate,'1');


REM INSERTING into LIA_LISTA_ARQUETIPOS
SET DEFINE OFF;
Insert into CM01.LIA_LISTA_ARQUETIPOS (LIA_ID,ITI_ID,LIA_PRIORIDAD,LIA_NOMBRE,VERSION,USUARIOCREAR,FECHACREAR,USUARIOMODIFICAR,FECHAMODIFICAR,USUARIOBORRAR,FECHABORRAR,BORRADO,LIA_NIVEL,LIA_GESTION,LIA_PLAZO_DISPARO,DD_TSN_ID,RD_ID) values ('1',null,null,'Persona física Hipotecario','0','CAJAMAR',sysdate,null,null,null,null,'0','0','1','1','1','306');
Insert into CM01.LIA_LISTA_ARQUETIPOS (LIA_ID,ITI_ID,LIA_PRIORIDAD,LIA_NOMBRE,VERSION,USUARIOCREAR,FECHACREAR,USUARIOMODIFICAR,FECHAMODIFICAR,USUARIOBORRAR,FECHABORRAR,BORRADO,LIA_NIVEL,LIA_GESTION,LIA_PLAZO_DISPARO,DD_TSN_ID,RD_ID) values ('2',null,null,'Resto','0','CAJAMAR',sysdate,null,null,null,null,'0','0','0',null,null,'307');


REM INSERTING into MRA_REL_MODELO_ARQ
SET DEFINE OFF;
Insert into CM01.MRA_REL_MODELO_ARQ (MRA_ID,MOA_ID,LIA_ID,MRA_NIVEL,ITI_ID,MRA_PRIORIDAD,VERSION,USUARIOCREAR,FECHACREAR,USUARIOMODIFICAR,FECHAMODIFICAR,USUARIOBORRAR,FECHABORRAR,BORRADO,MRA_PLAZO_DISPARO) values ('21','21','2','0',null,'1','0','CAJAMAR',sysdate,null,null,null,null,'0',null);
Insert into CM01.MRA_REL_MODELO_ARQ (MRA_ID,MOA_ID,LIA_ID,MRA_NIVEL,ITI_ID,MRA_PRIORIDAD,VERSION,USUARIOCREAR,FECHACREAR,USUARIOMODIFICAR,FECHAMODIFICAR,USUARIOBORRAR,FECHABORRAR,BORRADO,MRA_PLAZO_DISPARO) values ('22','21','1','0',null,'2','0','CAJAMAR',sysdate,null,null,null,null,'0','1');
Insert into CM01.MRA_REL_MODELO_ARQ (MRA_ID,MOA_ID,LIA_ID,MRA_NIVEL,ITI_ID,MRA_PRIORIDAD,VERSION,USUARIOCREAR,FECHACREAR,USUARIOMODIFICAR,FECHAMODIFICAR,USUARIOBORRAR,FECHABORRAR,BORRADO,MRA_PLAZO_DISPARO) values ('1','1','1','0','128','1','1','CAJAMAR',sysdate,'CAJAMAR',sysdate,null,null,'0','1');
Insert into CM01.MRA_REL_MODELO_ARQ (MRA_ID,MOA_ID,LIA_ID,MRA_NIVEL,ITI_ID,MRA_PRIORIDAD,VERSION,USUARIOCREAR,FECHACREAR,USUARIOMODIFICAR,FECHAMODIFICAR,USUARIOBORRAR,FECHABORRAR,BORRADO,MRA_PLAZO_DISPARO) values ('2','1','2','0','102','2','0','CAJAMAR',sysdate,null,null,null,null,'0',null);


REM INSERTING into ARQ_ARQUETIPOS
SET DEFINE OFF;
Insert into CM01.ARQ_ARQUETIPOS (ARQ_ID,ITI_ID,ARQ_PRIORIDAD,ARQ_NOMBRE,VERSION,USUARIOCREAR,FECHACREAR,USUARIOMODIFICAR,FECHAMODIFICAR,USUARIOBORRAR,FECHABORRAR,BORRADO,ARQ_NIVEL,ARQ_GESTION,ARQ_PLAZO_DISPARO,DD_TSN_ID,RD_ID,MRA_ID,DTYPE) values ('202','128','1','Persona física Hipotecario','0','CAJAMAR',sysdate,null,null,null,null,'0','0','1','1','1','306','1','ARQArquetipo');
Insert into CM01.ARQ_ARQUETIPOS (ARQ_ID,ITI_ID,ARQ_PRIORIDAD,ARQ_NOMBRE,VERSION,USUARIOCREAR,FECHACREAR,USUARIOMODIFICAR,FECHAMODIFICAR,USUARIOBORRAR,FECHABORRAR,BORRADO,ARQ_NIVEL,ARQ_GESTION,ARQ_PLAZO_DISPARO,DD_TSN_ID,RD_ID,MRA_ID,DTYPE) values ('203','102','2','Resto','0','CAJAMAR',sysdate,null,null,null,null,'0','0','0',null,null,'307','2','ARQArquetipo');


REM INSERTING into EST_ESTADOS
SET DEFINE OFF;
Insert into CM01.EST_ESTADOS (EST_ID,PEF_ID_GESTOR,PEF_ID_SUPERVISOR,TEL_ID,DCA_ID,ITI_ID,DD_EST_ID,EST_TELECOBRO,EST_PLAZO,EST_AUTOMATICO,VERSION,USUARIOCREAR,FECHACREAR,USUARIOMODIFICAR,FECHAMODIFICAR,USUARIOBORRAR,FECHABORRAR,BORRADO) values ('403',(select PEF_ID from cm01.pef_perfiles where pef_codigo = 'OFI_OFICINA'),(select PEF_ID from cm01.pef_perfiles where pef_codigo = 'OFI_OFICINA'),null,null,'148','1','0','864000000',null,'0','CAJAMAR',sysdate,null,null,null,null,'0');
Insert into CM01.EST_ESTADOS (EST_ID,PEF_ID_GESTOR,PEF_ID_SUPERVISOR,TEL_ID,DCA_ID,ITI_ID,DD_EST_ID,EST_TELECOBRO,EST_PLAZO,EST_AUTOMATICO,VERSION,USUARIOCREAR,FECHACREAR,USUARIOMODIFICAR,FECHAMODIFICAR,USUARIOBORRAR,FECHABORRAR,BORRADO) values ('404',(select PEF_ID from cm01.pef_perfiles where pef_codigo = 'OFI_OFICINA'),(select PEF_ID from cm01.pef_perfiles where pef_codigo = 'OFI_OFICINA'),null,null,'148','2','0','1296000000',null,'0','CAJAMAR',sysdate,null,null,null,null,'0');
Insert into CM01.EST_ESTADOS (EST_ID,PEF_ID_GESTOR,PEF_ID_SUPERVISOR,TEL_ID,DCA_ID,ITI_ID,DD_EST_ID,EST_TELECOBRO,EST_PLAZO,EST_AUTOMATICO,VERSION,USUARIOCREAR,FECHACREAR,USUARIOMODIFICAR,FECHAMODIFICAR,USUARIOBORRAR,FECHABORRAR,BORRADO) values ('405',(select PEF_ID from cm01.pef_perfiles where pef_codigo = 'OFI_OFICINA'),(select PEF_ID from cm01.pef_perfiles where pef_codigo = 'GES_RIESGOS'),null,null,'148','3','0','864000000',null,'0','CAJAMAR',sysdate,null,null,null,null,'0');
Insert into CM01.EST_ESTADOS (EST_ID,PEF_ID_GESTOR,PEF_ID_SUPERVISOR,TEL_ID,DCA_ID,ITI_ID,DD_EST_ID,EST_TELECOBRO,EST_PLAZO,EST_AUTOMATICO,VERSION,USUARIOCREAR,FECHACREAR,USUARIOMODIFICAR,FECHAMODIFICAR,USUARIOBORRAR,FECHABORRAR,BORRADO) values ('406',(select PEF_ID from cm01.pef_perfiles where pef_codigo = 'GES_RIESGOS'),(select PEF_ID from cm01.pef_perfiles where pef_codigo = 'DIR_RIESGOS'),null,null,'148','4','0','864000000',null,'0','CAJAMAR',sysdate,null,null,null,null,'0');
Insert into CM01.EST_ESTADOS (EST_ID,PEF_ID_GESTOR,PEF_ID_SUPERVISOR,TEL_ID,DCA_ID,ITI_ID,DD_EST_ID,EST_TELECOBRO,EST_PLAZO,EST_AUTOMATICO,VERSION,USUARIOCREAR,FECHACREAR,USUARIOMODIFICAR,FECHAMODIFICAR,USUARIOBORRAR,FECHABORRAR,BORRADO) values ('407',(select PEF_ID from cm01.pef_perfiles where pef_codigo = 'DIR_RIESGOS'),(select PEF_ID from cm01.pef_perfiles where pef_codigo = 'DIR_RIESGOS'),null,null,'148','5','0','6480000000',null,'0','CAJAMAR',sysdate,null,null,null,null,'0');
Insert into CM01.EST_ESTADOS (EST_ID,PEF_ID_GESTOR,PEF_ID_SUPERVISOR,TEL_ID,DCA_ID,ITI_ID,DD_EST_ID,EST_TELECOBRO,EST_PLAZO,EST_AUTOMATICO,VERSION,USUARIOCREAR,FECHACREAR,USUARIOMODIFICAR,FECHAMODIFICAR,USUARIOBORRAR,FECHABORRAR,BORRADO) values ('315',(select PEF_ID from cm01.pef_perfiles where pef_codigo = 'OFI_OFICINA'),(select PEF_ID from cm01.pef_perfiles where pef_codigo = 'OFI_OFICINA'),null,null,'128','1','0','864000000',null,'1','CAJAMAR',sysdate,'CAJAMAR',sysdate,null,null,'0');
Insert into CM01.EST_ESTADOS (EST_ID,PEF_ID_GESTOR,PEF_ID_SUPERVISOR,TEL_ID,DCA_ID,ITI_ID,DD_EST_ID,EST_TELECOBRO,EST_PLAZO,EST_AUTOMATICO,VERSION,USUARIOCREAR,FECHACREAR,USUARIOMODIFICAR,FECHAMODIFICAR,USUARIOBORRAR,FECHABORRAR,BORRADO) values ('316',(select PEF_ID from cm01.pef_perfiles where pef_codigo = 'OFI_OFICINA'),(select PEF_ID from cm01.pef_perfiles where pef_codigo = 'OFI_OFICINA'),null,null,'128','2','0','1296000000',null,'1','CAJAMAR',sysdate,'CAJAMAR',sysdate,null,null,'0');
Insert into CM01.EST_ESTADOS (EST_ID,PEF_ID_GESTOR,PEF_ID_SUPERVISOR,TEL_ID,DCA_ID,ITI_ID,DD_EST_ID,EST_TELECOBRO,EST_PLAZO,EST_AUTOMATICO,VERSION,USUARIOCREAR,FECHACREAR,USUARIOMODIFICAR,FECHAMODIFICAR,USUARIOBORRAR,FECHABORRAR,BORRADO) values ('317',(select PEF_ID from cm01.pef_perfiles where pef_codigo = 'OFI_OFICINA'),(select PEF_ID from cm01.pef_perfiles where pef_codigo = 'GES_RIESGOS'),null,null,'128','3','0','864000000','1','2','CAJAMAR',sysdate,'CAJAMAR',sysdate,null,null,'0');
Insert into CM01.EST_ESTADOS (EST_ID,PEF_ID_GESTOR,PEF_ID_SUPERVISOR,TEL_ID,DCA_ID,ITI_ID,DD_EST_ID,EST_TELECOBRO,EST_PLAZO,EST_AUTOMATICO,VERSION,USUARIOCREAR,FECHACREAR,USUARIOMODIFICAR,FECHAMODIFICAR,USUARIOBORRAR,FECHABORRAR,BORRADO) values ('318',(select PEF_ID from cm01.pef_perfiles where pef_codigo = 'GES_RIESGOS'),(select PEF_ID from cm01.pef_perfiles where pef_codigo = 'DIR_RIESGOS'),null,null,'128','4','0','864000000','0','3','CAJAMAR',sysdate,'CAJAMAR',sysdate,null,null,'0');
Insert into CM01.EST_ESTADOS (EST_ID,PEF_ID_GESTOR,PEF_ID_SUPERVISOR,TEL_ID,DCA_ID,ITI_ID,DD_EST_ID,EST_TELECOBRO,EST_PLAZO,EST_AUTOMATICO,VERSION,USUARIOCREAR,FECHACREAR,USUARIOMODIFICAR,FECHAMODIFICAR,USUARIOBORRAR,FECHABORRAR,BORRADO) values ('319',(select PEF_ID from cm01.pef_perfiles where pef_codigo = 'DIR_RIESGOS'),(select PEF_ID from cm01.pef_perfiles where pef_codigo = 'DIR_RIESGOS'),null,null,'128','5','0','6480000000',null,'1','CAJAMAR',sysdate,'CAJAMAR',sysdate,null,null,'0');
Insert into CM01.EST_ESTADOS (EST_ID,PEF_ID_GESTOR,PEF_ID_SUPERVISOR,TEL_ID,DCA_ID,ITI_ID,DD_EST_ID,EST_TELECOBRO,EST_PLAZO,EST_AUTOMATICO,VERSION,USUARIOCREAR,FECHACREAR,USUARIOMODIFICAR,FECHAMODIFICAR,USUARIOBORRAR,FECHABORRAR,BORRADO) values ('310',(select PEF_ID from cm01.pef_perfiles where pef_codigo = 'OFI_OFICINA'),(select PEF_ID from cm01.pef_perfiles where pef_codigo = 'OFI_OFICINA'),null,null,'102','1','0','86400000','0','2','DD',sysdate,'CAJAMAR',sysdate,null,null,'0');
Insert into CM01.EST_ESTADOS (EST_ID,PEF_ID_GESTOR,PEF_ID_SUPERVISOR,TEL_ID,DCA_ID,ITI_ID,DD_EST_ID,EST_TELECOBRO,EST_PLAZO,EST_AUTOMATICO,VERSION,USUARIOCREAR,FECHACREAR,USUARIOMODIFICAR,FECHAMODIFICAR,USUARIOBORRAR,FECHABORRAR,BORRADO) values ('311',(select PEF_ID from cm01.pef_perfiles where pef_codigo = 'OFI_OFICINA'),(select PEF_ID from cm01.pef_perfiles where pef_codigo = 'OFI_OFICINA'),null,null,'102','2','0','86400000','0','2','DD',sysdate,'CAJAMAR',sysdate,null,null,'0');
Insert into CM01.EST_ESTADOS (EST_ID,PEF_ID_GESTOR,PEF_ID_SUPERVISOR,TEL_ID,DCA_ID,ITI_ID,DD_EST_ID,EST_TELECOBRO,EST_PLAZO,EST_AUTOMATICO,VERSION,USUARIOCREAR,FECHACREAR,USUARIOMODIFICAR,FECHAMODIFICAR,USUARIOBORRAR,FECHABORRAR,BORRADO) values ('312',(select PEF_ID from cm01.pef_perfiles where pef_codigo = 'OFI_OFICINA'),(select PEF_ID from cm01.pef_perfiles where pef_codigo = 'GES_RIESGOS'),null,null,'102','3','0','1296000000','0','2','DD',sysdate,'CAJAMAR',sysdate,null,null,'0');
Insert into CM01.EST_ESTADOS (EST_ID,PEF_ID_GESTOR,PEF_ID_SUPERVISOR,TEL_ID,DCA_ID,ITI_ID,DD_EST_ID,EST_TELECOBRO,EST_PLAZO,EST_AUTOMATICO,VERSION,USUARIOCREAR,FECHACREAR,USUARIOMODIFICAR,FECHAMODIFICAR,USUARIOBORRAR,FECHABORRAR,BORRADO) values ('313',(select PEF_ID from cm01.pef_perfiles where pef_codigo = 'GES_RIESGOS'),(select PEF_ID from cm01.pef_perfiles where pef_codigo = 'DIR_RIESGOS'),null,null,'102','4','0','1296000000','0','2','DD',sysdate,'CAJAMAR',sysdate,null,null,'0');
Insert into CM01.EST_ESTADOS (EST_ID,PEF_ID_GESTOR,PEF_ID_SUPERVISOR,TEL_ID,DCA_ID,ITI_ID,DD_EST_ID,EST_TELECOBRO,EST_PLAZO,EST_AUTOMATICO,VERSION,USUARIOCREAR,FECHACREAR,USUARIOMODIFICAR,FECHAMODIFICAR,USUARIOBORRAR,FECHABORRAR,BORRADO) values ('314',(select PEF_ID from cm01.pef_perfiles where pef_codigo = 'DIR_RIESGOS'),(select PEF_ID from cm01.pef_perfiles where pef_codigo = 'DIR_RIESGOS'),null,null,'102','5','0','1296000000','0','2','DD',sysdate,'CAJAMAR',sysdate,null,null,'0');

/*Incluimos los titulares*/
update cm01.dd_tin_tipo_intervencion set dd_tin_titular = 1 where dd_tin_codigo = '01' or dd_tin_codigo = '02';



COMMIT;
