INSERT INTO cnt_contratos (CNT_ID,DD_TPE_ID,OFI_ID,ZON_ID,DD_MON_ID,DD_TPR_ID,CNT_FECHA_EXTRACCION,CNT_COD_ENTIDAD,CNT_COD_OFICINA,CNT_COD_CENTRO,CNT_CONTRATO,DD_EFC_ID,CNT_FECHA_EFC,DD_ESC_ID,CNT_FECHA_ESC,CNT_FECHA_CREACION,CNT_FECHA_CARGA,CNT_FICHERO_CARGA,USUARIOCREAR,FECHACREAR)
values (10000,1,1,1,1,6,SYSDATE,1001,1,666666,10000,1,SYSDATE,null,SYSDATE,null,SYSDATE,'fichero','BATCH_USER',SYSDATE);
INSERT INTO cnt_contratos (CNT_ID,DD_TPE_ID,OFI_ID,ZON_ID,DD_MON_ID,DD_TPR_ID,CNT_FECHA_EXTRACCION,CNT_COD_ENTIDAD,CNT_COD_OFICINA,CNT_COD_CENTRO,CNT_CONTRATO,DD_EFC_ID,CNT_FECHA_EFC,DD_ESC_ID,CNT_FECHA_ESC,CNT_FECHA_CREACION,CNT_FECHA_CARGA,CNT_FICHERO_CARGA,USUARIOCREAR,FECHACREAR)
values (20000,1,1,1,1,6,SYSDATE,1001,1,666666,20000,1,SYSDATE,null,SYSDATE,null,SYSDATE,'fichero','BATCH_USER',SYSDATE);
INSERT INTO cnt_contratos (CNT_ID,DD_TPE_ID,OFI_ID,ZON_ID,DD_MON_ID,DD_TPR_ID,CNT_FECHA_EXTRACCION,CNT_COD_ENTIDAD,CNT_COD_OFICINA,CNT_COD_CENTRO,CNT_CONTRATO,DD_EFC_ID,CNT_FECHA_EFC,DD_ESC_ID,CNT_FECHA_ESC,CNT_FECHA_CREACION,CNT_FECHA_CARGA,CNT_FICHERO_CARGA,USUARIOCREAR,FECHACREAR)
values (30000,1,1,1,1,6,SYSDATE,1001,1,666666,30000,1,SYSDATE,null,SYSDATE,null,SYSDATE,'fichero','BATCH_USER',SYSDATE);
INSERT INTO cnt_contratos (CNT_ID,DD_TPE_ID,OFI_ID,ZON_ID,DD_MON_ID,DD_TPR_ID,CNT_FECHA_EXTRACCION,CNT_COD_ENTIDAD,CNT_COD_OFICINA,CNT_COD_CENTRO,CNT_CONTRATO,DD_EFC_ID,CNT_FECHA_EFC,DD_ESC_ID,CNT_FECHA_ESC,CNT_FECHA_CREACION,CNT_FECHA_CARGA,CNT_FICHERO_CARGA,USUARIOCREAR,FECHACREAR)
values (40000,1,1,1,1,6,SYSDATE,1001,1,666666,40000,1,SYSDATE,null,SYSDATE,null,SYSDATE,'fichero','BATCH_USER',SYSDATE);
INSERT INTO cnt_contratos (CNT_ID,DD_TPE_ID,OFI_ID,ZON_ID,DD_MON_ID,DD_TPR_ID,CNT_FECHA_EXTRACCION,CNT_COD_ENTIDAD,CNT_COD_OFICINA,CNT_COD_CENTRO,CNT_CONTRATO,DD_EFC_ID,CNT_FECHA_EFC,DD_ESC_ID,CNT_FECHA_ESC,CNT_FECHA_CREACION,CNT_FECHA_CARGA,CNT_FICHERO_CARGA,USUARIOCREAR,FECHACREAR)
values (50000,1,1,1,1,6,SYSDATE,1001,1,666666,50000,1,SYSDATE,null,SYSDATE,null,SYSDATE,'fichero','BATCH_USER',SYSDATE);
INSERT INTO cnt_contratos (CNT_ID,DD_TPE_ID,OFI_ID,ZON_ID,DD_MON_ID,DD_TPR_ID,CNT_FECHA_EXTRACCION,CNT_COD_ENTIDAD,CNT_COD_OFICINA,CNT_COD_CENTRO,CNT_CONTRATO,DD_EFC_ID,CNT_FECHA_EFC,DD_ESC_ID,CNT_FECHA_ESC,CNT_FECHA_CREACION,CNT_FECHA_CARGA,CNT_FICHERO_CARGA,USUARIOCREAR,FECHACREAR)
values (60000,4,1,1,1,17,SYSDATE,1001,1,666666,60000,1,SYSDATE,null,SYSDATE,null,SYSDATE,'fichero','BATCH_USER',SYSDATE);
INSERT INTO cnt_contratos (CNT_ID,DD_TPE_ID,OFI_ID,ZON_ID,DD_MON_ID,DD_TPR_ID,CNT_FECHA_EXTRACCION,CNT_COD_ENTIDAD,CNT_COD_OFICINA,CNT_COD_CENTRO,CNT_CONTRATO,DD_EFC_ID,CNT_FECHA_EFC,DD_ESC_ID,CNT_FECHA_ESC,CNT_FECHA_CREACION,CNT_FECHA_CARGA,CNT_FICHERO_CARGA,USUARIOCREAR,FECHACREAR)
values (70000,4,1,1,1,17,SYSDATE,1001,1,666666,70000,1,SYSDATE,null,SYSDATE,null,SYSDATE,'fichero','BATCH_USER',SYSDATE);

INSERT INTO mov_movimientos (MOV_ID, CNT_ID,MOV_POS_VIVA_NO_VENCIDA,MOV_POS_VIVA_VENCIDA,MOV_FECHA_POS_VENCIDA,MOV_SALDO_DUDOSO, MOV_PROVISION,MOV_INT_REMUNERATORIOS, MOV_INT_MORATORIOS,MOV_COMISIONES, MOV_GASTOS,MOV_FECHA_EXTRACCION, MOV_FECHA_CARGA,MOV_FICHERO_CARGA,USUARIOCREAR,FECHACREAR)
VALUES (40001,10000,10000,1000,SYSDATE-1,15,22,5,10,25,45,SYSDATE-1, SYSDATE,'FICHERO1','BATCH',SYSDATE);
INSERT INTO mov_movimientos (MOV_ID, CNT_ID,MOV_POS_VIVA_NO_VENCIDA,MOV_POS_VIVA_VENCIDA,MOV_FECHA_POS_VENCIDA,MOV_SALDO_DUDOSO, MOV_PROVISION,MOV_INT_REMUNERATORIOS, MOV_INT_MORATORIOS,MOV_COMISIONES, MOV_GASTOS,MOV_FECHA_EXTRACCION, MOV_FECHA_CARGA,MOV_FICHERO_CARGA,USUARIOCREAR,FECHACREAR)
VALUES (40002,10000,10000,1000,SYSDATE,15,22,5,10,25,45,SYSDATE, SYSDATE,'FICHERO1','BATCH',SYSDATE);
INSERT INTO mov_movimientos (MOV_ID, CNT_ID,MOV_POS_VIVA_NO_VENCIDA,MOV_POS_VIVA_VENCIDA,MOV_FECHA_POS_VENCIDA,MOV_SALDO_DUDOSO, MOV_PROVISION,MOV_INT_REMUNERATORIOS, MOV_INT_MORATORIOS,MOV_COMISIONES, MOV_GASTOS,MOV_FECHA_EXTRACCION, MOV_FECHA_CARGA,MOV_FICHERO_CARGA,USUARIOCREAR,FECHACREAR)
VALUES (40003,20000,10000,1000,SYSDATE-1,15,22,5,10,25,45,SYSDATE-1, SYSDATE,'FICHERO1','BATCH',SYSDATE);
INSERT INTO mov_movimientos (MOV_ID, CNT_ID,MOV_POS_VIVA_NO_VENCIDA,MOV_POS_VIVA_VENCIDA,MOV_FECHA_POS_VENCIDA,MOV_SALDO_DUDOSO, MOV_PROVISION,MOV_INT_REMUNERATORIOS, MOV_INT_MORATORIOS,MOV_COMISIONES, MOV_GASTOS,MOV_FECHA_EXTRACCION, MOV_FECHA_CARGA,MOV_FICHERO_CARGA,USUARIOCREAR,FECHACREAR)
VALUES (40004,20000,10000,1000,SYSDATE,15,22,5,10,25,45,SYSDATE, SYSDATE,'FICHERO1','BATCH',SYSDATE);
INSERT INTO mov_movimientos (MOV_ID, CNT_ID,MOV_POS_VIVA_NO_VENCIDA,MOV_POS_VIVA_VENCIDA,MOV_FECHA_POS_VENCIDA,MOV_SALDO_DUDOSO, MOV_PROVISION,MOV_INT_REMUNERATORIOS, MOV_INT_MORATORIOS,MOV_COMISIONES, MOV_GASTOS,MOV_FECHA_EXTRACCION, MOV_FECHA_CARGA,MOV_FICHERO_CARGA,USUARIOCREAR,FECHACREAR)
VALUES (40005,30000,10000,1000,SYSDATE-1,15,22,5,10,25,45,SYSDATE-1, SYSDATE,'FICHERO1','BATCH',SYSDATE);
INSERT INTO mov_movimientos (MOV_ID, CNT_ID,MOV_POS_VIVA_NO_VENCIDA,MOV_POS_VIVA_VENCIDA,MOV_FECHA_POS_VENCIDA,MOV_SALDO_DUDOSO, MOV_PROVISION,MOV_INT_REMUNERATORIOS, MOV_INT_MORATORIOS,MOV_COMISIONES, MOV_GASTOS,MOV_FECHA_EXTRACCION, MOV_FECHA_CARGA,MOV_FICHERO_CARGA,USUARIOCREAR,FECHACREAR)
VALUES (40006,30000,10000,1000,SYSDATE,15,22,5,10,25,45,SYSDATE, SYSDATE,'FICHERO1','BATCH',SYSDATE);
INSERT INTO mov_movimientos (MOV_ID, CNT_ID,MOV_POS_VIVA_NO_VENCIDA,MOV_POS_VIVA_VENCIDA,MOV_FECHA_POS_VENCIDA,MOV_SALDO_DUDOSO, MOV_PROVISION,MOV_INT_REMUNERATORIOS, MOV_INT_MORATORIOS,MOV_COMISIONES, MOV_GASTOS,MOV_FECHA_EXTRACCION, MOV_FECHA_CARGA,MOV_FICHERO_CARGA,USUARIOCREAR,FECHACREAR)
VALUES (40007,40000,10000,1000,SYSDATE-1,15,22,5,10,25,45,SYSDATE-1, SYSDATE,'FICHERO1','BATCH',SYSDATE);
INSERT INTO mov_movimientos (MOV_ID, CNT_ID,MOV_POS_VIVA_NO_VENCIDA,MOV_POS_VIVA_VENCIDA,MOV_FECHA_POS_VENCIDA,MOV_SALDO_DUDOSO, MOV_PROVISION,MOV_INT_REMUNERATORIOS, MOV_INT_MORATORIOS,MOV_COMISIONES, MOV_GASTOS,MOV_FECHA_EXTRACCION, MOV_FECHA_CARGA,MOV_FICHERO_CARGA,USUARIOCREAR,FECHACREAR)
VALUES (40008,40000,10000,1000,SYSDATE,15,22,5,10,25,45,SYSDATE, SYSDATE,'FICHERO1','BATCH',SYSDATE);
INSERT INTO mov_movimientos (MOV_ID, CNT_ID,MOV_POS_VIVA_NO_VENCIDA,MOV_POS_VIVA_VENCIDA,MOV_FECHA_POS_VENCIDA,MOV_SALDO_DUDOSO, MOV_PROVISION,MOV_INT_REMUNERATORIOS, MOV_INT_MORATORIOS,MOV_COMISIONES, MOV_GASTOS,MOV_FECHA_EXTRACCION, MOV_FECHA_CARGA,MOV_FICHERO_CARGA,USUARIOCREAR,FECHACREAR)
VALUES (40009,50000,10000,1000,SYSDATE-1,15,22,5,10,25,45,SYSDATE-1, SYSDATE,'FICHERO1','BATCH',SYSDATE);
INSERT INTO mov_movimientos (MOV_ID, CNT_ID,MOV_POS_VIVA_NO_VENCIDA,MOV_POS_VIVA_VENCIDA,MOV_FECHA_POS_VENCIDA,MOV_SALDO_DUDOSO, MOV_PROVISION,MOV_INT_REMUNERATORIOS, MOV_INT_MORATORIOS,MOV_COMISIONES, MOV_GASTOS,MOV_FECHA_EXTRACCION, MOV_FECHA_CARGA,MOV_FICHERO_CARGA,USUARIOCREAR,FECHACREAR)
VALUES (40010,50000,10000,1000,SYSDATE,15,22,5,10,25,45,SYSDATE, SYSDATE,'FICHERO1','BATCH',SYSDATE);
INSERT INTO mov_movimientos (MOV_ID, CNT_ID,MOV_POS_VIVA_NO_VENCIDA,MOV_POS_VIVA_VENCIDA,MOV_FECHA_POS_VENCIDA,MOV_SALDO_DUDOSO, MOV_PROVISION,MOV_INT_REMUNERATORIOS, MOV_INT_MORATORIOS,MOV_COMISIONES, MOV_GASTOS,MOV_FECHA_EXTRACCION, MOV_FECHA_CARGA,MOV_FICHERO_CARGA,USUARIOCREAR,FECHACREAR)
VALUES (40011,60000,-10000,-1000,SYSDATE-1,15,22,5,10,25,45,SYSDATE-1, SYSDATE,'FICHERO1','BATCH',SYSDATE);
INSERT INTO mov_movimientos (MOV_ID, CNT_ID,MOV_POS_VIVA_NO_VENCIDA,MOV_POS_VIVA_VENCIDA,MOV_FECHA_POS_VENCIDA,MOV_SALDO_DUDOSO, MOV_PROVISION,MOV_INT_REMUNERATORIOS, MOV_INT_MORATORIOS,MOV_COMISIONES, MOV_GASTOS,MOV_FECHA_EXTRACCION, MOV_FECHA_CARGA,MOV_FICHERO_CARGA,USUARIOCREAR,FECHACREAR)
VALUES (40012,60000,-10000,-1000,SYSDATE,15,22,5,10,25,45,SYSDATE, SYSDATE,'FICHERO1','BATCH',SYSDATE);
INSERT INTO mov_movimientos (MOV_ID, CNT_ID,MOV_POS_VIVA_NO_VENCIDA,MOV_POS_VIVA_VENCIDA,MOV_FECHA_POS_VENCIDA,MOV_SALDO_DUDOSO, MOV_PROVISION,MOV_INT_REMUNERATORIOS, MOV_INT_MORATORIOS,MOV_COMISIONES, MOV_GASTOS,MOV_FECHA_EXTRACCION, MOV_FECHA_CARGA,MOV_FICHERO_CARGA,USUARIOCREAR,FECHACREAR)
VALUES (40013,70000,-10000,0,SYSDATE-1,15,22,5,10,25,45,SYSDATE-1, SYSDATE,'FICHERO1','BATCH',SYSDATE);
INSERT INTO mov_movimientos (MOV_ID, CNT_ID,MOV_POS_VIVA_NO_VENCIDA,MOV_POS_VIVA_VENCIDA,MOV_FECHA_POS_VENCIDA,MOV_SALDO_DUDOSO, MOV_PROVISION,MOV_INT_REMUNERATORIOS, MOV_INT_MORATORIOS,MOV_COMISIONES, MOV_GASTOS,MOV_FECHA_EXTRACCION, MOV_FECHA_CARGA,MOV_FICHERO_CARGA,USUARIOCREAR,FECHACREAR)
VALUES (40014,70000,-10000,100,SYSDATE,15,22,5,10,25,45,SYSDATE, SYSDATE,'FICHERO1','BATCH',SYSDATE);

INSERT INTO per_personas (PER_ID,DD_SCL_ID,DD_TDI_ID,DD_TPE_ID,DD_SCE_ID,PER_FECHA_EXTRACCION,PER_COD_ENTIDAD,PER_COD_CLIENTE_ENTIDAD,PER_DOC_ID,PER_NOMBRE,PER_APELLIDO1,PER_APELLIDO2,PER_FECHA_CREACION,PER_ECV,PER_NOM50,PER_TELEFONO_1,PER_TELEFONO_2,PER_MOVIL_1,PER_MOVIL_2,PER_EMAIL,PER_FECHA_CARGA,PER_FICHERO_CARGA,PER_SOLV_OBSERVACIONES,PER_SOLV_FECHA_VERIF,VERSION,USUARIOCREAR,FECHACREAR) 
values (10000,1,1,1,1,SYSDATE,1,10000,'8614209','Juan','Quiroga','Gomez',null,null,'Juan',96854230,96854231,678352488,678352489,'juan.quiroga@gmail.com',SYSDATE,'FICHERO_1',null,null,1,'BATCH_USER',SYSDATE);
INSERT INTO per_personas (PER_ID,DD_SCL_ID,DD_TDI_ID,DD_TPE_ID,DD_SCE_ID,PER_FECHA_EXTRACCION,PER_COD_ENTIDAD,PER_COD_CLIENTE_ENTIDAD,PER_DOC_ID,PER_NOMBRE,PER_APELLIDO1,PER_APELLIDO2,PER_FECHA_CREACION,PER_ECV,PER_NOM50,PER_TELEFONO_1,PER_TELEFONO_2,PER_MOVIL_1,PER_MOVIL_2,PER_EMAIL,PER_FECHA_CARGA,PER_FICHERO_CARGA,PER_SOLV_OBSERVACIONES,PER_SOLV_FECHA_VERIF,VERSION,USUARIOCREAR,FECHACREAR) 
values (20000,1,1,1,1,SYSDATE,1,20000,'8614209','Gonzalo','Quiroga','Gomez',null,null,'Gonzalo',96854230,96854231,678352488,678352489,'gonzalo.quiroga@gmail.com',SYSDATE,'FICHERO_1',null,null,1,'BATCH_USER',SYSDATE);
INSERT INTO per_personas (PER_ID,DD_SCL_ID,DD_TDI_ID,DD_TPE_ID,DD_SCE_ID,PER_FECHA_EXTRACCION,PER_COD_ENTIDAD,PER_COD_CLIENTE_ENTIDAD,PER_DOC_ID,PER_NOMBRE,PER_APELLIDO1,PER_APELLIDO2,PER_FECHA_CREACION,PER_ECV,PER_NOM50,PER_TELEFONO_1,PER_TELEFONO_2,PER_MOVIL_1,PER_MOVIL_2,PER_EMAIL,PER_FECHA_CARGA,PER_FICHERO_CARGA,PER_SOLV_OBSERVACIONES,PER_SOLV_FECHA_VERIF,VERSION,USUARIOCREAR,FECHACREAR)
values (30000,1,1,1,1,SYSDATE,1,30000,'8614209','Pedro','Quiroga','Gomez',null,null,'Pedro',96854230,96854231,678352488,678352489,'pedro.quiroga@gmail.com',SYSDATE,'FICHERO_1',null,null,1,'BATCH_USER',SYSDATE);
INSERT INTO per_personas (PER_ID,DD_SCL_ID,DD_TDI_ID,DD_TPE_ID,DD_SCE_ID,PER_FECHA_EXTRACCION,PER_COD_ENTIDAD,PER_COD_CLIENTE_ENTIDAD,PER_DOC_ID,PER_NOMBRE,PER_APELLIDO1,PER_APELLIDO2,PER_FECHA_CREACION,PER_ECV,PER_NOM50,PER_TELEFONO_1,PER_TELEFONO_2,PER_MOVIL_1,PER_MOVIL_2,PER_EMAIL,PER_FECHA_CARGA,PER_FICHERO_CARGA,PER_SOLV_OBSERVACIONES,PER_SOLV_FECHA_VERIF,VERSION,USUARIOCREAR,FECHACREAR)
values (40000,1,1,1,1,SYSDATE,1,40000,'8614209','Elena','Quiroga','Gomez',null,null,'Elena',96854230,96854231,678352488,678352489,'elena.quiroga@gmail.com',SYSDATE,'FICHERO_1',null,null,1,'BATCH_USER',SYSDATE);
INSERT INTO per_personas (PER_ID,DD_SCL_ID,DD_TDI_ID,DD_TPE_ID,DD_SCE_ID,PER_FECHA_EXTRACCION,PER_COD_ENTIDAD,PER_COD_CLIENTE_ENTIDAD,PER_DOC_ID,PER_NOMBRE,PER_APELLIDO1,PER_APELLIDO2,PER_FECHA_CREACION,PER_ECV,PER_NOM50,PER_TELEFONO_1,PER_TELEFONO_2,PER_MOVIL_1,PER_MOVIL_2,PER_EMAIL,PER_FECHA_CARGA,PER_FICHERO_CARGA,PER_SOLV_OBSERVACIONES,PER_SOLV_FECHA_VERIF,VERSION,USUARIOCREAR,FECHACREAR)
values (50000,1,1,1,1,SYSDATE,1,50000,'8614209','Luis','Quiroga','Gomez',null,null,'Luis',96854230,96854231,678352488,678352489,'luis.quiroga@gmail.com',SYSDATE,'FICHERO_1',null,null,1,'BATCH_USER',SYSDATE);
INSERT INTO per_personas (PER_ID,DD_SCL_ID,DD_TDI_ID,DD_TPE_ID,DD_SCE_ID,PER_FECHA_EXTRACCION,PER_COD_ENTIDAD,PER_COD_CLIENTE_ENTIDAD,PER_DOC_ID,PER_NOMBRE,PER_APELLIDO1,PER_APELLIDO2,PER_FECHA_CREACION,PER_ECV,PER_NOM50,PER_TELEFONO_1,PER_TELEFONO_2,PER_MOVIL_1,PER_MOVIL_2,PER_EMAIL,PER_FECHA_CARGA,PER_FICHERO_CARGA,PER_SOLV_OBSERVACIONES,PER_SOLV_FECHA_VERIF,VERSION,USUARIOCREAR,FECHACREAR)
values (60000,1,1,1,1,SYSDATE,1,60000,'8614209','Inmaculada','Quiroga','Gomez',null,null,'Inmaculada',96854230,96854231,678352488,678352489,'inmaculada.quiroga@gmail.com',SYSDATE,'FICHERO_1',null,null,1,'BATCH_USER',SYSDATE);
INSERT INTO per_personas (PER_ID,DD_SCL_ID,DD_TDI_ID,DD_TPE_ID,DD_SCE_ID,PER_FECHA_EXTRACCION,PER_COD_ENTIDAD,PER_COD_CLIENTE_ENTIDAD,PER_DOC_ID,PER_NOMBRE,PER_APELLIDO1,PER_APELLIDO2,PER_FECHA_CREACION,PER_ECV,PER_NOM50,PER_TELEFONO_1,PER_TELEFONO_2,PER_MOVIL_1,PER_MOVIL_2,PER_EMAIL,PER_FECHA_CARGA,PER_FICHERO_CARGA,PER_SOLV_OBSERVACIONES,PER_SOLV_FECHA_VERIF,VERSION,USUARIOCREAR,FECHACREAR)
values (70000,1,1,1,1,SYSDATE,1,70000,'8614209','Rocío','Quiroga','Gomez',null,null,'Rocío',96854230,96854231,678352488,678352489,'rocio.quiroga@gmail.com',SYSDATE,'FICHERO_1',null,null,1,'BATCH_USER',SYSDATE);
INSERT INTO per_personas (PER_ID,DD_SCL_ID,DD_TDI_ID,DD_TPE_ID,DD_SCE_ID,PER_FECHA_EXTRACCION,PER_COD_ENTIDAD,PER_COD_CLIENTE_ENTIDAD,PER_DOC_ID,PER_NOMBRE,PER_APELLIDO1,PER_APELLIDO2,PER_FECHA_CREACION,PER_ECV,PER_NOM50,PER_TELEFONO_1,PER_TELEFONO_2,PER_MOVIL_1,PER_MOVIL_2,PER_EMAIL,PER_FECHA_CARGA,PER_FICHERO_CARGA,PER_SOLV_OBSERVACIONES,PER_SOLV_FECHA_VERIF,VERSION,USUARIOCREAR,FECHACREAR)
values (80000,1,1,1,1,SYSDATE,1,80000,'8614209','Antonio','Quiroga','Gomez',null,null,'Antonio',96854230,96854231,678352488,678352489,'antonio.quiroga@gmail.com',SYSDATE,'FICHERO_1',null,null,1,'BATCH_USER',SYSDATE);
INSERT INTO per_personas (PER_ID,DD_SCL_ID,DD_TDI_ID,DD_TPE_ID,DD_SCE_ID,PER_FECHA_EXTRACCION,PER_COD_ENTIDAD,PER_COD_CLIENTE_ENTIDAD,PER_DOC_ID,PER_NOMBRE,PER_APELLIDO1,PER_APELLIDO2,PER_FECHA_CREACION,PER_ECV,PER_NOM50,PER_TELEFONO_1,PER_TELEFONO_2,PER_MOVIL_1,PER_MOVIL_2,PER_EMAIL,PER_FECHA_CARGA,PER_FICHERO_CARGA,PER_SOLV_OBSERVACIONES,PER_SOLV_FECHA_VERIF,VERSION,USUARIOCREAR,FECHACREAR) 
values (90000,1,1,1,1,SYSDATE,1,90000,'8614209','Ana','Quiroga','Gomez',null,null,'Ana',96854230,96854231,678352488,678352489,'ana.quiroga@gmail.com',SYSDATE,'FICHERO_1',null,null,1,'BATCH_USER',SYSDATE);

INSERT INTO cpe_contratos_personas (CPE_ID,PER_ID,CNT_ID,DD_TIN_ID,CPE_ORDEN,CPE_TIPO_INTERV_ORIGINAL,USUARIOCREAR,FECHACREAR)
values (10000,10000,10000,1,1,'TIT','BATCH_USER',SYSDATE);
INSERT INTO cpe_contratos_personas (CPE_ID,PER_ID,CNT_ID,DD_TIN_ID,CPE_ORDEN,CPE_TIPO_INTERV_ORIGINAL,USUARIOCREAR,FECHACREAR)
values (20000,20000,10000,1,1,'TIT','BATCH_USER',SYSDATE);
INSERT INTO cpe_contratos_personas (CPE_ID,PER_ID,CNT_ID,DD_TIN_ID,CPE_ORDEN,CPE_TIPO_INTERV_ORIGINAL,USUARIOCREAR,FECHACREAR)
values (30000,30000,10000,1,1,'TIT','BATCH_USER',SYSDATE);
INSERT INTO cpe_contratos_personas (CPE_ID,PER_ID,CNT_ID,DD_TIN_ID,CPE_ORDEN,CPE_TIPO_INTERV_ORIGINAL,USUARIOCREAR,FECHACREAR)
values (40000,40000,10000,1,1,'TIT','BATCH_USER',SYSDATE);
INSERT INTO cpe_contratos_personas (CPE_ID,PER_ID,CNT_ID,DD_TIN_ID,CPE_ORDEN,CPE_TIPO_INTERV_ORIGINAL,USUARIOCREAR,FECHACREAR)
values (50000,50000,10000,1,1,'TIT','BATCH_USER',SYSDATE);
INSERT INTO cpe_contratos_personas (CPE_ID,PER_ID,CNT_ID,DD_TIN_ID,CPE_ORDEN,CPE_TIPO_INTERV_ORIGINAL,USUARIOCREAR,FECHACREAR)
values (60000,20000,20000,1,1,'TIT','BATCH_USER',SYSDATE);
INSERT INTO cpe_contratos_personas (CPE_ID,PER_ID,CNT_ID,DD_TIN_ID,CPE_ORDEN,CPE_TIPO_INTERV_ORIGINAL,USUARIOCREAR,FECHACREAR)
values (70000,60000,20000,1,1,'TIT','BATCH_USER',SYSDATE);
INSERT INTO cpe_contratos_personas (CPE_ID,PER_ID,CNT_ID,DD_TIN_ID,CPE_ORDEN,CPE_TIPO_INTERV_ORIGINAL,USUARIOCREAR,FECHACREAR)
values (80000,40000,30000,1,1,'TIT','BATCH_USER',SYSDATE);
INSERT INTO cpe_contratos_personas (CPE_ID,PER_ID,CNT_ID,DD_TIN_ID,CPE_ORDEN,CPE_TIPO_INTERV_ORIGINAL,USUARIOCREAR,FECHACREAR)
values (90000,70000,30000,1,1,'TIT','BATCH_USER',SYSDATE);
INSERT INTO cpe_contratos_personas (CPE_ID,PER_ID,CNT_ID,DD_TIN_ID,CPE_ORDEN,CPE_TIPO_INTERV_ORIGINAL,USUARIOCREAR,FECHACREAR)
values (100000,60000,40000,1,1,'TIT','BATCH_USER',SYSDATE);
INSERT INTO cpe_contratos_personas (CPE_ID,PER_ID,CNT_ID,DD_TIN_ID,CPE_ORDEN,CPE_TIPO_INTERV_ORIGINAL,USUARIOCREAR,FECHACREAR)
values (110000,80000,40000,1,1,'TIT','BATCH_USER',SYSDATE);
INSERT INTO cpe_contratos_personas (CPE_ID,PER_ID,CNT_ID,DD_TIN_ID,CPE_ORDEN,CPE_TIPO_INTERV_ORIGINAL,USUARIOCREAR,FECHACREAR)
values (120000,80000,50000,1,1,'TIT','BATCH_USER',SYSDATE);
INSERT INTO cpe_contratos_personas (CPE_ID,PER_ID,CNT_ID,DD_TIN_ID,CPE_ORDEN,CPE_TIPO_INTERV_ORIGINAL,USUARIOCREAR,FECHACREAR)
values (130000,90000,50000,1,1,'TIT','BATCH_USER',SYSDATE);
INSERT INTO cpe_contratos_personas (CPE_ID,PER_ID,CNT_ID,DD_TIN_ID,CPE_ORDEN,CPE_TIPO_INTERV_ORIGINAL,USUARIOCREAR,FECHACREAR)
values (140000,20000,60000,1,1,'TIT','BATCH_USER',SYSDATE);
INSERT INTO cpe_contratos_personas (CPE_ID,PER_ID,CNT_ID,DD_TIN_ID,CPE_ORDEN,CPE_TIPO_INTERV_ORIGINAL,USUARIOCREAR,FECHACREAR) 
values (150000,20000,70000,1,1,'TIT','BATCH_USER',SYSDATE);
