INSERT INTO per_personas (PER_ID,DD_SCL_ID,DD_TDI_ID,DD_TPE_ID,DD_SCE_ID,PER_FECHA_EXTRACCION,PER_COD_ENTIDAD,PER_COD_CLIENTE_ENTIDAD,PER_DOC_ID,PER_NOMBRE,PER_APELLIDO1,PER_APELLIDO2,PER_FECHA_CREACION,PER_ECV,PER_NOM50,PER_TELEFONO_1,PER_TELEFONO_2,PER_MOVIL_1,PER_MOVIL_2,PER_EMAIL,PER_FECHA_CARGA,PER_FICHERO_CARGA,PER_SOLV_OBSERVACIONES,PER_SOLV_FECHA_VERIF,VERSION,USUARIOCREAR,FECHACREAR) 
VALUES (20000,1,1,1,1,SYSDATE,1,20000,'8614209','Juan','Quiroga','Gomez',null,null,'Juan',96854230,96854231,678352488,678352489,'juan.quiroga@gmail.com',SYSDATE,'FICHERO_1',null,null,1,'BATCH_USER',SYSDATE);

INSERT INTO per_personas (PER_ID,DD_SCL_ID,DD_TDI_ID,DD_TPE_ID,DD_SCE_ID,PER_FECHA_EXTRACCION,PER_COD_ENTIDAD,PER_COD_CLIENTE_ENTIDAD,PER_DOC_ID,PER_NOMBRE,PER_APELLIDO1,PER_APELLIDO2,PER_FECHA_CREACION,PER_ECV,PER_NOM50,PER_TELEFONO_1,PER_TELEFONO_2,PER_MOVIL_1,PER_MOVIL_2,PER_EMAIL,PER_FECHA_CARGA,PER_FICHERO_CARGA,PER_SOLV_OBSERVACIONES,PER_SOLV_FECHA_VERIF,VERSION,USUARIOCREAR,FECHACREAR) 
VALUES (40000,1,1,1,1,SYSDATE,1,40000,'8614209','Juan','Quiroga','Gomez',null,null,'Juan',96854230,96854231,678352488,678352489,'juan.quiroga@gmail.com',SYSDATE,'FICHERO_1',null,null,1,'BATCH_USER',SYSDATE);

INSERT INTO cnt_contratos (CNT_ID,DD_TPE_ID,OFI_ID,ZON_ID,DD_MON_ID,DD_TPR_ID,CNT_FECHA_EXTRACCION,CNT_COD_ENTIDAD,CNT_COD_OFICINA,CNT_COD_CENTRO,CNT_CONTRATO,DD_EFC_ID,CNT_FECHA_EFC,DD_ESC_ID,CNT_FECHA_ESC,CNT_FECHA_CREACION,CNT_FECHA_CARGA,CNT_FICHERO_CARGA,USUARIOCREAR,FECHACREAR) 
VALUES (10000,1,2,1,1,6,SYSDATE,1001,1,666666,10000,1,SYSDATE,null,SYSDATE,null,to_date('2008-07-11','YYYY-MM-DD'),'fichero','BATCH_USER',SYSDATE);

INSERT INTO cnt_contratos (CNT_ID,DD_TPE_ID,OFI_ID,ZON_ID,DD_MON_ID,DD_TPR_ID,CNT_FECHA_EXTRACCION,CNT_COD_ENTIDAD,CNT_COD_OFICINA,CNT_COD_CENTRO,CNT_CONTRATO,DD_EFC_ID,CNT_FECHA_EFC,DD_ESC_ID,CNT_FECHA_ESC,CNT_FECHA_CREACION,CNT_FECHA_CARGA,CNT_FICHERO_CARGA,USUARIOCREAR,FECHACREAR) 
VALUES (20000,1,2,1,1,6,SYSDATE,1001,1,666666,20000,1,SYSDATE,null,SYSDATE,null,SYSDATE,'fichero','BATCH_USER',SYSDATE);

INSERT INTO cnt_contratos (CNT_ID,DD_TPE_ID,OFI_ID,ZON_ID,DD_MON_ID,DD_TPR_ID,CNT_FECHA_EXTRACCION,CNT_COD_ENTIDAD,CNT_COD_OFICINA,CNT_COD_CENTRO,CNT_CONTRATO,DD_EFC_ID,CNT_FECHA_EFC,DD_ESC_ID,CNT_FECHA_ESC,CNT_FECHA_CREACION,CNT_FECHA_CARGA,CNT_FICHERO_CARGA,USUARIOCREAR,FECHACREAR) 
VALUES (30000,1,2,1,1,6,SYSDATE,1001,1,666666,30000,1,SYSDATE,null,SYSDATE,null,SYSDATE,'fichero','BATCH_USER',SYSDATE);

INSERT INTO cnt_contratos (CNT_ID,DD_TPE_ID,OFI_ID,ZON_ID,DD_MON_ID,DD_TPR_ID,CNT_FECHA_EXTRACCION,CNT_COD_ENTIDAD,CNT_COD_OFICINA,CNT_COD_CENTRO,CNT_CONTRATO,DD_EFC_ID,CNT_FECHA_EFC,DD_ESC_ID,CNT_FECHA_ESC,CNT_FECHA_CREACION,CNT_FECHA_CARGA,CNT_FICHERO_CARGA,USUARIOCREAR,FECHACREAR) 
VALUES (70000,1,2,1,1,6,SYSDATE,1001,1,666666,70000,1,SYSDATE,null,SYSDATE,null,SYSDATE,'fichero','BATCH_USER',SYSDATE);

INSERT INTO cnt_contratos (CNT_ID,DD_TPE_ID,OFI_ID,ZON_ID,DD_MON_ID,DD_TPR_ID,CNT_FECHA_EXTRACCION,CNT_COD_ENTIDAD,CNT_COD_OFICINA,CNT_COD_CENTRO,CNT_CONTRATO,DD_EFC_ID,CNT_FECHA_EFC,DD_ESC_ID,CNT_FECHA_ESC,CNT_FECHA_CREACION,CNT_FECHA_CARGA,CNT_FICHERO_CARGA,USUARIOCREAR,FECHACREAR) 
VALUES (80000,1,2,1,1,6,SYSDATE,1001,1,666666,80000,1,SYSDATE,null,SYSDATE,null,SYSDATE,'fichero','BATCH_USER',SYSDATE);

INSERT INTO cnt_contratos (CNT_ID,DD_TPE_ID,OFI_ID,ZON_ID,DD_MON_ID,DD_TPR_ID,CNT_FECHA_EXTRACCION,CNT_COD_ENTIDAD,CNT_COD_OFICINA,CNT_COD_CENTRO,CNT_CONTRATO,DD_EFC_ID,CNT_FECHA_EFC,DD_ESC_ID,CNT_FECHA_ESC,CNT_FECHA_CREACION,CNT_FECHA_CARGA,CNT_FICHERO_CARGA,USUARIOCREAR,FECHACREAR) 
VALUES (90000,1,3,1,1,6,SYSDATE,1001,2,666666,90000,1,SYSDATE,null,SYSDATE,null,SYSDATE,'fichero','BATCH_USER',SYSDATE);

INSERT INTO cnt_contratos (CNT_ID,DD_TPE_ID,OFI_ID,ZON_ID,DD_MON_ID,DD_TPR_ID,CNT_FECHA_EXTRACCION,CNT_COD_ENTIDAD,CNT_COD_OFICINA,CNT_COD_CENTRO,CNT_CONTRATO,DD_EFC_ID,CNT_FECHA_EFC,DD_ESC_ID,CNT_FECHA_ESC,CNT_FECHA_CREACION,CNT_FECHA_CARGA,CNT_FICHERO_CARGA,USUARIOCREAR,FECHACREAR) 
VALUES (100000,1,3,1,1,6,SYSDATE,1001,2,666666,100000,1,SYSDATE,null,SYSDATE,null,SYSDATE,'fichero','BATCH_USER',SYSDATE);

INSERT INTO cnt_contratos (CNT_ID,DD_TPE_ID,OFI_ID,ZON_ID,DD_MON_ID,DD_TPR_ID,CNT_FECHA_EXTRACCION,CNT_COD_ENTIDAD,CNT_COD_OFICINA,CNT_COD_CENTRO,CNT_CONTRATO,DD_EFC_ID,CNT_FECHA_EFC,DD_ESC_ID,CNT_FECHA_ESC,CNT_FECHA_CREACION,CNT_FECHA_CARGA,CNT_FICHERO_CARGA,USUARIOCREAR,FECHACREAR) 
VALUES (110000,1,1,1,1,6,SYSDATE,1001,2,666666,110000,1,SYSDATE,null,SYSDATE,null,SYSDATE,'fichero','BATCH_USER',SYSDATE);

INSERT INTO cnt_contratos (CNT_ID,DD_TPE_ID,OFI_ID,ZON_ID,DD_MON_ID,DD_TPR_ID,CNT_FECHA_EXTRACCION,CNT_COD_ENTIDAD,CNT_COD_OFICINA,CNT_COD_CENTRO,CNT_CONTRATO,DD_EFC_ID,CNT_FECHA_EFC,DD_ESC_ID,CNT_FECHA_ESC,CNT_FECHA_CREACION,CNT_FECHA_CARGA,CNT_FICHERO_CARGA,USUARIOCREAR,FECHACREAR) 
VALUES (120000,1,1,1,1,6,SYSDATE,1001,2,666666,120000,1,SYSDATE,null,SYSDATE,null,SYSDATE,'fichero','BATCH_USER',SYSDATE);

INSERT INTO cpe_contratos_personas (CPE_ID,PER_ID,CNT_ID,DD_TIN_ID,CPE_ORDEN,CPE_TIPO_INTERV_ORIGINAL,USUARIOCREAR,FECHACREAR) 
VALUES (15000,20000,70000,1,1,'TIT','BATCH_USER',SYSDATE);

INSERT INTO cpe_contratos_personas (CPE_ID,PER_ID,CNT_ID,DD_TIN_ID,CPE_ORDEN,CPE_TIPO_INTERV_ORIGINAL,USUARIOCREAR,FECHACREAR) 
VALUES (16000,20000,80000,1,1,'TIT','BATCH_USER',SYSDATE);

INSERT INTO cpe_contratos_personas (CPE_ID,PER_ID,CNT_ID,DD_TIN_ID,CPE_ORDEN,CPE_TIPO_INTERV_ORIGINAL,USUARIOCREAR,FECHACREAR) 
VALUES (17000,40000,90000,1,1,'TIT','BATCH_USER',SYSDATE);

INSERT INTO cpe_contratos_personas (CPE_ID,PER_ID,CNT_ID,DD_TIN_ID,CPE_ORDEN,CPE_TIPO_INTERV_ORIGINAL,USUARIOCREAR,FECHACREAR) 
VALUES (18000,40000,100000,1,1,'TIT','BATCH_USER',SYSDATE);

INSERT INTO cpe_contratos_personas (CPE_ID,PER_ID,CNT_ID,DD_TIN_ID,CPE_ORDEN,CPE_TIPO_INTERV_ORIGINAL,USUARIOCREAR,FECHACREAR) 
VALUES (19000,20000,110000,1,1,'TIT','BATCH_USER',SYSDATE);

INSERT INTO cpe_contratos_personas (CPE_ID,PER_ID,CNT_ID,DD_TIN_ID,CPE_ORDEN,CPE_TIPO_INTERV_ORIGINAL,USUARIOCREAR,FECHACREAR) 
VALUES (20000,40000,120000,1,1,'TIT','BATCH_USER',SYSDATE);

INSERT INTO cpe_contratos_personas (CPE_ID,PER_ID,CNT_ID,DD_TIN_ID,CPE_ORDEN,CPE_TIPO_INTERV_ORIGINAL,USUARIOCREAR,FECHACREAR) 
VALUES (21000,20000,20000,1,1,'TIT','BATCH_USER',SYSDATE);

INSERT INTO cpe_contratos_personas(CPE_ID,PER_ID,CNT_ID,DD_TIN_ID,CPE_ORDEN,CPE_TIPO_INTERV_ORIGINAL,USUARIOCREAR,FECHACREAR) 
VALUES (22000,20000,10000,1,1,'TIT','BATCH_USER',SYSDATE);

INSERT INTO cpe_contratos_personas(CPE_ID,PER_ID,CNT_ID,DD_TIN_ID,CPE_ORDEN,CPE_TIPO_INTERV_ORIGINAL,USUARIOCREAR,FECHACREAR) 
VALUES (23000,40000,10000,1,1,'TIT','BATCH_USER',SYSDATE);

INSERT INTO cli_clientes (CLI_ID, PER_ID, ARQ_ID, DD_EST_ID, DD_ECL_ID, USUARIOCREAR, FECHACREAR, CLI_FECHA_CREACION, CLI_FECHA_EST_ID)
VALUES (10000, 20000, 9, 2, 2, 'BATCH', SYSDATE, SYSDATE, SYSDATE);

INSERT INTO cli_clientes (CLI_ID, PER_ID, ARQ_ID, DD_EST_ID, DD_ECL_ID, USUARIOCREAR, FECHACREAR, CLI_FECHA_CREACION, CLI_FECHA_EST_ID)
VALUES (20000, 40000, 9, 2, 2, 'BATCH', SYSDATE, SYSDATE, SYSDATE);

INSERT INTO mov_movimientos (MOV_ID, CNT_ID, MOV_FECHA_EXTRACCION, MOV_POS_VIVA_NO_VENCIDA, MOV_POS_VIVA_VENCIDA, MOV_FICHERO_CARGA, MOV_FECHA_CARGA, VERSION, USUARIOCREAR, FECHACREAR, BORRADO)
VALUES(9000, 10000,SYSDATE, 10, 20, 'FICHEROCARGA', SYSDATE, 1, 'BATCH', SYSDATE, 0);

INSERT INTO mov_movimientos (MOV_ID, CNT_ID, MOV_FECHA_EXTRACCION, MOV_POS_VIVA_NO_VENCIDA, MOV_POS_VIVA_VENCIDA, MOV_FICHERO_CARGA, MOV_FECHA_CARGA, VERSION, USUARIOCREAR, FECHACREAR, BORRADO)
VALUES(10000, 20000,SYSDATE, 20, 30, 'FICHEROCARGA', SYSDATE, 1, 'BATCH', SYSDATE, 0);

INSERT INTO mov_movimientos (MOV_ID, CNT_ID, MOV_FECHA_EXTRACCION, MOV_POS_VIVA_NO_VENCIDA, MOV_POS_VIVA_VENCIDA, MOV_FICHERO_CARGA, MOV_FECHA_CARGA, VERSION, USUARIOCREAR, FECHACREAR, BORRADO)
VALUES(20000, 30000,SYSDATE, 80, 100, 'FICHEROCARGA', SYSDATE, 1, 'BATCH', SYSDATE, 0);

INSERT INTO mov_movimientos (MOV_ID, CNT_ID, MOV_FECHA_EXTRACCION, MOV_POS_VIVA_NO_VENCIDA, MOV_POS_VIVA_VENCIDA, MOV_FICHERO_CARGA, MOV_FECHA_CARGA, VERSION, USUARIOCREAR, FECHACREAR, BORRADO)
VALUES(30000, 70000,SYSDATE, 40, 50, 'FICHEROCARGA', SYSDATE, 1, 'BATCH', SYSDATE, 0);

INSERT INTO mov_movimientos (MOV_ID, CNT_ID, MOV_FECHA_EXTRACCION, MOV_POS_VIVA_NO_VENCIDA, MOV_POS_VIVA_VENCIDA, MOV_FICHERO_CARGA, MOV_FECHA_CARGA, VERSION, USUARIOCREAR, FECHACREAR, BORRADO)
VALUES(40000, 80000,SYSDATE, 20, 10, 'FICHEROCARGA', SYSDATE, 1, 'BATCH', SYSDATE, 0);

INSERT INTO mov_movimientos (MOV_ID, CNT_ID, MOV_FECHA_EXTRACCION, MOV_POS_VIVA_NO_VENCIDA, MOV_POS_VIVA_VENCIDA, MOV_FICHERO_CARGA, MOV_FECHA_CARGA, VERSION, USUARIOCREAR, FECHACREAR, BORRADO)
VALUES(50000, 90000,SYSDATE, 20, 10, 'FICHEROCARGA', SYSDATE, 1, 'BATCH', SYSDATE, 0);

INSERT INTO mov_movimientos (MOV_ID, CNT_ID, MOV_FECHA_EXTRACCION, MOV_POS_VIVA_NO_VENCIDA, MOV_POS_VIVA_VENCIDA, MOV_FICHERO_CARGA, MOV_FECHA_CARGA, VERSION, USUARIOCREAR, FECHACREAR, BORRADO)
VALUES(60000, 100000,SYSDATE, 20, 10, 'FICHEROCARGA', SYSDATE, 1, 'BATCH', SYSDATE, 0);

INSERT INTO mov_movimientos (MOV_ID, CNT_ID, MOV_FECHA_EXTRACCION, MOV_POS_VIVA_NO_VENCIDA, MOV_POS_VIVA_VENCIDA, MOV_FICHERO_CARGA,MOV_FECHA_CARGA, VERSION, USUARIOCREAR, FECHACREAR, BORRADO)
VALUES(70000, 110000,SYSDATE, 20, 10, 'FICHEROCARGA', SYSDATE, 1, 'BATCH', SYSDATE, 0);

INSERT INTO mov_movimientos (MOV_ID, CNT_ID, MOV_FECHA_EXTRACCION, MOV_POS_VIVA_NO_VENCIDA, MOV_POS_VIVA_VENCIDA, MOV_FICHERO_CARGA, MOV_FECHA_CARGA, VERSION, USUARIOCREAR, FECHACREAR, BORRADO)
VALUES(80000, 120000,SYSDATE, 20, 10, 'FICHEROCARGA', SYSDATE, 1, 'BATCH', SYSDATE, 0);
