Num_Gasto|Partida_Presupuestaria|Cuenta_contable
11153853|G011339|6220000000
11252548|G011339|6220000000
11252549|G011339|6220000000
11252550|G011339|6220000000
11252551|G011339|6220000000
11252552|G011339|6220000000
11252553|G011339|6220000000
11252555|G011339|6220000000
11252556|G011339|6220000000
11252557|G011339|6220000000
11252559|G011339|6220000000
11252560|G011339|6220000000
11252561|G011339|6220000000
11252562|G011339|6220000000
11252563|G011339|6220000000
11252564|G011339|6220000000
11252566|G011339|6220000000
11252567|G011339|6220000000
11252568|G011339|6220000000
11252569|G011339|6220000000
11252570|G011339|6220000000
11252571|G011339|6220000000
11252573|G011339|6220000000
11252574|G011339|6220000000
11252575|G011339|6220000000
11252576|G011339|6220000000
11252577|G011339|6220000000
11252578|G011339|6220000000
11252580|G011339|6220000000
11252581|G011339|6220000000
11252582|G011339|6220000000
11252583|G011339|6220000000
11252584|G011339|6220000000
11252585|G011339|6220000000
11252587|G011339|6220000000
11252588|G011339|6220000000
11252589|G011339|6220000000
11252590|G011339|6220000000
11252591|G011339|6220000000
11252592|G011339|6220000000
11252607|G011339|6220000000
11252608|G011339|6220000000
11252609|G011339|6220000000
11252610|G011339|6220000000
11252611|G011339|6220000000
11252612|G011339|6220000000
11252613|G011339|6220000000
11252614|G011339|6220000000
11252615|G011339|6220000000
11252616|G011339|6220000000
11252617|G011339|6220000000
11252618|G011339|6220000000
11252625|G011339|6220000000
11252626|G011339|6220000000
11252627|G011339|6220000000
11252628|G011339|6220000000
11252629|G011339|6220000000
11252630|G011339|6220000000
11252631|G011339|6220000000
11252632|G011339|6220000000
11252633|G011339|6220000000
11252634|G011339|6220000000
11252635|G011339|6220000000
11252636|G011339|6220000000
11252637|G011339|6220000000
11252638|G011339|6220000000
11252639|G011339|6220000000
11252640|G011339|6220000000
11252641|G011339|6220000000
11252642|G011339|6220000000
11252643|G011339|6220000010
11252644|G011339|6220000010
11252645|G011339|6220000010
11252646|G011339|6220000010
11252647|G011339|6220000010
11252648|G011339|6220000010
11252649|G011339|6220000000
11252650|G011339|6220000000
11252651|G011339|6220000000
11252652|G011339|6220000000
11252653|G011339|6220000000
11252654|G011339|6220000000
11252655|G011339|6220000000
11252656|G011339|6220000000
11252657|G011339|6220000000
11252658|G011339|6220000000
11252659|G011339|6220000000
11252660|G011339|6220000000
11252661|G011339|6220000000
11252662|G011339|6220000000
11252663|G011339|6220000000
11252664|G011339|6220000000
11252665|G011339|6220000000
11252666|G011339|6220000000
11252673|G011339|6220000000
11252674|G011339|6220000000
11252675|G011339|6220000000
11252676|G011339|6220000000
11252677|G011339|6220000000
11252679|G011339|6220000000
11252680|G011339|6220000000
11252681|G011339|6220000000
11252682|G011339|6220000000
11252683|G011339|6220000000
11252684|G011339|6220000000
11252685|G011339|6220000000
11252686|G011339|6220000000
11252687|G011339|6220000000
11252688|G011339|6220000000
11252689|G011339|6220000000
11252690|G011339|6220000000
11252691|G011339|6220000000
11252692|G011339|6220000000
11252693|G011339|6220000000
11252694|G011339|6220000000
11252695|G011339|6220000000
11252696|G011339|6220000000
11252703|G011339|6220000000
11252704|G011339|6220000000
11252705|G011339|6220000000
11252706|G011339|6220000000
11252707|G011339|6220000000
11252708|G011339|6220000000
11252716|G011339|6220000000
11252717|G011339|6220000000
11252718|G011339|6220000000
11252719|G011339|6220000000
11252720|G011339|6220000000
11252721|G011339|6220000000
11252733|G011339|6220000000
11252734|G011339|6220000000
11252735|G011339|6220000000
11252736|G011339|6220000000
11252737|G011339|6220000000
11252738|G011339|6220000000
11252745|G011339|6220000000
11252746|G011339|6220000000
11252747|G011339|6220000000
11252748|G011339|6220000000
11252749|G011339|6220000000
11252750|G011339|6220000000
11252757|G011339|6220000000
11252758|G011339|6220000000
11252759|G011339|6220000000
11252760|G011339|6220000000
11252761|G011339|6220000000
11252762|G011339|6220000000
11252763|G011339|6220000000
11252764|G011339|6220000000
11252765|G011339|6220000000
11252766|G011339|6220000000
11252767|G011339|6220000000
11252768|G011339|6220000000
11252769|G011339|6220000000
11252770|G011339|6220000000
11252771|G011339|6220000000
11252772|G011339|6220000000
11252773|G011339|6220000000
11252774|G011339|6220000000
11252775|G011339|6220000000
11252776|G011339|6220000000
11252777|G011339|6220000000
11252778|G011339|6220000000
11252779|G011339|6220000000
11252780|G011339|6220000000
11252781|G011339|6220000000
11252782|G011339|6220000000
11252783|G011339|6220000000
11252784|G011339|6220000010
11252785|G011339|6220000010
11252786|G011339|6220000010
11252790|G011339|6220000000
11252791|G011339|6220000000
11252792|G011339|6220000000
11252793|G011339|6220000000
11252794|G011339|6220000000
11252795|G011339|6220000000
11252796|G011339|6220000000
11252797|G011339|6220000000
11252798|G011339|6220000000
11252799|G011339|6220000000
11252800|G011339|6220000000
11252801|G011339|6220000000
11252802|G011339|6220000000
11252803|G011339|6220000000
11252804|G011339|6220000000
11252805|G011339|6220000000
11252806|G011339|6220000000
11252807|G011339|6220000000
11252808|G011339|6220000000
11252809|G011339|6220000000
11252810|G011339|6220000000
11252811|G011339|6220000000
11252812|G011339|6220000000
11252813|G011339|6220000000
11252814|G011339|6220000000
11252815|G011339|6220000000
11252816|G011339|6220000000
11252817|G011339|6220000000
11252818|G011339|6220000000
11252819|G011339|6220000000
11252820|G011339|6220000000
11252821|G011339|6220000010
11252822|G011339|6220000010
11252823|G011339|6220000010
11252824|G011339|6220000010
11252825|G011339|6220000010
11252826|G011339|6220000010
11252827|G011339|6220000000
11252828|G011339|6220000000
11252829|G011339|6220000000
11252830|G011339|6220000000
11252831|G011339|6220000000
11252832|G011339|6220000000
11252834|G011339|6220000000
11252843|G011339|6220000000
11252844|G011339|6220000000
11252845|G011339|6220000000
11252846|G011339|6220000000
11252847|G011339|6220000000
11252848|G011339|6220000000
11252849|G011339|6220000000
11252850|G011339|6220000000
11252851|G011339|6220000000
11252852|G011339|6220000000
11252853|G011339|6220000000
11252854|G011339|6220000000
11252855|G011339|6220000000
11252856|G011339|6220000000
11252857|G011339|6220000000
11252858|G011339|6220000000
11252859|G011339|6220000000
11252860|G011339|6220000000
11252861|G011339|6220000000
11252862|G011339|6220000000
11252863|G011339|6220000000
11252864|G011339|6220000000
11252865|G011339|6220000000
11252866|G011339|6220000000
11252867|G011339|6220000000
11252868|G011339|6220000000
11252869|G011339|6220000000
11252870|G011339|6220000000
11252871|G011339|6220000000
11252872|G011339|6220000000
11252873|G011339|6220000000
11252874|G011339|6220000000
11252875|G011339|6220000000
11252876|G011339|6220000000
11252877|G011339|6220000000
11252878|G011339|6220000000
11252879|G011339|6220000000
11252880|G011339|6220000000
11252881|G011339|6220000000
11252882|G011339|6220000000
11252883|G011339|6220000000
11252884|G011339|6220000000
11252885|G011339|6220000000
11252886|G011339|6220000000
11252887|G011339|6220000000
11252888|G011339|6220000000
11252889|G011339|6220000000
11252890|G011339|6220000000
11252891|G011339|6220000000
11252892|G011339|6220000000
11252893|G011339|6220000000
11252894|G011339|6220000000
11252895|G011339|6220000000
11252896|G011339|6220000010
11252897|G011339|6220000010
11252898|G011339|6220000010
11252899|G011339|6220000010
11252900|G011339|6220000010
11252901|G011339|6220000010
11252914|G011339|6220000000
11252915|G011339|6220000000
11252916|G011339|6220000000
11252917|G011339|6220000000
11252918|G011339|6220000000
11252919|G011339|6220000000
11252920|G011339|6220000000
11252921|G011339|6220000000
11252922|G011339|6220000000
11252923|G011339|6220000000
11252924|G011339|6220000000
11252925|G011339|6220000000
11252926|G011339|6220000000
11252929|G011339|6220000000
11252930|G011339|6220000000
11252931|G011339|6220000000
11252932|G011339|6220000000
11252933|G011339|6220000000
11252934|G011339|6220000000
11252935|G011339|6220000000
11252936|G011339|6220000000
11252937|G011339|6220000000
11252938|G011339|6220000000
11252939|G011339|6220000000
11252940|G011339|6220000000
11252941|G011339|6220000000
11252942|G011339|6220000000
11252943|G011339|6220000000
11252944|G011339|6220000000
11252945|G011339|6220000000
11252946|G011339|6220000000
11252947|G011339|6220000000
11252948|G011339|6220000000
11252949|G011339|6220000000
11252950|G011339|6220000000
11252951|G011339|6220000000
11252952|G011339|6220000000
11252953|G011339|6220000000
11252954|G011339|6220000000
11252955|G011339|6220000000
11252956|G011339|6220000000
11252957|G011339|6220000000
11252958|G011339|6220000000
11252959|G011339|6220000000
11252960|G011339|6220000000
11252961|G011339|6220000000
11252962|G011339|6220000000
11252963|G011339|6220000000
11252964|G011339|6220000000
11252965|G011339|6220000000
11252966|G011339|6220000000
11252967|G011339|6220000000
11252968|G011339|6220000000
11252969|G011339|6220000000
11252970|G011339|6220000000
11252971|G011339|6220000000
11252972|G011339|6220000000
11252973|G011339|6220000000
11252974|G011339|6220000000
11252975|G011339|6220000000
11252976|G011339|6220000000
11252977|G011339|6220000000
11252978|G011339|6220000000
11252979|G011339|6220000000
11252980|G011339|6220000000
11252981|G011339|6220000000
11252982|G011339|6220000000
11252983|G011339|6220000000
11252984|G011339|6220000000
11252985|G011339|6220000000
11252986|G011339|6220000000
11252987|G011339|6220000000
11252988|G011339|6220000000
11252989|G011339|6220000000
11252990|G011339|6220000000
11252991|G011339|6220000000
11252992|G011339|6220000010
11252993|G011339|6220000010
11252994|G011339|6220000010
11253009|G011339|6220000000
11253010|G011339|6220000000
11253016|G011339|6220000000
11253017|G011339|6220000010
11253019|G011339|6220000010
11253020|G011339|6220000000
11253021|G011339|6220000000
11254375|G011339|6220000000
11254376|G011339|6220000000
11254377|G011339|6220000000
11254378|G011339|6220000000
11254379|G011339|6220000000
11254380|G011339|6220000000
11254381|G011339|6220000000
11254382|G011339|6220000000
11254383|G011339|6220000000
11254384|G011339|6220000000
11254385|G011339|6220000000
11254386|G011339|6220000000
11254401|G011339|6220000000
11254402|G011339|6220000000
11254403|G011339|6220000000
11254404|G011339|6220000000
11254405|G011339|6220000000
11254406|G011339|6220000000
11254407|G011339|6220000000
11254408|G011339|6220000000
11254409|G011339|6220000000
11254410|G011339|6220000000
11254411|G011339|6220000000
11254412|G011339|6220000000
11254426|G011339|6220000000
11254427|G011339|6220000000
11254430|G011339|6220000000
11254431|G011339|6220000000
11254432|G011339|6220000000
11254433|G011339|6220000000
11254434|G011339|6220000000
11254435|G011339|6220000000
11254437|G011339|6220000000
11254438|G011339|6220000000
11254439|G011339|6220000000
11254440|G011339|6220000000
11254442|G011339|6220000000
11254443|G011339|6220000000
11257239|G011339|6220000000
11257240|G011339|6220000010
11257243|G011339|6220000010
11257244|G011339|6220000000
11257274|G011339|6220000010
11258392|G011339|6220000000
11258393|G011339|6220000000
11259246|G011339|6220000000
11259247|G011339|6220000000
11259248|G011339|6220000000
11259250|G011339|6220000000
11259251|G011339|6220000000
11259252|G011339|6220000000
11259253|G011339|6220000000
11259254|G011339|6220000000
11259255|G011339|6220000000
11259256|G011339|6220000000
11259258|G011339|6220000000
11259259|G011339|6220000000
11259260|G011339|6220000000
11259261|G011339|6220000000
11259262|G011339|6220000000
11259263|G011339|6220000000
11259264|G011339|6220000000
11259266|G011339|6220000000
11259282|G011339|6220000000
11259283|G011339|6220000000
11259285|G011339|6220000000
11259286|G011339|6220000000
11259287|G011339|6220000000
11259292|G011339|6220000000
11259293|G011339|6220000000
11259294|G011339|6220000000
11259295|G011339|6220000000
11259296|G011339|6220000000
11259297|G011339|6220000000
11259298|G011339|6220000000
11259299|G011339|6220000000
11259300|G011339|6220000000
11259301|G011339|6220000000
11259302|G011339|6220000000
11259303|G011339|6220000000
11259304|G011339|6220000000
11259305|G011339|6220000000
11259308|G011339|6220000000
11259309|G011339|6220000000
11259311|G011339|6220000000
11259315|G011339|6220000000
11259316|G011339|6220000000
11259317|G011339|6220000000
11259318|G011339|6220000000
11259319|G011339|6220000000
11259320|G011339|6220000000
11259321|G011339|6220000000
11259322|G011339|6220000000
11259323|G011339|6220000000
11259324|G011339|6220000000
11259325|G011339|6220000000
11259326|G011339|6220000000
11259327|G011339|6220000000
11259328|G011339|6220000000
11259329|G011339|6220000000
11259330|G011339|6220000000
11259331|G011339|6220000000
11259332|G011339|6220000000
11259336|G011339|6220000000
11259337|G011339|6220000000
11259338|G011339|6220000000
11259339|G011339|6220000000
11259340|G011339|6220000000
11259341|G011339|6220000000
11259342|G011339|6220000000
11259343|G011339|6220000000
11259344|G011339|6220000000
11259345|G011339|6220000000
11259346|G011339|6220000000
11259347|G011339|6220000000
11259348|G011339|6220000000
11259349|G011339|6220000000
11259350|G011339|6220000000
11259351|G011339|6220000000
11259352|G011339|6220000000
11259353|G011339|6220000000
11259354|G011339|6220000000
11259396|G011339|6220000000
11259409|G011339|6220000000
11259410|G011339|6220000000
11259411|G011339|6220000000
11259412|G011339|6220000000
11259413|G011339|6220000000
11259451|G011339|6220000000
11259452|G011339|6220000000
11259453|G011339|6220000000
11259454|G011339|6220000000
11259455|G011339|6220000000
11259456|G011339|6220000000
11259457|G011339|6220000000
11259480|G011339|6220000000
11259481|G011339|6220000000
11259482|G011339|6220000000
11259483|G011339|6220000000
11259484|G011339|6220000000
11259485|G011339|6220000000
11259486|G011339|6220000000
11259488|G011339|6220000000
11259489|G011339|6220000000
11259490|G011339|6220000000
11259491|G011339|6220000000
11259492|G011339|6220000000
11259493|G011339|6220000000
11259494|G011339|6220000000
11259495|G011339|6220000000
11259496|G011339|6220000000
11259497|G011339|6220000000
11259498|G011339|6220000000
11259499|G011339|6220000000
11259500|G011339|6220000000
11259501|G011339|6220000000
11259502|G011339|6220000000
11259503|G011339|6220000000
11259504|G011339|6220000000
11259505|G011339|6220000000
11259506|G011339|6220000000
11259507|G011339|6220000000
11259508|G011339|6220000000
11259509|G011339|6220000000
11259510|G011339|6220000000
11259511|G011339|6220000000
11259521|G011339|6220000000
11259522|G011339|6220000000
11259523|G011339|6220000000
11259524|G011339|6220000000
11259525|G011339|6220000000
11259526|G011339|6220000000
11259527|G011339|6220000000
11259528|G011339|6220000000
11259534|G011339|6220000000
11259535|G011339|6220000000
11259536|G011339|6220000000
11259537|G011339|6220000000
11259538|G011339|6220000000
11259541|G011339|6220000000
11259542|G011339|6220000000
11259543|G011339|6220000000
11259544|G011339|6220000000
11259545|G011339|6220000000
11259546|G011339|6220000000
11259547|G011339|6220000000
11259548|G011339|6220000000
11259549|G011339|6220000000
11259550|G011339|6220000000
11259551|G011339|6220000000
11259552|G011339|6220000000
11259553|G011339|6220000000
11259554|G011339|6220000000
11259555|G011339|6220000000
11259556|G011339|6220000000
11259557|G011339|6220000000
11259558|G011339|6220000000
11259559|G011339|6220000000
11259560|G011339|6220000000
11259561|G011339|6220000000
11259562|G011339|6220000000
11259563|G011339|6220000000
11259564|G011339|6220000000
11259565|G011339|6220000000
11259566|G011339|6220000000
11259567|G011339|6220000000
11259568|G011339|6220000000
11259571|G011339|6220000000
11259572|G011339|6220000000
11259584|G011339|6220000000
11259585|G011339|6220000000
11259586|G011339|6220000000
11259602|G011339|6220000000
11259603|G011339|6220000000
11259604|G011339|6220000000
11259605|G011339|6220000000
11259606|G011339|6220000000
11259607|G011339|6220000000
11259608|G011339|6220000000
11259609|G011339|6220000000
11259610|G011339|6220000000
11259613|G011339|6220000000
11259614|G011339|6220000000
11259615|G011339|6220000000
11259649|G011339|6220000000
11259650|G011339|6220000000
11259651|G011339|6220000000
11259652|G011339|6220000000
11259653|G011339|6220000000
11259654|G011339|6220000000
11259655|G011339|6220000000
11259656|G011339|6220000000
11259657|G011339|6220000000
11259658|G011339|6220000000
11259659|G011339|6220000000
11259660|G011339|6220000000
11259661|G011339|6220000000
11259662|G011339|6220000000
11259665|G011339|6220000000
11259666|G011339|6220000000
11259667|G011339|6220000000
11259668|G011339|6220000000
11259669|G011339|6220000000
11259670|G011339|6220000000
11259671|G011339|6220000000
11259672|G011339|6220000000
11259673|G011339|6220000000
11259674|G011339|6220000000
11259675|G011339|6220000000
11259676|G011339|6220000000
11259677|G011339|6220000000
11259679|G011339|6220000000
11259680|G011339|6220000000
11259681|G011339|6220000000
11259682|G011339|6220000000
11259683|G011339|6220000000
11259684|G011339|6220000000
11259685|G011339|6220000000
11259700|G011339|6220000000
11259701|G011339|6220000000
11259702|G011339|6220000000
11259703|G011339|6220000000
11259704|G011339|6220000000
11259705|G011339|6220000000
11259706|G011339|6220000000
11259707|G011339|6220000000
11259708|G011339|6220000000
11259709|G011339|6220000000
11259710|G011339|6220000000
11259711|G011339|6220000000
11259712|G011339|6220000000
11259713|G011339|6220000000
11259714|G011339|6220000000
11259715|G011339|6220000000
11259716|G011339|6220000000
11259717|G011339|6220000000
11259719|G011339|6220000000
11259729|G011339|6220000000
11259735|G011339|6220000000
11259736|G011339|6220000000
11259737|G011339|6220000000
11259738|G011339|6220000000
11259739|G011339|6220000000
11259740|G011339|6220000000
11259741|G011339|6220000000
11259742|G011339|6220000000
11259743|G011339|6220000000
11259744|G011339|6220000000
11259745|G011339|6220000000
11259746|G011339|6220000000
11259747|G011339|6220000000
11259748|G011339|6220000000
11259749|G011339|6220000000
11259750|G011339|6220000000
11259751|G011339|6220000000
11259752|G011339|6220000000
11259753|G011339|6220000000
11259754|G011339|6220000000
11259755|G011339|6220000000
11259756|G011339|6220000000
11259757|G011339|6220000000
11259758|G011339|6220000000
11259759|G011339|6220000000
11259760|G011339|6220000000
11259761|G011339|6220000000
11259791|G011339|6220000000
11259793|G011339|6220000000
11259799|G011339|6220000000
11259801|G011339|6220000000
11259802|G011339|6220000000
11259803|G011339|6220000000
11259805|G011339|6220000000
11259806|G011339|6220000000
11259807|G011339|6220000000
11259808|G011339|6220000000
11259809|G011339|6220000000
11259810|G011339|6220000000
11259811|G011339|6220000000
11259813|G011339|6220000000
11259814|G011339|6220000000
11259815|G011339|6220000000
11259816|G011339|6220000000
11259817|G011339|6220000000
11259818|G011339|6220000000
11259819|G011339|6220000000
11259820|G011339|6220000000
11259821|G011339|6220000000
11259822|G011339|6220000000
11259823|G011339|6220000000
11259824|G011339|6220000000
11259825|G011339|6220000000
11259826|G011339|6220000000
11259827|G011339|6220000000
11259828|G011339|6220000000
11259829|G011339|6220000000
11259846|G011339|6220000000
11259847|G011339|6220000000
11259848|G011339|6220000000
11259849|G011339|6220000000
11259850|G011339|6220000000
11259851|G011339|6220000000
11259852|G011339|6220000000
11259854|G011339|6220000000
11259855|G011339|6220000000
11259856|G011339|6220000000
11259857|G011339|6220000000
11259858|G011339|6220000000
11259859|G011339|6220000000
11259860|G011339|6220000000
11259862|G011339|6220000000
11259863|G011339|6220000000
11259864|G011339|6220000000
11259865|G011339|6220000000
11259866|G011339|6220000000
11259867|G011339|6220000000
11259872|G011339|6220000000
11259873|G011339|6220000000
11259874|G011339|6220000000
11259875|G011339|6220000000
11259876|G011339|6220000010
11259903|G011339|6220000000
11259923|G011339|6220000000
11259924|G011339|6220000000
11259925|G011339|6220000000
11259926|G011339|6220000000
11259929|G011339|6220000000
11259930|G011339|6220000000
11259931|G011339|6220000000
11259932|G011339|6220000000
11259933|G011339|6220000000
11259934|G011339|6220000000
11259935|G011339|6220000000
11259936|G011339|6220000000
11259937|G011339|6220000000
11259939|G011339|6220000000
11259940|G011339|6220000000
11259941|G011339|6220000000
11259942|G011339|6220000000
11259943|G011339|6220000000
11259944|G011339|6220000000
11259960|G011339|6220000010
11259961|G011339|6220000010
11259962|G011339|6220000010
11259963|G011339|6220000010
11259964|G011339|6220000010
11259965|G011339|6220000010
11259966|G011339|6220000010
11259974|G011339|6220000000
11259975|G011339|6220000000
11259976|G011339|6220000000
11259977|G011339|6220000000
11259978|G011339|6220000000
11259979|G011339|6220000000
11259980|G011339|6220000000
11259981|G011339|6220000000
11259982|G011339|6220000000
11259984|G011339|6220000000
11259985|G011339|6220000000
11259986|G011339|6220000000
11259987|G011339|6220000000
11259988|G011339|6220000000
11259989|G011339|6220000000
11259990|G011339|6220000000
11259991|G011339|6220000000
11259992|G011339|6220000000
11259993|G011339|6220000000
11259994|G011339|6220000000
11259995|G011339|6220000000
11259996|G011339|6220000000
11259997|G011339|6220000000
11260000|G011339|6220000000
11260001|G011339|6220000000
11260002|G011339|6220000000
11260003|G011339|6220000000
11260004|G011339|6220000000
11260006|G011339|6220000000
11260008|G011339|6220000000
11260009|G011339|6220000000
11260010|G011339|6220000000
11260011|G011339|6220000000
11260012|G011339|6220000000
11260013|G011339|6220000000
11260014|G011339|6220000000
11260015|G011339|6220000000
11260016|G011339|6220000000
11260017|G011339|6220000000
11260018|G011339|6220000000
11260019|G011339|6220000000
11260020|G011339|6220000000
11260021|G011339|6220000000
11260023|G011339|6220000000
11260024|G011339|6220000000
11260025|G011339|6220000000
11260026|G011339|6220000000
11260027|G011339|6220000000
11260028|G011339|6220000000
11260029|G011339|6220000000
11260030|G011339|6220000000
11260031|G011339|6220000000
11260034|G011339|6220000000
11260035|G011339|6220000000
11260037|G011339|6220000000
11260038|G011339|6220000000
11260039|G011339|6220000000
11260040|G011339|6220000000
11260041|G011339|6220000000
11260042|G011339|6220000000
11260043|G011339|6220000000
11260044|G011339|6220000000
11260045|G011339|6220000000
11260046|G011339|6220000000
11260047|G011339|6220000000
11260048|G011339|6220000000
11260049|G011339|6220000000
11260050|G011339|6220000000
11260051|G011339|6220000000
11260052|G011339|6220000000
11260053|G011339|6220000000
11260054|G011339|6220000000
11260055|G011339|6220000000
11260056|G011339|6220000000
11260057|G011339|6220000000
11260058|G011339|6220000000
11260059|G011339|6220000000
11260060|G011339|6220000000
11260061|G011339|6220000000
11260062|G011339|6220000000
11260063|G011339|6220000000
11260064|G011339|6220000000
11260065|G011339|6220000000
11260066|G011339|6220000000
11260067|G011339|6220000000
11260068|G011339|6220000000
11260069|G011339|6220000000
11260070|G011339|6220000000
11260071|G011339|6220000000
11260072|G011339|6220000000
11260073|G011339|6220000000
11260074|G011339|6220000000
11260075|G011339|6220000000
11260076|G011339|6220000000
11260077|G011339|6220000000
11260078|G011339|6220000000
11260079|G011339|6220000000
11260080|G011339|6220000000
11260081|G011339|6220000000
11260082|G011339|6220000000
11260083|G011339|6220000000
11260084|G011339|6220000000
11260085|G011339|6220000000
11260107|G011339|6220000010
11260111|G011339|6220000000
11260112|G011339|6220000000
11260113|G011339|6220000000
11260114|G011339|6220000000
11260115|G011339|6220000000
11260255|G011339|6220000000
11260257|G011339|6220000000
11260259|G011339|6220000000
11260260|G011339|6220000000
11260261|G011339|6220000000
11260262|G011339|6220000000
11260263|G011339|6220000000
11260264|G011339|6220000000
11260275|G011339|6220000000
11260277|G011339|6220000000
11260279|G011339|6220000000
11260288|G011339|6220000000
11260291|G011339|6220000000
11260294|G011339|6220000000
11260295|G011339|6220000010
11260302|G011339|6220000000
11260305|G011339|6220000000
11261541|G011339|6220000000
11261542|G011339|6220000000
11261543|G011339|6220000000
11261544|G011339|6220000000
11261545|G011339|6220000000
11261546|G011339|6220000000
11261547|G011339|6220000000
11261548|G011339|6220000000
11261549|G011339|6220000000
11261550|G011339|6220000000
11261551|G011339|6220000000
11261552|G011339|6220000000
11261553|G011339|6220000000
11261554|G011339|6220000000
11261555|G011339|6220000000
11261556|G011339|6220000000
11261557|G011339|6220000000
11261558|G011339|6220000000
11261559|G011339|6220000000
11261620|G011339|6220000000
11261621|G011339|6220000000
11261624|G011339|6220000000
11261625|G011339|6220000000
11261626|G011339|6220000000
11261627|G011339|6220000000
11261628|G011339|6220000000
11267021|G011339|6220000000
11269727|G011339|6220000000
11269728|G011339|6220000010
11269970|G011339|6220000000
11269971|G011339|6220000000
11269972|G011339|6220000000
11269973|G011339|6220000000
11269974|G011339|6220000000
11269975|G011339|6220000000
11278374|G011339|6220000000
11278825|G011339|6220000000
11278826|G011339|6220000000
11278827|G011339|6220000010
11278828|G011339|6220000000
11278829|G011339|6220000000
11278834|G011339|6220000000
11278836|G011339|6220000000
11278837|G011339|6220000000
11278838|G011339|6220000000
11278839|G011339|6220000000
11278847|G011339|6220000000
11278849|G011339|6220000000
11282654|G011339|6220000000
11282655|G011339|6220000000
11282656|G011339|6220000000
11282657|G011339|6220000000
11282658|G011339|6220000000
11282659|G011339|6220000000
11282660|G011339|6220000000
11282661|G011339|6220000000
11282662|G011339|6220000000
11282663|G011339|6220000000
11282664|G011339|6220000000
11282674|G011339|6220000000
11282732|G011339|6220000000
11282734|G011339|6220000000
11282735|G011339|6220000000
11282736|G011339|6220000000
11282737|G011339|6220000000
11282813|G011339|6220000000
11282814|G011339|6220000000
11282815|G011339|6220000000
11282816|G011339|6220000000
11282817|G011339|6220000000
11282818|G011339|6220000000
11282819|G011339|6220000000
11282820|G011339|6220000000
11282857|G011339|6220000000
11282858|G011339|6220000000
11282893|G011339|6220000010
11282909|G011339|6220000000
11282910|G011339|6220000000
11282912|G011339|6220000000
11282913|G011339|6220000000
11282914|G011339|6220000000
11282915|G011339|6220000000
11282916|G011339|6220000000
11282921|G011339|6220000010
11282922|G011339|6220000010
11282923|G011339|6220000010
11282926|G011339|6220000010
11282927|G011339|6220000010
11282928|G011339|6220000010
11282929|G011339|6220000010
11282930|G011339|6220000010
11282935|G011339|6220000000
11282936|G011339|6220000000
11282937|G011339|6220000000
11282939|G011339|6220000000
11282940|G011339|6220000000
11282941|G011339|6220000000
11282942|G011339|6220000000
11282956|G011339|6220000000
11282957|G011339|6220000000
11282958|G011339|6220000000
11282996|G011339|6220000000
11282997|G011339|6220000000
11283009|G011339|6220000000
11283010|G011339|6220000000
11283011|G011339|6220000000
11283012|G011339|6220000000
11283013|G011339|6220000000
11283014|G011339|6220000000
11283015|G011339|6220000000
11283017|G011339|6220000000
11283018|G011339|6220000000
11283019|G011339|6220000000
11283020|G011339|6220000000
11283021|G011339|6220000000
11283022|G011339|6220000000
11283023|G011339|6220000010
11283026|G011339|6220000000
11283027|G011339|6220000000
11283028|G011339|6220000000
11283029|G011339|6220000000
11283030|G011339|6220000000
11283034|G011339|6220000000
11283035|G011339|6220000000
11283047|G011339|6220000000
11283048|G011339|6220000000
11283049|G011339|6220000000
11283050|G011339|6220000000
11283051|G011339|6220000000
11283052|G011339|6220000000
11283053|G011339|6220000000
11283057|G011339|6220000000
11283060|G011339|6220000000
11283061|G011339|6220000000
11283062|G011339|6220000000
11283063|G011339|6220000000
11283064|G011339|6220000000
11283065|G011339|6220000000
11283066|G011339|6220000000
11283069|G011339|6220000000
11283072|G011339|6220000000
11283074|G011339|6220000000
11283080|G011339|6220000000
11283081|G011339|6220000000
11283082|G011339|6220000000
11283083|G011339|6220000000
11283084|G011339|6220000000
11283085|G011339|6220000000
11283086|G011339|6220000000
11283087|G011339|6220000000
11283088|G011339|6220000000
11283090|G011339|6220000000
11283091|G011339|6220000000
11283092|G011339|6220000000
11283093|G011339|6220000000
11283094|G011339|6220000000
11283095|G011339|6220000000
11283096|G011339|6220000000
11283097|G011339|6220000000
11283098|G011339|6220000000
11283099|G011339|6220000000
11283100|G011339|6220000000
11283101|G011339|6220000000
11283102|G011339|6220000000
11283103|G011339|6220000000
11283104|G011339|6220000000
11283105|G011339|6220000000
11283106|G011339|6220000000
11283107|G011339|6220000000
11283108|G011339|6220000000
11283109|G011339|6220000000
11283110|G011339|6220000000
11283111|G011339|6220000000
11283112|G011339|6220000000
11283113|G011339|6220000000
11283114|G011339|6220000000
11283115|G011339|6220000000
11283116|G011339|6220000000
11283117|G011339|6220000000
11283118|G011339|6220000000
11283119|G011339|6220000000
11283120|G011339|6220000000
11283121|G011339|6220000000
11283122|G011339|6220000000
11283123|G011339|6220000000
11283124|G011339|6220000000
11283125|G011339|6220000000
11283126|G011339|6220000000
11283127|G011339|6220000000
11283128|G011339|6220000000
11283129|G011339|6220000000
11283130|G011339|6220000000
11283131|G011339|6220000000
11283132|G011339|6220000000
11283133|G011339|6220000000
11283134|G011339|6220000000
11283135|G011339|6220000000
11283136|G011339|6220000000
11283137|G011339|6220000000
11283138|G011339|6220000000
11283139|G011339|6220000000
11283140|G011339|6220000000
11283141|G011339|6220000000
11283142|G011339|6220000000
11283145|G011339|6220000000
11283146|G011339|6220000000
11283147|G011339|6220000000
11283148|G011339|6220000000
11283149|G011339|6220000000
11283150|G011339|6220000000
11283151|G011339|6220000000
11283152|G011339|6220000000
11283153|G011339|6220000000
11283155|G011339|6220000000
11283156|G011339|6220000000
11283157|G011339|6220000000
11283158|G011339|6220000000
11283159|G011339|6220000000
11283160|G011339|6220000000
11283161|G011339|6220000000
11283162|G011339|6220000000
11283163|G011339|6220000000
11283164|G011339|6220000000
11283165|G011339|6220000000
11283166|G011339|6220000000
11283167|G011339|6220000000
11283168|G011339|6220000000
11283169|G011339|6220000000
11283170|G011339|6220000000
11283171|G011339|6220000000
11283172|G011339|6220000000
11283173|G011339|6220000000
11283174|G011339|6220000000
11283175|G011339|6220000000
11283176|G011339|6220000000
11283177|G011339|6220000000
11283178|G011339|6220000000
11283179|G011339|6220000000
11283180|G011339|6220000000
11283181|G011339|6220000000
11283182|G011339|6220000000
11283183|G011339|6220000000
11283184|G011339|6220000000
11283185|G011339|6220000000
11283186|G011339|6220000000
11283187|G011339|6220000000
11283188|G011339|6220000000
11283189|G011339|6220000000
11283190|G011339|6220000000
11283191|G011339|6220000000
11283192|G011339|6220000000
11283193|G011339|6220000000
11283194|G011339|6220000000
11283195|G011339|6220000000
11283196|G011339|6220000000
11283197|G011339|6220000000
11283198|G011339|6220000000
11283199|G011339|6220000000
11283200|G011339|6220000000
11283201|G011339|6220000000
11283202|G011339|6220000000
11283203|G011339|6220000000
11283204|G011339|6220000000
11283205|G011339|6220000000
11283206|G011339|6220000000
11283207|G011339|6220000000
11283208|G011339|6220000000
11283209|G011339|6220000000
11283210|G011339|6220000000
11283211|G011339|6220000000
11283212|G011339|6220000000
11283213|G011339|6220000000
11283214|G011339|6220000000
11288222|G011339|6220000000
11288223|G011339|6220000000
11288227|G011339|6220000010
11288231|G011339|6220000000
11288232|G011339|6220000000
11288233|G011339|6220000000
11288241|G011339|6220000000
11295107|G011339|6220000000
11295108|G011339|6220000000
11295109|G011339|6220000000
11295110|G011339|6220000000
11295111|G011339|6220000000
11295112|G011339|6220000000
11295115|G011339|6220000000
11295116|G011339|6220000000
11295117|G011339|6220000000
11295126|G011339|6220000000
11295127|G011339|6220000000
11295130|G011339|6220000000
11295131|G011339|6220000010
11295132|G011339|6220000000
11295152|G011339|6220000000
11295153|G011339|6220000000
11295154|G011339|6220000000
11295155|G011339|6220000000
11295158|G011339|6220000000
11295159|G011339|6220000000
11295161|G011339|6220000000
11295163|G011339|6220000000
11295164|G011339|6220000000
11295165|G011339|6220000000
11295171|G011339|6220000000
11295174|G011339|6220000000
11295175|G011339|6220000010
11295176|G011339|6220000010
11295177|G011339|6220000000
11295178|G011339|6220000000
11295179|G011339|6220000000
11295180|G011339|6220000000
11295201|G011339|6220000000
11295202|G011339|6220000000
11295203|G011339|6220000000
11295204|G011339|6220000000
11295205|G011339|6220000000
11295206|G011339|6220000000
11295207|G011339|6220000000
11295208|G011339|6220000000
11295209|G011339|6220000000
11295210|G011339|6220000000
11295211|G011339|6220000000
11295212|G011339|6220000000
11295213|G011339|6220000000
11295214|G011339|6220000000
11295215|G011339|6220000000
11295216|G011339|6220000000
11295217|G011339|6220000000
11295218|G011339|6220000000
11295219|G011339|6220000000
11295220|G011339|6220000000
11295221|G011339|6220000000
11295222|G011339|6220000000
11295223|G011339|6220000000
11295224|G011339|6220000000
11295225|G011339|6220000000
11295226|G011339|6220000000
11295227|G011339|6220000000
11295228|G011339|6220000000
11295229|G011339|6220000000
11295230|G011339|6220000000
11295231|G011339|6220000000
11295232|G011339|6220000000
11295233|G011339|6220000000
11295234|G011339|6220000000
11295235|G011339|6220000000
11295236|G011339|6220000000
11295237|G011339|6220000000
11295238|G011339|6220000000
11295239|G011339|6220000000
11295240|G011339|6220000000
11295241|G011339|6220000000
11295242|G011339|6220000000
11295243|G011339|6220000000
11295244|G011339|6220000000
11295245|G011339|6220000000
11295246|G011339|6220000000
11295247|G011339|6220000000
11295248|G011339|6220000000
11295249|G011339|6220000000
11295250|G011339|6220000000
11295251|G011339|6220000000
11295252|G011339|6220000000
11295253|G011339|6220000000
11295254|G011339|6220000000
11295255|G011339|6220000000
11295256|G011339|6220000000
11295257|G011339|6220000000
11295258|G011339|6220000000
11295259|G011339|6220000000
11295260|G011339|6220000000
11295261|G011339|6220000000
11295280|G011339|6220000000
11295281|G011339|6220000000
11295282|G011339|6220000000
11295283|G011339|6220000000
11295284|G011339|6220000000
11295285|G011339|6220000000
11295286|G011339|6220000000
11295287|G011339|6220000000
11295288|G011339|6220000000
11295289|G011339|6220000000
11295290|G011339|6220000000
11295291|G011339|6220000000
11295292|G011339|6220000000
11295293|G011339|6220000000
11295294|G011339|6220000000
11295295|G011339|6220000000
11295296|G011339|6220000000
11295297|G011339|6220000000
11295298|G011339|6220000000
11295299|G011339|6220000000
11295300|G011339|6220000000
11295301|G011339|6220000000
11295302|G011339|6220000000
11295303|G011339|6220000000
11295304|G011339|6220000000
11295305|G011339|6220000000
11295306|G011339|6220000000
11295307|G011339|6220000000
11295308|G011339|6220000000
11295309|G011339|6220000000
11295332|G011339|6220000010
11295333|G011339|6220000000
11295334|G011339|6220000000
11295335|G011339|6220000000
11295336|G011339|6220000000
11295337|G011339|6220000000
11295354|G011339|6220000000
11295355|G011339|6220000000
11295356|G011339|6220000000
11295369|G011339|6220000010
11295370|G011339|6220000010
11295371|G011339|6220000010
11295372|G011339|6220000010
11295373|G011339|6220000010
11295374|G011339|6220000010
11295375|G011339|6220000010
11295376|G011339|6220000010
11295377|G011339|6220000010
11295378|G011339|6220000010
11295379|G011339|6220000010
11295380|G011339|6220000010
11295381|G011339|6220000010
11295382|G011339|6220000010
11295383|G011339|6220000010
11295384|G011339|6220000010
11295385|G011339|6220000010
11295386|G011339|6220000010
11295387|G011339|6220000010
11295388|G011339|6220000010
11295389|G011339|6220000010
11295390|G011339|6220000010
11295391|G011339|6220000010
11295392|G011339|6220000010
11295393|G011339|6220000010
11295394|G011339|6220000010
11295395|G011339|6220000010
11295396|G011339|6220000010
11295428|G011339|6220000000
11295429|G011339|6220000000
11295430|G011339|6220000000
11295431|G011339|6220000000
11295432|G011339|6220000000
11295433|G011339|6220000010
11295434|G011339|6220000000
11295435|G011339|6220000010
11295436|G011339|6220000010
11300703|G011339|6220000000
11300704|G011339|6220000000
11300705|G011339|6220000000
11300706|G011339|6220000000
11300707|G011339|6220000000
11300708|G011339|6220000000
11300709|G011339|6220000000
11300718|G011339|6220000010
11300725|G011339|6220000000
11300726|G011339|6220000010
11300727|G011339|6220000000
11300754|G011339|6220000000
11300755|G011339|6220000000
11300758|G011339|6220000000
11300759|G011339|6220000000
11300760|G011339|6220000000
11300761|G011339|6220000000
11303175|G011339|6220000000
11303176|G011339|6220000000
11303199|G011339|6220000000
11303200|G011339|6220000000
11303201|G011339|6220000000
11303202|G011339|6220000000
11303203|G011339|6220000000
11303204|G011339|6220000000
11303205|G011339|6220000000
11303206|G011339|6220000000
11303208|G011339|6220000000
11303209|G011339|6220000000
11303210|G011339|6220000000
11303211|G011339|6220000000
11303212|G011339|6220000000
11303213|G011339|6220000000
11303214|G011339|6220000000
11303264|G011339|6220000000
11303265|G011339|6220000000
11303266|G011339|6220000000
11303267|G011339|6220000000
11303268|G011339|6220000000
11303269|G011339|6220000000
11303270|G011339|6220000000
11303271|G011339|6220000000
11303272|G011339|6220000000
11303273|G011339|6220000000
11303274|G011339|6220000000
11303275|G011339|6220000000
11303276|G011339|6220000000
11303277|G011339|6220000000
11303312|G011339|6220000010
11303315|G011339|6220000000
11303325|G011339|6220000000
11303345|G011339|6220000000
11303346|G011339|6220000000
11303356|G011339|6220000000
11303365|G011339|6220000000
11303366|G011339|6220000000
11303387|G011339|6220000000
11303388|G011339|6220000000
11303389|G011339|6220000000
11303390|G011339|6220000000
11303391|G011339|6220000000
11303392|G011339|6220000000
11303398|G011339|6220000000
11303399|G011339|6220000010
11303400|G011339|6220000000
11303401|G011339|6220000010
11303402|G011339|6220000000
11303403|G011339|6220000010
11303404|G011339|6220000000
11303405|G011339|6220000010
11303406|G011339|6220000000
11303407|G011339|6220000000
11303408|G011339|6220000000
11303411|G011339|6220000000
11303412|G011339|6220000000
11303414|G011339|6220000000
11303421|G011339|6220000000
11303422|G011339|6220000000
11303440|G011339|6220000000
11307195|G011339|6220000000
11307234|G011339|6220000000
11307262|G011339|6220000000
11307264|G011339|6220000000
11307276|G011339|6220000000
11307277|G011339|6220000000
11307278|G011339|6220000010
11307285|G011339|6220000010
11307286|G011339|6220000000
11307289|G011339|6220000000
11307290|G011339|6220000000
11307294|G011339|6220000000
11307300|G011339|6220000010
11311276|G011339|6220000000
11320206|G011339|6220000000
11320236|G011339|6220000000
11320239|G011339|6220000000
11320246|G011339|6220000000
11320249|G011339|6220000010
11320252|G011339|6220000010
11320298|G011339|6220000010
11320299|G011339|6220000010
11320300|G011339|6220000000
11320301|G011339|6220000000
11326366|G011339|6220000000
11326367|G011339|6220000000
11326368|G011339|6220000000
11326369|G011339|6220000000
11326370|G011339|6220000000
11326371|G011339|6220000000
11326372|G011339|6220000000
11326377|G011339|6220000000
11326378|G011339|6220000000
11326379|G011339|6220000000
11326380|G011339|6220000000
11326381|G011339|6220000000
11326382|G011339|6220000000
11326383|G011339|6220000000
11326384|G011339|6220000000
11326385|G011339|6220000000
11326386|G011339|6220000000
11326387|G011339|6220000000
11326388|G011339|6220000000
11326389|G011339|6220000000
11326390|G011339|6220000000
11326391|G011339|6220000000
11326392|G011339|6220000000
11326393|G011339|6220000000
11326394|G011339|6220000000
11326395|G011339|6220000000
11326396|G011339|6220000000
11326397|G011339|6220000000
11326398|G011339|6220000000
11326399|G011339|6220000000
11326400|G011339|6220000000
11326401|G011339|6220000000
11326402|G011339|6220000000
11326403|G011339|6220000000
11326404|G011339|6220000000
11326405|G011339|6220000000
11326406|G011339|6220000000
11326407|G011339|6220000000
11326408|G011339|6220000000
11326409|G011339|6220000000
11326410|G011339|6220000000
11326411|G011339|6220000000
11326412|G011339|6220000000
11326413|G011339|6220000000
11326414|G011339|6220000000
11326415|G011339|6220000000
11326416|G011339|6220000000
11326417|G011339|6220000000
11326418|G011339|6220000000
11326419|G011339|6220000000
11326420|G011339|6220000000
11326421|G011339|6220000000
11326422|G011339|6220000000
11326423|G011339|6220000000
11326424|G011339|6220000000
11326425|G011339|6220000000
11326426|G011339|6220000000
11326427|G011339|6220000000
11326428|G011339|6220000000
11326429|G011339|6220000000
11326430|G011339|6220000000
11326431|G011339|6220000000
11326432|G011339|6220000000
11326433|G011339|6220000000
11326434|G011339|6220000000
11326435|G011339|6220000000
11326436|G011339|6220000000
11326437|G011339|6220000000
11326438|G011339|6220000000
11326439|G011339|6220000000
11326508|G011339|6220000000
11326660|G011339|6220000000
11326661|G011339|6220000000
11326690|G011339|6220000000
11326691|G011339|6220000000
11326692|G011339|6220000000
11326693|G011339|6220000000
11326694|G011339|6220000000
11326695|G011339|6220000000
11326696|G011339|6220000000
11326700|G011339|6220000000
11326701|G011339|6220000000
11326702|G011339|6220000000
11326703|G011339|6220000000
11326704|G011339|6220000000
11326705|G011339|6220000000
11326706|G011339|6220000000
11326707|G011339|6220000000
11326708|G011339|6220000000
11326709|G011339|6220000000
11326710|G011339|6220000000
11326711|G011339|6220000000
11326712|G011339|6220000000
11326713|G011339|6220000000
11326714|G011339|6220000000
11326755|G011339|6220000000
11326756|G011339|6220000000
11326789|G011339|6220000000
11326790|G011339|6220000000
11326791|G011339|6220000000
11326792|G011339|6220000000
11326793|G011339|6220000000
11326794|G011339|6220000000
11326795|G011339|6220000000
11326796|G011339|6220000000
11326797|G011339|6220000000
11326798|G011339|6220000000
11326799|G011339|6220000000
11326800|G011339|6220000000
11326806|G011339|6220000000
11326807|G011339|6220000000
11326808|G011339|6220000000
11326811|G011339|6220000010
11326812|G011339|6220000010
11326813|G011339|6220000010
11326814|G011339|6220000010
11326815|G011339|6220000010
11326816|G011339|6220000010
11326817|G011339|6220000010
11326818|G011339|6220000010
11326819|G011339|6220000010
11326820|G011339|6220000010
11326821|G011339|6220000010
11326822|G011339|6220000010
11326823|G011339|6220000010
11326824|G011339|6220000010
11326825|G011339|6220000010
11326828|G011339|6220000000
11326829|G011339|6220000000
11326830|G011339|6220000000
11326831|G011339|6220000000
11326832|G011339|6220000000
11326833|G011339|6220000000
11326834|G011339|6220000000
11326895|G011339|6220000000
11326896|G011339|6220000000
11326897|G011339|6220000000
11326898|G011339|6220000000
11326899|G011339|6220000000
11326900|G011339|6220000000
11326901|G011339|6220000000
11326921|G011339|6220000000
11326922|G011339|6220000000
11326923|G011339|6220000000
11326924|G011339|6220000000
11326925|G011339|6220000000
11326926|G011339|6220000000
11326927|G011339|6220000000
11326929|G011339|6220000000
11327970|G011339|6220000000
11327972|G011339|6220000000
11327973|G011339|6220000000
11327975|G011339|6220000000
11327982|G011339|6220000000
11327983|G011339|6220000000
11327989|G011339|6220000000
11327992|G011339|6220000000
11327993|G011339|6220000000
11327998|G011339|6220000000
11327999|G011339|6220000010
11329364|G011339|6220000000
11329365|G011339|6220000000
11329368|G011339|6220000000
11329374|G011339|6220000010
11329459|G011339|6220000000
11329461|G011339|6220000000
11330222|G011339|6220000000
11330223|G011339|6220000000
11330224|G011339|6220000000
11330225|G011339|6220000000
11330226|G011339|6220000000
11330227|G011339|6220000000
11330231|G011339|6220000000
11330235|G011339|6220000010
11331147|G011339|6220000010
11331149|G011339|6220000010
11331198|G011339|6220000000
11331200|G011339|6220000010
11331201|G011339|6220000010
11331202|G011339|6220000010
11331203|G011339|6220000010
11331204|G011339|6220000010
11331205|G011339|6220000010
11331206|G011339|6220000010
11331208|G011339|6220000010
11331209|G011339|6220000010
11331216|G011339|6220000010
11331217|G011339|6220000010
11331218|G011339|6220000010
11331219|G011339|6220000010
11331220|G011339|6220000010
11331221|G011339|6220000010
11331222|G011339|6220000010
11331223|G011339|6220000010
11331224|G011339|6220000010
11331225|G011339|6220000010
11331226|G011339|6220000010
11331227|G011339|6220000010
11331228|G011339|6220000010
11331229|G011339|6220000010
11331230|G011339|6220000010
11331231|G011339|6220000010
11331232|G011339|6220000010
11331233|G011339|6220000010
11331234|G011339|6220000010
11331235|G011339|6220000000
11331236|G011339|6220000000
11331237|G011339|6220000000
11331238|G011339|6220000000
11331239|G011339|6220000000
11331240|G011339|6220000000
11331241|G011339|6220000000
11339141|G011339|6220000000
11339142|G011339|6220000000
11339143|G011339|6220000000
11339144|G011339|6220000000
11339145|G011339|6220000000
11339146|G011339|6220000000
11339153|G011339|6220000000
11339154|G011339|6220000000
11339155|G011339|6220000000
11339156|G011339|6220000000
11339157|G011339|6220000000
11339158|G011339|6220000000
11339159|G011339|6220000000
11339160|G011339|6220000000
11339161|G011339|6220000000
11339162|G011339|6220000000
11339163|G011339|6220000000
11339164|G011339|6220000000
11339188|G011339|6220000000
11339192|G011339|6220000000
11339193|G011339|6220000000
11339194|G011339|6220000000
11339195|G011339|6220000000
11339198|G011339|6220000000
11339202|G011339|6220000010
11339204|G011339|6220000010
11339217|G011339|6220000000
11339219|G011339|6220000000
11339220|G011339|6220000010
11339221|G011339|6220000010
11342689|G011339|6220000000
11342690|G011339|6220000000
11342691|G011339|6220000000
11342692|G011339|6220000000
11342693|G011339|6220000000
11342694|G011339|6220000000
11342695|G011339|6220000000
11342717|G011339|6220000000
11342721|G011339|6220000000
11342722|G011339|6220000000
11342723|G011339|6220000000
11342724|G011339|6220000000
11342725|G011339|6220000000
11342726|G011339|6220000000
11346107|G011339|6220000000
11346108|G011339|6220000000
11346109|G011339|6220000000
11346110|G011339|6220000000
11346111|G011339|6220000000
11346112|G011339|6220000000
11346113|G011339|6220000000
11346114|G011339|6220000000
11346115|G011339|6220000000
11346116|G011339|6220000000
11346117|G011339|6220000000
11346120|G011339|6220000000
11346121|G011339|6220000000
11346123|G011339|6220000000
11346124|G011339|6220000000
11346125|G011339|6220000000
11346126|G011339|6220000000
11346127|G011339|6220000000
11346128|G011339|6220000000
11346137|G011339|6220000010
11346146|G011339|6220000000
11346150|G011339|6220000000
11346151|G011339|6220000000
11346152|G011339|6220000000
11346153|G011339|6220000000
11346154|G011339|6220000010
11346155|G011339|6220000010
11346566|G011339|6220000000
11346567|G011339|6220000000
11346577|G011339|6220000000
11346578|G011339|6220000000
11346579|G011339|6220000000
11346580|G011339|6220000000
11346581|G011339|6220000000
11346588|G011339|6220000000
11346589|G011339|6220000000
11346590|G011339|6220000000
11346591|G011339|6220000010
11346592|G011339|6220000010
11346594|G011339|6220000000
11346595|G011339|6220000000
11346596|G011339|6220000000
11346597|G011339|6220000000
11346598|G011339|6220000010
11346627|G011339|6220000000
11346628|G011339|6220000000
11346763|G011339|6220000000
11349226|G011339|6220000000
11349228|G011339|6220000000
11349235|G011339|6220000010
11349236|G011339|6220000010
11349256|G011339|6220000000
11349257|G011339|6220000000
11349291|G011339|6220000000
11349292|G011339|6220000000
11354802|G011339|6220000000
11354803|G011339|6220000010
11354806|G011339|6220000000
11354808|G011339|6220000000
11360978|G011339|6220000000
11360979|G011339|6220000000
11360980|G011339|6220000000
11360981|G011339|6220000000
11360982|G011339|6220000000
11360983|G011339|6220000000
11360987|G011339|6220000000
11363090|G011339|6220000000
11363091|G011339|6220000000
11363092|G011339|6220000000
11363093|G011339|6220000000
11363638|G011339|6220000000
11363639|G011339|6220000000
11363647|G011339|6220000000
11363648|G011339|6220000000
11363685|G011339|6220000000
11363686|G011339|6220000000
11363687|G011339|6220000000
11363688|G011339|6220000000
11363689|G011339|6220000000
11363690|G011339|6220000000
11363691|G011339|6220000000
11363692|G011339|6220000000
11363693|G011339|6220000000
11363694|G011339|6220000000
11363695|G011339|6220000000
11363696|G011339|6220000000
11363697|G011339|6220000000
11363698|G011339|6220000000
11363699|G011339|6220000000
11363700|G011339|6220000000
11363701|G011339|6220000000
11363702|G011339|6220000000
11363703|G011339|6220000000
11363704|G011339|6220000000
11363705|G011339|6220000000
11363706|G011339|6220000000
11363707|G011339|6220000000
11363708|G011339|6220000000
11363709|G011339|6220000000
11363710|G011339|6220000000
11363711|G011339|6220000000
11363774|G011339|6220000000
11363775|G011339|6220000000
11363776|G011339|6220000000
11363777|G011339|6220000000
11363778|G011339|6220000000
11363779|G011339|6220000000
11363780|G011339|6220000000
11363809|G011339|6220000000
11363810|G011339|6220000000
11363811|G011339|6220000000
11363812|G011339|6220000000
11363813|G011339|6220000000
11363814|G011339|6220000000
11363815|G011339|6220000000
11363816|G011339|6220000000
11363817|G011339|6220000000
11363818|G011339|6220000000
11363819|G011339|6220000000
11363820|G011339|6220000000
11363821|G011339|6220000000
11363822|G011339|6220000000
11363823|G011339|6220000000
11363824|G011339|6220000000
11363825|G011339|6220000000
11363826|G011339|6220000000
11363827|G011339|6220000000
11363828|G011339|6220000000
11363829|G011339|6220000000
11363830|G011339|6220000000
11363831|G011339|6220000000
11363832|G011339|6220000000
11363833|G011339|6220000000
11363834|G011339|6220000000
11363835|G011339|6220000000
11363836|G011339|6220000000
11363837|G011339|6220000000
11363838|G011339|6220000000
11363839|G011339|6220000000
11363840|G011339|6220000000
11363841|G011339|6220000000
11363842|G011339|6220000000
11363843|G011339|6220000000
11363844|G011339|6220000000
11363845|G011339|6220000000
11363846|G011339|6220000000
11363847|G011339|6220000000
11363848|G011339|6220000000
11363849|G011339|6220000000
11363850|G011339|6220000000
11363851|G011339|6220000000
11363852|G011339|6220000000
11363854|G011339|6220000000
11363855|G011339|6220000000
11363856|G011339|6220000000
11363857|G011339|6220000000
11363858|G011339|6220000000
11363859|G011339|6220000000
11363860|G011339|6220000000
11363861|G011339|6220000000
11363862|G011339|6220000000
11363863|G011339|6220000000
11363864|G011339|6220000000
11363865|G011339|6220000000
11363867|G011339|6220000000
11363868|G011339|6220000000
11363869|G011339|6220000000
11363870|G011339|6220000000
11363871|G011339|6220000000
11363872|G011339|6220000000
11363873|G011339|6220000000
11363874|G011339|6220000000
11363930|G011339|6220000000
11363931|G011339|6220000000
11363937|G011339|6220000000
11363938|G011339|6220000000
11363946|G011339|6220000000
11364520|G011339|6220000000
11364521|G011339|6220000000
11364522|G011339|6220000000
11364523|G011339|6220000000
11364524|G011339|6220000000
11364525|G011339|6220000000
11364528|G011339|6220000010
11364529|G011339|6220000010
11364533|G011339|6220000010
11364600|G011339|6220000000
11364601|G011339|6220000000
11364604|G011339|6220000000
11364607|G011339|6220000000
11365011|G011339|6220000010
11375346|G011339|6220000000
11375364|G011339|6220000000
11375365|G011339|6220000000
11375371|G011339|6220000000
11375377|G011339|6220000000
11375384|G011339|6220000000
11375385|G011339|6220000000
11375386|G011339|6220000000
11375387|G011339|6220000000
11375388|G011339|6220000000
11375389|G011339|6220000000
11375397|G011339|6220000000
11375399|G011339|6220000000
11375409|G011339|6220000000
11375410|G011339|6220000000
11375411|G011339|6220000000
11375412|G011339|6220000000
11375413|G011339|6220000000
11375414|G011339|6220000000
11375415|G011339|6220000000
11375416|G011339|6220000000
11375417|G011339|6220000000
11375418|G011339|6220000000
11375419|G011339|6220000010
11376868|G011339|6220000000
11376869|G011339|6220000000
11376870|G011339|6220000000
11376871|G011339|6220000000
11376872|G011339|6220000000
11376873|G011339|6220000000
11376874|G011339|6220000010
11378653|G011339|6220000010
11378654|G011339|6220000010
11378655|G011339|6220000010
11378656|G011339|6220000010
11378657|G011339|6220000010
11378658|G011339|6220000010
11378659|G011339|6220000010
11378668|G011339|6220000000
11378669|G011339|6220000000
11378670|G011339|6220000000
11378696|G011339|6220000000
11378697|G011339|6220000000
11378698|G011339|6220000000
11378699|G011339|6220000000
11378700|G011339|6220000000
11378701|G011339|6220000000
11378702|G011339|6220000000
11378703|G011339|6220000010
11380035|G011339|6220000000
11382082|G011339|6220000000
11382083|G011339|6220000000
11382084|G011339|6220000000
10582682|G011339|6220000000
10582689|G011339|6220000000
10582711|G011339|6220000000
10582712|G011339|6220000000
10582741|G011339|6220000000
10582758|G011339|6220000000
10582761|G011339|6220000010
10582763|G011339|6220000000
10582826|G011339|6220000000
10582827|G011339|6220000000
10582828|G011339|6220000000
10582829|G011339|6220000000
10582830|G011339|6220000000
10582831|G011339|6220000000
10582839|G011339|6220000000
10601633|G011339|6220000000
10601634|G011339|6220000000
10601635|G011339|6220000000
10601684|G011339|6220000000
10601685|G011339|6220000000
10601686|G011339|6220000000
10601739|G011339|6220000000
10601876|G011339|6220000000
10601877|G011339|6220000000
10601879|G011339|6220000000
10601880|G011339|6220000000
10601881|G011339|6220000000
10601882|G011339|6220000000
10601883|G011339|6220000000
10601884|G011339|6220000000
10601885|G011339|6220000000
10601886|G011339|6220000000
10601887|G011339|6220000000
10601888|G011339|6220000000
10601889|G011339|6220000000
10601890|G011339|6220000000
10601960|G011339|6220000000
10605993|G011339|6220000000
10606010|G011339|6220000000
10606043|G011339|6220000000
10606044|G011339|6220000000
10606045|G011339|6220000000
10606053|G011339|6220000000
10606073|G011339|6220000000
10606074|G011339|6220000000
10606075|G011339|6220000000
10606076|G011339|6220000000
10606077|G011339|6220000000
10606078|G011339|6220000000
10606080|G011339|6220000000
10606081|G011339|6220000000
10606082|G011339|6220000000
10606083|G011339|6220000000
10606084|G011339|6220000000
10608767|G011339|6220000000
10608768|G011339|6220000000
10608769|G011339|6220000000
10608770|G011339|6220000000
10608771|G011339|6220000000
10608784|G011339|6220000000
10608785|G011339|6220000000
10608904|G011339|6220000000
10610742|G011339|6220000000
10611652|G011339|6220000000
10611654|G011339|6220000000
10611655|G011339|6220000000
10611656|G011339|6220000000
10611657|G011339|6220000000
10611658|G011339|6220000000
10611659|G011339|6220000000
10611660|G011339|6220000000
10611661|G011339|6220000000
10611662|G011339|6220000000
10611663|G011339|6220000000
10611666|G011339|6220000000
10611667|G011339|6220000000
10611669|G011339|6220000000
10611670|G011339|6220000000
10611671|G011339|6220000000
10611672|G011339|6220000000
10611673|G011339|6220000000
10611674|G011339|6220000000
10611675|G011339|6220000000
10611676|G011339|6220000000
10611677|G011339|6220000000
10611678|G011339|6220000000
10611679|G011339|6220000000
10611681|G011339|6220000000
10611688|G011339|6220000000
10611711|G011339|6220000000
10611712|G011339|6220000000
10611713|G011339|6220000000
10611714|G011339|6220000000
10611715|G011339|6220000000
10611716|G011339|6220000000
10611717|G011339|6220000000
10611718|G011339|6220000000
10611719|G011339|6220000000
10611720|G011339|6220000000
10611721|G011339|6220000000
10611722|G011339|6220000000
10611723|G011339|6220000000
10611724|G011339|6220000000
10611725|G011339|6220000000
10611726|G011339|6220000000
10611727|G011339|6220000000
10611728|G011339|6220000000
10611729|G011339|6220000000
10611730|G011339|6220000000
10611731|G011339|6220000000
10611732|G011339|6220000000
10611733|G011339|6220000000
10611734|G011339|6220000000
10611735|G011339|6220000000
10611736|G011339|6220000000
10611737|G011339|6220000000
10611738|G011339|6220000000
10611739|G011339|6220000000
10611740|G011339|6220000000
10611741|G011339|6220000000
10611742|G011339|6220000000
10611743|G011339|6220000000
10611744|G011339|6220000000
10611745|G011339|6220000000
10611746|G011339|6220000000
10611747|G011339|6220000000
10611748|G011339|6220000000
10611749|G011339|6220000000
10611750|G011339|6220000000
10611751|G011339|6220000000
10611752|G011339|6220000000
10611768|G011339|6220000000
10611769|G011339|6220000000
10611770|G011339|6220000000
10611771|G011339|6220000000
10611772|G011339|6220000000
10611773|G011339|6220000000
10611774|G011339|6220000000
10611775|G011339|6220000000
10611776|G011339|6220000000
10611777|G011339|6220000000
10611778|G011339|6220000000
10611779|G011339|6220000000
10611780|G011339|6220000000
10611781|G011339|6220000000
10611782|G011339|6220000000
10611783|G011339|6220000000
10611784|G011339|6220000000
10611785|G011339|6220000000
10611919|G011339|6220000000
10611920|G011339|6220000000
10611924|G011339|6220000000
10611925|G011339|6220000000
10611926|G011339|6220000000
10611927|G011339|6220000000
10611928|G011339|6220000000
10611934|G011339|6220000000
10611960|G011339|6220000000
10611961|G011339|6220000000
10611964|G011339|6220000000
10611967|G011339|6220000000
10615645|G011339|6220000000
10615646|G011339|6220000000
10654082|G011339|6220000000
10654083|G011339|6220000000
10691794|G011339|6220000000
10691795|G011339|6220000000
10691796|G011339|6220000000
10691797|G011339|6220000000
10691798|G011339|6220000000
10691799|G011339|6220000000
10691800|G011339|6220000000
10691801|G011339|6220000000
10691883|G011339|6220000000
10692056|G011339|6220000000
10692094|G011339|6220000000
10692252|G011339|6220000000
10692823|G011339|6220000000
10692836|G011339|6220000000
10693960|G011339|6220000000
10693961|G011339|6220000000
10693962|G011339|6220000000
10694236|G011339|6220000000
10694440|G011339|6220000000
10694453|G011339|6220000000
10694454|G011339|6220000000
10694464|G011339|6220000000
10694472|G011339|6220000000
10694483|G011339|6220000000
10694495|G011339|6220000000
10694873|G011339|6220000000
10695705|G011339|6220000000
10695706|G011339|6220000000
10695769|G011339|6220000000
10696162|G011339|6220000000
10750853|G011339|6220000000
10757758|G011339|6220000000
10757759|G011339|6220000000
10765138|G011339|6220000000
10765144|G011339|6220000000
10765145|G011339|6220000000
10765207|G011339|6220000000
10769297|G011339|6220000000
10769298|G011339|6220000000
10838067|G011339|6220000010
10838068|G011339|6220000000
10853420|G011339|6220000010
10853436|G011339|6220000000
10853911|G011339|6220000000
10862619|G011339|6220000000
10862912|G011339|6220000000
10862920|G011339|6220000000
10865442|G011339|6220000000
10865656|G011339|6220000000
10866502|G011339|6220000000
10871172|G011339|6220000000
10873397|G011339|6220000000
10875385|G011339|6220000000
10875428|G011339|6220000000
10875512|G011339|6220000000
10878460|G011339|6220000000
10878491|G011339|6220000000
10878495|G011339|6220000000
10878502|G011339|6220000000
10880668|G011339|6220000000
10880669|G011339|6220000000
10880725|G011339|6220000000
10880726|G011339|6220000000
10884484|G011339|6220000000
10893570|G011339|6220000000
10900459|G011339|6220000000
10901829|G011339|6220000000
10901877|G011339|6220000000
10901878|G011339|6220000000
10901879|G011339|6220000000
10901905|G011339|6220000000
10902181|G011339|6220000010
10902182|G011339|6220000010
10902183|G011339|6220000010
10902387|G011339|6220000000
10902388|G011339|6220000000
10902389|G011339|6220000000
10907684|G011339|6220000000
10907694|G011339|6220000000
10907695|G011339|6220000000
10908305|G011339|6220000010
10910108|G011339|6220000000
10912230|G011339|6220000000
10912231|G011339|6220000000
10912232|G011339|6220000000
10912233|G011339|6220000000
10912234|G011339|6220000000
10912235|G011339|6220000000
10912236|G011339|6220000000
10912237|G011339|6220000000
10912329|G011339|6220000000
10912507|G011339|6220000000
10912537|G011339|6220000000
10912672|G011339|6220000010
10912688|G011339|6220000000
10912852|G011339|6220000000
10912853|G011339|6220000000
10912896|G011339|6220000000
10912897|G011339|6220000000
10913418|G011339|6220000000
10913431|G011339|6220000000
10913637|G011339|6220000000
10921414|G011339|6220000000
10931507|G011339|6220000000
10931640|G011339|6220000000
10931641|G011339|6220000000
10932128|G011339|6220000000
10932129|G011339|6220000000
10932130|G011339|6220000000
10932175|G011339|6220000000
10939658|G011339|6220000000
10940361|G011339|6220000000
10940362|G011339|6220000000
10940368|G011339|6220000000
10940411|G011339|6220000000
10940514|G011339|6220000000
10940515|G011339|6220000000
10940516|G011339|6220000000
10940517|G011339|6220000000
10940518|G011339|6220000000
10940519|G011339|6220000000
10940520|G011339|6220000000
10940521|G011339|6220000000
10940522|G011339|6220000000
10940523|G011339|6220000000
10940524|G011339|6220000000
10940525|G011339|6220000000
10940526|G011339|6220000000
10940527|G011339|6220000000
10940528|G011339|6220000000
10940529|G011339|6220000000
10940630|G011339|6220000010
10940673|G011339|6220000000
10940689|G011339|6220000000
10940690|G011339|6220000000
10943880|G011339|6220000010
10943886|G011339|6220000000
10943892|G011339|6220000000
10943894|G011339|6220000000
10943976|G011339|6220000000
10943989|G011339|6220000000
10943990|G011339|6220000000
10943992|G011339|6220000000
10943993|G011339|6220000000
10944556|G011339|6220000000
10944577|G011339|6220000000
10944717|G011339|6220000000
10947149|G011339|6220000000
10947310|G011339|6220000000
10947484|G011339|6220000000
10951132|G011339|6220000000
10951135|G011339|6220000000
10951136|G011339|6220000000
10951137|G011339|6220000000
10951138|G011339|6220000000
10951139|G011339|6220000000
10951140|G011339|6220000000
10951161|G011339|6220000000
10951162|G011339|6220000000
10951405|G011339|6220000000
10953794|G011339|6220000000
10953885|G011339|6220000000
10953969|G011339|6220000000
10957055|G011339|6220000000
10957059|G011339|6220000000
10957086|G011339|6220000010
10963657|G011339|6220000000
10963658|G011339|6220000000
10963659|G011339|6220000000
10963660|G011339|6220000000
10967791|G011339|6220000000
10967792|G011339|6220000000
10967793|G011339|6220000000
10967794|G011339|6220000000
10967944|G011339|6220000000
10967945|G011339|6220000000
10967946|G011339|6220000000
10967947|G011339|6220000000
10968037|G011339|6220000000
10971218|G011339|6220000000
10975075|G011339|6220000000
10975076|G011339|6220000000
10975077|G011339|6220000000
10975078|G011339|6220000000
10975079|G011339|6220000000
10975080|G011339|6220000000
10982612|G011339|6220000000
10995545|G011339|6220000010
10995546|G011339|6220000010
10995547|G011339|6220000010
10995549|G011339|6220000000
10995550|G011339|6220000000
11004098|G011339|6220000000
11005524|G011339|6220000000
11005534|G011339|6220000000
11026349|G011339|6220000000
11038212|G011339|6220000000
11048077|G011339|6220000010
11048793|G011339|6220000000
11048797|G011339|6220000000
11048798|G011339|6220000000
11051799|G011339|6220000000
11051972|G011339|6220000000
11051973|G011339|6220000000
11052060|G011339|6220000000
11052129|G011339|6220000000
11052184|G011339|6220000010
11052185|G011339|6220000010
11052222|G011339|6220000000
11052223|G011339|6220000000
11052224|G011339|6220000000
11052225|G011339|6220000000
11052226|G011339|6220000000
11052227|G011339|6220000000
11052257|G011339|6220000000
11052274|G011339|6220000000
11052289|G011339|6220000000
11052290|G011339|6220000000
11052922|G011339|6220000000
11054215|G011339|6220000000
11054216|G011339|6220000000
11062041|G011339|6220000000
11062063|G011339|6220000010
11063807|G011339|6220000000
11063809|G011339|6220000000
11063863|G011339|6220000000
11063864|G011339|6220000000
11074821|G011339|6220000000
11074822|G011339|6220000000
11074823|G011339|6220000000
11074824|G011339|6220000000
11074825|G011339|6220000000
11074826|G011339|6220000000
11089707|G011339|6220000000
11089718|G011339|6220000000
11097162|G011339|6220000000
11097165|G011339|6220000000
11097311|G011339|6220000000
11097312|G011339|6220000000
11097319|G011339|6220000000
11097398|G011339|6220000000
11097504|G011339|6220000000
11097531|G011339|6220000000
11097532|G011339|6220000010
11097561|G011339|6220000000
11097600|G011339|6220000000
11097916|G011339|6220000000
11098153|G011339|6220000000
11098362|G011339|6220000000
11098363|G011339|6220000000
11098364|G011339|6220000000
11098365|G011339|6220000000
11098366|G011339|6220000000
11098367|G011339|6220000000
11098368|G011339|6220000000
11098369|G011339|6220000000
11098370|G011339|6220000000
11098371|G011339|6220000000
11098372|G011339|6220000000
11100213|G011339|6220000000
11100239|G011339|6220000010
11100240|G011339|6220000010
11100276|G011339|6220000010
11101931|G011339|6220000000
11101960|G011339|6220000000
11103424|G011339|6220000000
11105004|G011339|6220000010
11105005|G011339|6220000010
11113787|G011339|6220000000
11116810|G011339|6220000010
11116844|G011339|6220000000
11116868|G011339|6220000000
11116882|G011339|6220000000
11116927|G011339|6220000000
11116930|G011339|6220000000
11116972|G011339|6220000000
11124154|G011339|6220000000
11124377|G011339|6220000000
11124380|G011339|6220000000
11124381|G011339|6220000000
11124382|G011339|6220000000
11124383|G011339|6220000000
11124384|G011339|6220000000
11124385|G011339|6220000010
11124386|G011339|6220000000
11124619|G011339|6220000000
11124623|G011339|6220000000
11124624|G011339|6220000000
11124625|G011339|6220000000
11124626|G011339|6220000000
11124627|G011339|6220000000
11124628|G011339|6220000000
11124629|G011339|6220000000
11124630|G011339|6220000000
11124891|G011339|6220000000
11125106|G011339|6220000000
11125146|G011339|6220000010
11125200|G011339|6220000010
11125350|G011339|6220000010
11125354|G011339|6220000000
11135065|G011339|6220000000
11135236|G011339|6220000000
11135252|G011339|6220000000
11135256|G011339|6220000000
11135383|G011339|6220000000
11135384|G011339|6220000000
11135385|G011339|6220000000
11135386|G011339|6220000000
11135387|G011339|6220000000
11135388|G011339|6220000000
11135389|G011339|6220000000
11135390|G011339|6220000000
11135584|G011339|6220000000
11135720|G011339|6220000000
11135790|G011339|6220000010
11136014|G011339|6220000000
11136178|G011339|6220000000
11136418|G011339|6220000000
11136419|G011339|6220000000
11136420|G011339|6220000000
11136421|G011339|6220000000
11136454|G011339|6220000000
11136684|G011339|6220000010
11136685|G011339|6220000010
11151526|G011339|6220000000
11151551|G011339|6220000010
11151552|G011339|6220000010
11151553|G011339|6220000010
11151575|G011339|6220000000
11151576|G011339|6220000000
11151577|G011339|6220000000
11151578|G011339|6220000000
11151579|G011339|6220000000
11151580|G011339|6220000000
11151581|G011339|6220000000
11151582|G011339|6220000000
11151583|G011339|6220000000
11151584|G011339|6220000000
11151585|G011339|6220000000
11151586|G011339|6220000000
11151587|G011339|6220000000
11151588|G011339|6220000000
11151589|G011339|6220000000
11151590|G011339|6220000000
11151591|G011339|6220000000
11151592|G011339|6220000000
11151593|G011339|6220000000
11151594|G011339|6220000000
11151595|G011339|6220000000
11151596|G011339|6220000000
11151597|G011339|6220000000
11151598|G011339|6220000000
11151599|G011339|6220000000
11151600|G011339|6220000000
11151615|G011339|6220000000
11151653|G011339|6220000000
11151654|G011339|6220000010
11151655|G011339|6220000010
11151656|G011339|6220000010
11151657|G011339|6220000000
11151659|G011339|6220000000
11151729|G011339|6220000000
11153735|G011339|6220000000
11153758|G011339|6220000000
11153759|G011339|6220000000
11153892|G011339|6220000000
11153999|G011339|6220000000
11154101|G011339|6220000000
11154160|G011339|6220000000
11154198|G011339|6220000000
11154226|G011339|6220000000
11154252|G011339|6220000000
11154265|G011339|6220000000
11154362|G011339|6220000000
11155086|G011339|6220000000
11155102|G011339|6220000000
11155122|G011339|6220000000
11155207|G011339|6220000010
11155209|G011339|6220000010
11155211|G011339|6220000010
11155212|G011339|6220000010
11155248|G011339|6220000010
11155289|G011339|6220000000
11155315|G011339|6220000000
11155316|G011339|6220000000
11155317|G011339|6220000000
11155318|G011339|6220000000
11155341|G011339|6220000000
11155342|G011339|6220000000
11158523|G011339|6220000000
11158525|G011339|6220000000
11158563|G011339|6220000000
11161399|G011339|6220000000
11161400|G011339|6220000000
11170902|G011339|6220000000
11170919|G011339|6220000010
11170928|G011339|6220000000
11170936|G011339|6220000000
11170944|G011339|6220000000
11171668|G011339|6220000000
11171669|G011339|6220000000
11171670|G011339|6220000000
11171671|G011339|6220000000
11171672|G011339|6220000000
11171673|G011339|6220000000
11171694|G011339|6220000000
11171695|G011339|6220000000
11171696|G011339|6220000000
11171735|G011339|6220000000
11171896|G011339|6220000000
11171897|G011339|6220000000
11171898|G011339|6220000000
11171899|G011339|6220000000
11171900|G011339|6220000000
11171901|G011339|6220000000
11171902|G011339|6220000000
11171939|G011339|6220000000
11171940|G011339|6220000000
11171941|G011339|6220000000
11171942|G011339|6220000000
11171955|G011339|6220000000
11172888|G011339|6220000000
11179259|G011339|6220000010
11181668|G011339|6220000000
11181682|G011339|6220000010
11181712|G011339|6220000000
11181719|G011339|6220000010
11181720|G011339|6220000010
11181721|G011339|6220000010
11181722|G011339|6220000010
11181723|G011339|6220000010
11181724|G011339|6220000010
11191078|G011339|6220000000
11191726|G011339|6220000000
11191728|G011339|6220000000
11191732|G011339|6220000000
11191734|G011339|6220000000
11191736|G011339|6220000000
11191737|G011339|6220000010
11191739|G011339|6220000010
11192588|G011339|6220000000
11192589|G011339|6220000000
11192590|G011339|6220000000
11192591|G011339|6220000000
11192592|G011339|6220000000
11192593|G011339|6220000000
11193120|G011339|6220000010
11193121|G011339|6220000010
11193122|G011339|6220000010
11193123|G011339|6220000010
11193124|G011339|6220000010
11193125|G011339|6220000010
11193253|G011339|6220000000
11193255|G011339|6220000000
11193355|G011378|6220000020
11195412|G011339|6220000000
11199010|G011339|6220000000
11207616|G011339|6220000000
11215395|G011339|6220000000
11215397|G011339|6220000000
11215398|G011339|6220000000
11215405|G011339|6220000000
11215406|G011339|6220000000
11215407|G011339|6220000010
11215409|G011339|6220000010
11218617|G011339|6220000000
11218618|G011339|6220000000
11218619|G011339|6220000000
11218620|G011339|6220000000
11218621|G011339|6220000000
11218622|G011339|6220000000
11218623|G011339|6220000000
11218643|G011339|6220000000
11218666|G011339|6220000000
11218670|G011339|6220000000
11218673|G011339|6220000000
11218737|G011339|6220000000
11218739|G011339|6220000000
11218761|G011339|6220000000
11218777|G011339|6220000000
11218778|G011339|6220000000
11218790|G011339|6220000000
11218791|G011339|6220000000
11218792|G011339|6220000000
11218793|G011339|6220000000
11218794|G011339|6220000000
11218795|G011339|6220000000
11218796|G011339|6220000000
11218797|G011339|6220000000
11218798|G011339|6220000000
11218815|G011339|6220000000
11218816|G011339|6220000000
11218859|G011339|6220000000
11218860|G011339|6220000000
11218861|G011339|6220000000
11218862|G011339|6220000000
11218863|G011339|6220000000
11218864|G011339|6220000000
11218865|G011339|6220000000
11218866|G011339|6220000000
11218867|G011339|6220000000
11218868|G011339|6220000000
11218869|G011339|6220000000
11218870|G011339|6220000000
11218871|G011339|6220000000
11218872|G011339|6220000000
11218873|G011339|6220000000
11218874|G011339|6220000000
11218875|G011339|6220000000
11218876|G011339|6220000000
11218877|G011339|6220000000
11218878|G011339|6220000000
11218879|G011339|6220000000
11218880|G011339|6220000000
11218881|G011339|6220000000
11218882|G011339|6220000000
11218883|G011339|6220000000
11218884|G011339|6220000000
11218885|G011339|6220000000
11218886|G011339|6220000000
11218950|G011339|6220000000
11218951|G011339|6220000000
11218983|G011339|6220000000
11219129|G011339|6220000000
11219142|G011339|6220000000
11219143|G011339|6220000000
11219144|G011339|6220000000
11219145|G011339|6220000000
11219146|G011339|6220000000
11219147|G011339|6220000000
11219148|G011339|6220000000
11219149|G011339|6220000000
11219150|G011339|6220000010
11219151|G011339|6220000010
11219156|G011339|6220000010
11219157|G011339|6220000010
11219158|G011339|6220000010
11219159|G011339|6220000010
11219160|G011339|6220000010
11219163|G011339|6220000000
11219165|G011339|6220000000
11219166|G011339|6220000000
11219476|G011339|6220000010
11219490|G011339|6220000010
11219546|G011339|6220000000
11219552|G011339|6220000000
11219563|G011339|6220000000
11219567|G011339|6220000000
11223464|G011339|6220000000
11223493|G011339|6220000000
11225450|G011339|6220000000
11225468|G011339|6220000000
11225472|G011339|6220000000
11225497|G011339|6220000000
11225498|G011339|6220000000
11225499|G011339|6220000000
11225500|G011339|6220000000
11225502|G011339|6220000000
11225503|G011339|6220000000
11225504|G011339|6220000000
11225510|G011339|6220000000
11229611|G011339|6220000010
11229617|G011339|6220000010
11229690|G011339|6220000000
11230970|G011339|6220000000
11230971|G011339|6220000000
11230972|G011339|6220000000
11231057|G011339|6220000000
11231058|G011339|6220000000
11231059|G011339|6220000000
11231060|G011339|6220000000
11231061|G011339|6220000000
11231062|G011339|6220000000
11252678|G011339|6220000000
11252927|G011339|6220000010
11253013|G011339|6220000000
11254450|G011339|6220000000
11254451|G011339|6220000000
11254453|G011339|6220000010
11257235|G011339|6220000000
11257245|G011339|6220000000
11257275|G011339|6220000000
11257278|G011339|6220000000
11257279|G011339|6220000010
11258388|G011339|6220000000
11258389|G011339|6220000000
11258390|G011339|6220000000
11258391|G011339|6220000000
11258411|G011339|6220000000
11259271|G011339|6220000000
11259272|G011339|6220000000
11259275|G011339|6220000000
11259276|G011339|6220000000
11259277|G011339|6220000000
11259278|G011339|6220000000
11259279|G011339|6220000000
11259280|G011339|6220000000
11259281|G011339|6220000000
11259306|G011339|6220000000
11259307|G011339|6220000000
11259384|G011339|6220000010
11259386|G011339|6220000000
11259387|G011339|6220000000
11259388|G011339|6220000000
11259389|G011339|6220000000
11259397|G011339|6220000010
11259398|G011339|6220000010
11259414|G011339|6220000000
11259415|G011339|6220000000
11259416|G011339|6220000000
11259417|G011339|6220000000
11259418|G011339|6220000000
11259419|G011339|6220000000
11259420|G011339|6220000000
11259470|G011339|6220000010
11259477|G011339|6220000000
11259478|G011339|6220000000
11259515|G011339|6220000000
11259520|G011339|6220000000
11259540|G011339|6220000000
11259574|G011339|6220000000
11259575|G011339|6220000000
11259576|G011339|6220000000
11259577|G011339|6220000000
11259578|G011339|6220000000
11259579|G011339|6220000000
11259580|G011339|6220000000
11259601|G011339|6220000000
11259718|G011339|6220000000
11259720|G011339|6220000000
11259721|G011339|6220000000
11259722|G011339|6220000000
11259723|G011339|6220000000
11259724|G011339|6220000000
11259725|G011339|6220000000
11259726|G011339|6220000000
11259727|G011339|6220000000
11259728|G011339|6220000000
11259730|G011339|6220000000
11259731|G011339|6220000000
11259732|G011339|6220000000
11259733|G011339|6220000000
11259734|G011339|6220000000
11259794|G011339|6220000000
11259795|G011339|6220000000
11259796|G011339|6220000000
11259797|G011339|6220000000
11259798|G011339|6220000000
11259830|G011339|6220000000
11259831|G011339|6220000000
11259832|G011339|6220000000
11259833|G011339|6220000000
11259834|G011339|6220000000
11259835|G011339|6220000000
11259836|G011339|6220000000
11259837|G011339|6220000000
11259838|G011339|6220000000
11259839|G011339|6220000000
11259840|G011339|6220000000
11259841|G011339|6220000000
11259842|G011339|6220000000
11259843|G011339|6220000000
11259927|G011339|6220000000
11259928|G011339|6220000000
11259938|G011339|6220000000
11259945|G011339|6220000000
11259969|G011339|6220000000
11259970|G011339|6220000000
11259971|G011339|6220000000
11259972|G011339|6220000000
11259973|G011339|6220000000
11259983|G011339|6220000000
11259998|G011339|6220000000
11259999|G011339|6220000000
11260005|G011339|6220000000
11260007|G011339|6220000000
11260022|G011339|6220000000
11260032|G011339|6220000000
11260033|G011339|6220000000
11260036|G011339|6220000000
11260088|G011339|6220000000
11260089|G011339|6220000000
11260090|G011339|6220000000
11260091|G011339|6220000000
11260092|G011339|6220000000
11260094|G011339|6220000000
11260095|G011339|6220000000
11260096|G011339|6220000000
11260100|G011339|6220000000
11260125|G011339|6220000000
11260126|G011339|6220000000
11260127|G011339|6220000000
11260128|G011339|6220000000
11260129|G011339|6220000000
11260130|G011339|6220000000
11260131|G011339|6220000000
11260132|G011339|6220000000
11260133|G011339|6220000000
11260135|G011339|6220000000
11260136|G011339|6220000000
11260138|G011339|6220000000
11260139|G011339|6220000000
11260266|G011339|6220000000
11260267|G011339|6220000000
11260268|G011339|6220000000
11260269|G011339|6220000000
11260290|G011339|6220000000
11260301|G011339|6220000000
11261480|G011339|6220000000
11261481|G011339|6220000000
11261482|G011339|6220000000
11261483|G011339|6220000000
11261484|G011339|6220000000
11261485|G011339|6220000000
11261486|G011339|6220000000
11261487|G011339|6220000000
11261488|G011339|6220000000
11261489|G011339|6220000000
11261490|G011339|6220000000
11261491|G011339|6220000000
11261492|G011339|6220000000
11261493|G011339|6220000000
11261494|G011339|6220000000
11261495|G011339|6220000000
11261496|G011339|6220000000
11261497|G011339|6220000000
11261498|G011339|6220000000
11261499|G011339|6220000000
11261500|G011339|6220000000
11261501|G011339|6220000000
11261502|G011339|6220000000
11261503|G011339|6220000000
11261504|G011339|6220000000
11261505|G011339|6220000000
11261506|G011339|6220000000
11261561|G011339|6220000000
11261622|G011339|6220000000
11261629|G011339|6220000010
11278830|G011339|6220000010
11278831|G011339|6220000000
11278840|G011339|6220000010
11278842|G011339|6220000000
11278850|G011339|6220000000
11282675|G011339|6220000000
11282716|G011339|6220000010
11282717|G011339|6220000010
11282718|G011339|6220000010
11282733|G011339|6220000000
11282947|G011339|6220000000
11282948|G011339|6220000000
11282949|G011339|6220000000
11282950|G011339|6220000000
11282951|G011339|6220000000
11282952|G011339|6220000000
11282953|G011339|6220000000
11283016|G011339|6220000000
11283036|G011339|6220000000
11283037|G011339|6220000000
11283041|G011339|6220000000
11283042|G011339|6220000000
11283070|G011339|6220000010
11283071|G011339|6220000010
11283075|G011339|6220000000
11283089|G011339|6220000000
11283154|G011339|6220000000
11288224|G011339|6220000000
11288234|G011339|6220000000
11295105|G011339|6220000000
11295106|G011339|6220000000
11295128|G011339|6220000000
11295129|G011339|6220000000
11295156|G011339|6220000000
11295157|G011339|6220000000
11295160|G011339|6220000000
11295162|G011339|6220000000
11295338|G011339|6220000000
11300728|G011339|6220000010
11300729|G011339|6220000000
11300756|G011339|6220000000
11300757|G011339|6220000000
11303080|G011339|6220000000
11303081|G011339|6220000000
11303082|G011339|6220000000
11303083|G011339|6220000000
11303084|G011339|6220000000
11303085|G011339|6220000000
11303086|G011339|6220000000
11303087|G011339|6220000000
11303088|G011339|6220000000
11303089|G011339|6220000000
11303090|G011339|6220000000
11303091|G011339|6220000000
11303093|G011339|6220000000
11303094|G011339|6220000000
11303095|G011339|6220000000
11303096|G011339|6220000000
11303098|G011339|6220000000
11303099|G011339|6220000000
11303100|G011339|6220000000
11303102|G011339|6220000000
11303103|G011339|6220000000
11303104|G011339|6220000000
11303105|G011339|6220000000
11303106|G011339|6220000000
11303107|G011339|6220000000
11303108|G011339|6220000000
11303109|G011339|6220000000
11303110|G011339|6220000000
11303111|G011339|6220000000
11303112|G011339|6220000000
11303113|G011339|6220000000
11303114|G011339|6220000000
11303115|G011339|6220000000
11303116|G011339|6220000000
11303117|G011339|6220000000
11303118|G011339|6220000000
11303119|G011339|6220000000
11303120|G011339|6220000000
11303121|G011339|6220000000
11303122|G011339|6220000000
11303123|G011339|6220000000
11303124|G011339|6220000000
11303125|G011339|6220000000
11303126|G011339|6220000000
11303127|G011339|6220000000
11303128|G011339|6220000000
11303129|G011339|6220000000
11303130|G011339|6220000000
11303219|G011339|6220000000
11303220|G011339|6220000000
11303221|G011339|6220000000
11303222|G011339|6220000000
11303223|G011339|6220000000
11303224|G011339|6220000000
11303226|G011339|6220000000
11303227|G011339|6220000000
11303228|G011339|6220000000
11303229|G011339|6220000000
11303230|G011339|6220000000
11303231|G011339|6220000000
11303232|G011339|6220000000
11303234|G011339|6220000000
11303235|G011339|6220000000
11303236|G011339|6220000000
11303237|G011339|6220000000
11303238|G011339|6220000000
11303239|G011339|6220000000
11303240|G011339|6220000000
11303241|G011339|6220000000
11303242|G011339|6220000000
11303244|G011339|6220000000
11303245|G011339|6220000000
11303246|G011339|6220000000
11303247|G011339|6220000000
11303248|G011339|6220000000
11303249|G011339|6220000000
11303250|G011339|6220000000
11303251|G011339|6220000000
11303252|G011339|6220000000
11303253|G011339|6220000000
11303254|G011339|6220000000
11303255|G011339|6220000000
11303282|G011339|6220000000
11303283|G011339|6220000000
11303284|G011339|6220000000
11303285|G011339|6220000000
11303286|G011339|6220000000
11303287|G011339|6220000000
11303288|G011339|6220000000
11303301|G011339|6220000000
11303302|G011339|6220000000
11303303|G011339|6220000000
11303304|G011339|6220000000
11303305|G011339|6220000000
11303306|G011339|6220000000
11303307|G011339|6220000000
11303308|G011339|6220000000
11303309|G011339|6220000000
11303316|G011339|6220000010
11303317|G011339|6220000010
11303318|G011339|6220000010
11303319|G011339|6220000010
11303320|G011339|6220000010
11303321|G011339|6220000010
11303322|G011339|6220000010
11303348|G011339|6220000000
11303349|G011339|6220000000
11303350|G011339|6220000000
11303351|G011339|6220000000
11303352|G011339|6220000000
11303353|G011339|6220000000
11303379|G011339|6220000000
11303380|G011339|6220000000
11303381|G011339|6220000000
11303382|G011339|6220000000
11303383|G011339|6220000000
11303384|G011339|6220000000
11303395|G011339|6220000000
11303396|G011339|6220000000
11303397|G011339|6220000000
11307162|G011339|6220000010
11307163|G011339|6220000000
11307213|G011339|6220000000
11307239|G011339|6220000000
11311272|G011339|6220000010
11311273|G011339|6220000010
11311274|G011339|6220000010
11311275|G011339|6220000010
11311277|G011339|6220000010
11311278|G011339|6220000010
11320207|G011339|6220000000
11320235|G011339|6220000010
11320237|G011339|6220000000
11320248|G011339|6220000000
11320250|G011339|6220000000
11320251|G011339|6220000000
11320302|G011339|6220000010
11320313|G011339|6220000000
11326803|G011339|6220000010
11326887|G011339|6220000000
11326888|G011339|6220000000
11326889|G011339|6220000000
11326890|G011339|6220000000
11326891|G011339|6220000000
11326892|G011339|6220000000
11326893|G011339|6220000000
11327991|G011339|6220000000
11329373|G011339|6220000000
11331151|G011339|6220000000
11331152|G011339|6220000000
11331153|G011339|6220000000
11331154|G011339|6220000000
11331166|G011339|6220000000
11331167|G011339|6220000000
11331168|G011339|6220000000
11331169|G011339|6220000000
11331170|G011339|6220000000
11331171|G011339|6220000000
11331172|G011339|6220000000
11331174|G011339|6220000010
11331175|G011339|6220000000
11331176|G011339|6220000000
11331177|G011339|6220000000
11331178|G011339|6220000000
11331179|G011339|6220000000
11331180|G011339|6220000000
11331181|G011339|6220000000
11331182|G011339|6220000000
11331183|G011339|6220000000
11331184|G011339|6220000000
11331185|G011339|6220000000
11331186|G011339|6220000000
11331187|G011339|6220000000
11331188|G011339|6220000000
11331189|G011339|6220000000
11331190|G011339|6220000000
11331191|G011339|6220000000
11331192|G011339|6220000000
11331193|G011339|6220000000
11331194|G011339|6220000000
11331195|G011339|6220000000
11331197|G011339|6220000000
11331207|G011339|6220000010
11331210|G011339|6220000010
11331211|G011339|6220000010
11331212|G011339|6220000010
11331213|G011339|6220000010
11331214|G011339|6220000010
11331215|G011339|6220000010
11339186|G011339|6220000000
11342663|G011339|6220000000
11342664|G011339|6220000000
11342665|G011339|6220000000
11342666|G011339|6220000000
11342667|G011339|6220000000
11342668|G011339|6220000000
11342669|G011339|6220000000
11342670|G011339|6220000000
11342671|G011339|6220000000
11342672|G011339|6220000000
11342673|G011339|6220000000
11342674|G011339|6220000000
11342675|G011339|6220000000
11342676|G011339|6220000000
11342677|G011339|6220000000
11342678|G011339|6220000000
11342679|G011339|6220000000
11342680|G011339|6220000000
11342681|G011339|6220000000
11342682|G011339|6220000000
11342683|G011339|6220000000
11342684|G011339|6220000000
11342685|G011339|6220000000
11342686|G011339|6220000000
11342687|G011339|6220000000
11342688|G011339|6220000000
11342699|G011339|6220000010
11342700|G011339|6220000010
11342701|G011339|6220000010
11342702|G011339|6220000010
11342703|G011339|6220000010
11342704|G011339|6220000010
11342730|G011339|6220000000
11342731|G011339|6220000000
11346132|G011339|6220000000
11346133|G011339|6220000000
11346135|G011339|6220000010
11349293|G011339|6220000000
11363853|G011339|6220000000
11363866|G011339|6220000000
11364535|G011339|6220000000
11364536|G011339|6220000000
11364606|G011339|6220000000
11375349|G011339|6220000000
11375350|G011339|6220000000
11375398|G011339|6220000010
11376877|G011339|6220000010
11378667|G011339|6220000000
11378746|G011339|6220000000
11378747|G011339|6220000000
11378748|G011339|6220000000
11378749|G011339|6220000000
11378750|G011339|6220000000
11378751|G011339|6220000000
11378752|G011339|6220000000
11378644|G011339|6220000000
11378645|G011339|6220000000
11378646|G011339|6220000000
11378648|G011339|6220000000
11378649|G011339|6220000000
11378664|G011339|6220000000
11378665|G011339|6220000000
11378671|G011339|6220000000
11378672|G011339|6220000000
11378673|G011339|6220000000
11378674|G011339|6220000000
11378675|G011339|6220000000
11378676|G011339|6220000000
11378677|G011339|6220000000
11378678|G011339|6220000000
11378679|G011339|6220000000
11378680|G011339|6220000000
11378681|G011339|6220000000
11378682|G011339|6220000000
11378745|G011339|6220000010
11378774|G011339|6220000000
11378775|G011339|6220000000
11379116|G011339|6220000000
11380025|G011339|6220000000
11380034|G011339|6220000000
11380036|G011339|6220000000
11380037|G011339|6220000000
11380042|G011339|6220000010
11380052|G011339|6220000000
11380053|G011339|6220000000
11380054|G011339|6220000000
11380055|G011339|6220000010
11380056|G011339|6220000000
11380057|G011339|6220000000
11380071|G011339|6220000000
11380072|G011339|6220000010
11380073|G011339|6220000010
11381366|G011339|6220000000
11381367|G011339|6220000000
11381368|G011339|6220000000
11381369|G011339|6220000000
11381370|G011339|6220000000
11381371|G011339|6220000000
11381398|G011339|6220000000
11381449|G011339|6220000000
11382073|G011339|6220000000
11382074|G011339|6220000000
11382075|G011339|6220000000
11382076|G011339|6220000000
11382077|G011339|6220000000
11382078|G011339|6220000000
11382087|G011339|6220000000
11382088|G011339|6220000000
11382094|G011339|6220000010
11382098|G011339|6220000000
11382099|G011339|6220000000
11382100|G011339|6220000000
11382103|G011339|6220000000
11382104|G011339|6220000000
11382105|G011339|6220000000
11382106|G011339|6220000000
11382107|G011339|6220000000
11382108|G011339|6220000000
11382111|G011339|6220000000
11382112|G011339|6220000000
11382113|G011339|6220000000
11382114|G011339|6220000000
11382115|G011339|6220000000
11382133|G011339|6220000000
11382134|G011339|6220000000
11382135|G011339|6220000000
11383833|G011339|6220000000
11383833|G011339|6220000000
11383834|G011339|6220000000
11383834|G011339|6220000000
11383872|G011339|6220000000
11383872|G011339|6220000000
11383873|G011339|6220000000
11383873|G011339|6220000000
11383874|G011339|6220000000
11383874|G011339|6220000000
11383875|G011339|6220000000
11383875|G011339|6220000000
11383876|G011339|6220000000
11383876|G011339|6220000000
11383877|G011339|6220000000
11383877|G011339|6220000000
11383878|G011339|6220000000
11383878|G011339|6220000000
11383879|G011339|6220000000
11383879|G011339|6220000000
11383880|G011339|6220000000
11383880|G011339|6220000000
11383881|G011339|6220000000
11383881|G011339|6220000000
11383882|G011339|6220000000
11383882|G011339|6220000000
11383883|G011339|6220000000
11383883|G011339|6220000000
11383884|G011339|6220000000
11383884|G011339|6220000000
11383885|G011339|6220000000
11383885|G011339|6220000000
11383907|G011339|6220000000
11383907|G011339|6220000000
11383908|G011339|6220000000
11383908|G011339|6220000000
11383909|G011339|6220000000
11383909|G011339|6220000000
11383910|G011339|6220000000
11383910|G011339|6220000000
11383911|G011339|6220000000
11383911|G011339|6220000000
11383912|G011339|6220000000
11383912|G011339|6220000000
11383913|G011339|6220000000
11383913|G011339|6220000000
11383917|G011339|6220000000
11383917|G011339|6220000000
11383918|G011339|6220000000
11383918|G011339|6220000000
11383919|G011339|6220000000
11383919|G011339|6220000000
11383920|G011339|6220000000
11383920|G011339|6220000000
11383921|G011339|6220000000
11383921|G011339|6220000000
11383922|G011339|6220000000
11383922|G011339|6220000000
11383923|G011339|6220000000
11383923|G011339|6220000000
11383928|G011339|6220000000
11383928|G011339|6220000000
11383929|G011339|6220000000
11383929|G011339|6220000000
11383931|G011339|6220000000
11383931|G011339|6220000000
11383971|G011339|6220000000
11383971|G011339|6220000000
11383972|G011339|6220000000
11383972|G011339|6220000000
11383973|G011339|6220000000
11383973|G011339|6220000000
11383974|G011339|6220000000
11383974|G011339|6220000000
11383975|G011339|6220000000
11383975|G011339|6220000000
11383976|G011339|6220000000
11383976|G011339|6220000000
11383977|G011339|6220000000
11383977|G011339|6220000000
11383978|G011339|6220000000
11383978|G011339|6220000000
11383979|G011339|6220000000
11383979|G011339|6220000000
11383980|G011339|6220000000
11383980|G011339|6220000000
11383981|G011339|6220000000
11383981|G011339|6220000000
11383982|G011339|6220000000
11383982|G011339|6220000000
11383983|G011339|6220000000
11383983|G011339|6220000000
11383984|G011339|6220000000
11383984|G011339|6220000000
11383985|G011339|6220000000
11383985|G011339|6220000000
11383986|G011339|6220000000
11383986|G011339|6220000000
11383987|G011339|6220000000
11383987|G011339|6220000000
11383988|G011339|6220000000
11383988|G011339|6220000000
11383989|G011339|6220000000
11383989|G011339|6220000000
11383990|G011339|6220000000
11383990|G011339|6220000000
11383991|G011339|6220000000
11383991|G011339|6220000000
11383992|G011339|6220000000
11383992|G011339|6220000000
11383993|G011339|6220000000
11383993|G011339|6220000000
11383994|G011339|6220000000
11383994|G011339|6220000000
11383995|G011339|6220000000
11383995|G011339|6220000000
11383996|G011339|6220000000
11383996|G011339|6220000000
11383997|G011339|6220000000
11383997|G011339|6220000000
11383998|G011339|6220000000
11383998|G011339|6220000000
11383999|G011339|6220000010
11383999|G011339|6220000010
11384010|G011339|6220000000
11384010|G011339|6220000000
11384011|G011339|6220000000
11384011|G011339|6220000000
11384012|G011339|6220000000
11384012|G011339|6220000000
11384013|G011339|6220000000
11384013|G011339|6220000000
11384014|G011339|6220000000
11384014|G011339|6220000000
11384015|G011339|6220000000
11384015|G011339|6220000000
11384016|G011339|6220000000
11384016|G011339|6220000000
11384017|G011339|6220000000
11384017|G011339|6220000000
11384018|G011339|6220000000
11384018|G011339|6220000000
11384262|G011339|6220000000
11384262|G011339|6220000000
11384266|G011339|6220000010
11384266|G011339|6220000010
11384273|G011339|6220000000
11384273|G011339|6220000000
11384274|G011339|6220000000
11384274|G011339|6220000000
11384275|G011339|6220000000
11384275|G011339|6220000000
11384276|G011339|6220000000
11384276|G011339|6220000000
11384277|G011339|6220000000
11384277|G011339|6220000000
11384278|G011339|6220000000
11384278|G011339|6220000000
11384285|G011339|6220000000
11384285|G011339|6220000000
11384286|G011339|6220000000
11384286|G011339|6220000000
11384289|G011339|6220000000
11384289|G011339|6220000000
11384291|G011339|6220000010
11384291|G011339|6220000010
11384292|G011339|6220000010
11384292|G011339|6220000010
11384293|G011339|6220000010
11384293|G011339|6220000010
11385613|G011339|6220000000
11385614|G011339|6220000010
11385762|G011339|6220000000
11385763|G011339|6220000000
11385764|G011339|6220000000
11385765|G011339|6220000000
11385766|G011339|6220000000
11385767|G011339|6220000000
11385768|G011339|6220000000
11385772|G011339|6220000000
11385950|G011339|6220000000
