"ofr_num_oferta";"ofr_webcom_id"
7004873;90462047
7005556;90483757
7007038;90538445
7007301;90546899
7007503;90554789
7007921;90570191
7005977;90498421
7005639;90487499
7005220;90472117
7005222;90472225
7005235;90472933
7005724;90490385
7005992;90499109
7006975;90536331
7007142;90541681
7005615;90486579
7005590;90484993
7006050;90501415
7006038;90500937
7008269;90581867
7008270;90581869
7005604;90486177
7005890;90495673
7006248;90508339
7006256;90508481
7006903;90533121
7007055;90538987
7007127;90541277
7008095;90575769
7008249;90581173
7006876;90532219
7007359;90548939
7007848;90567851
7007150;90542163
7006864;90531931
7006863;90531929
7007151;90542169
7006934;90534247
7007248;90545009
7006965;90535969
7006933;90534213
7007249;90545011
7006875;90532187
7004978;90464905
7006870;90532105
7006844;90531121
7004914;90463149
7006414;90514901
7006779;90528501
7007482;90553573
7007701;90562189
7007882;90569127
7006415;90514903
7006778;90528499
7007483;90553575
7007702;90562191
7007881;90569125
7006346;90512091
7006818;90530105
7007199;90543653
7007300;90546863
7004711;90455777
7007608;90559031
7004906;90462987
7006728;90526293
7006727;90526291
7007398;90550373
7008299;90582967
7007760;90564155
7008286;90582617
7005266;90474033
7008196;90579589
7008197;90579591
7005135;90469185
7007755;90564073
7006486;90517479
7008211;90580025
7004785;90458505
7006960;90535621
7007444;90552161
7005549;90482913
7005640;90487551
7006019;90500215
7007975;90572019
7007448;90552233
7005276;90474683
7006196;90506731
7006682;90524815
7006773;90528155
7006794;90529215
7006888;90532521
7007323;90547535
7005026;90466141
7005388;90477939
7007045;90538825
7007185;90543383
7007264;90545287
7004999;90465451
7005472;90480233
7005483;90480705
7006356;90512421
7006449;90516051
7004993;90465303
7005807;90493003
7004911;90463131
7008068;90574963
7005962;90498001
7005787;90492183
7005844;90493897
7006438;90515789
7005865;90494481
7006044;90501191
7006489;90517619
7006922;90533761
7007003;90537265
7007394;90550145
7007485;90553697
7007195;90543581
7006362;90512639
7007190;90543493
7006224;90507699
7007688;90561883
7006353;90512403
7008084;90575403
7004991;90465279
7006601;90521975
7006762;90527459
7007281;90545979
7008178;90578771
7008223;90580327
7008322;90583941
7006046;90501277
7004946;90464315
7004727;90456087
7004791;90458701
7004845;90460837
7004895;90462667
7004983;90465085
7005074;90467617
7005100;90468259
7005195;90471263
7006088;90502677
7006128;90504049
7006462;90516293
7006513;90518187
7006615;90522499
7006758;90527325
7006759;90527331
7006770;90528009
7006886;90532479
7006935;90534301
7006992;90536987
7007027;90538083
7007042;90538601
7007105;90540607
7007230;90544597
7007496;90554513
7005166;90470441
7005185;90471079
7005244;90473205
7005344;90476809
7005669;90488399
7006840;90530929
7007492;90554213
7007526;90555989
7007667;90561103
7008133;90577235
7004682;90453211
7005753;90491321
7005756;90491381
7007152;90542175
7005509;90481623
7006274;90509207
7006527;90518451
7006536;90518771
7006987;90536827
7007192;90543541
7006638;90523203
7008098;90575911
7008232;90580643
7006750;90526963
7006891;90532607
7007128;90541283
7005450;90479525
7005247;90473325
7005381;90477763
7005420;90478659
7005637;90487399
7005693;90489619
7007379;90549383
7008242;90580929
7004926;90463509
7005159;90470133
7005345;90476815
7007109;90540721
7004714;90455799
7004726;90456085
7004744;90456485
7004792;90458703
7004836;90460587
7004869;90461939
7004918;90463231
7004964;90464737
7005427;90478871
7005532;90482373
7005437;90479235
7007286;90546249
7005320;90476131
7005457;90479813
7006627;90522821
7007934;90570655
7007046;90538915
7007716;90562831
7006071;90501969
7006836;90530913
7006837;90530915
7007341;90548215
7007172;90542987
7007477;90553347
7005440;90479297
7006113;90503451
7006201;90506933
7006514;90518189
7006713;90525709
7005713;90490233
7005442;90479329
7005282;90474893
7005697;90489889
7006006;90499431
7006058;90501681
7006106;90503253
7006120;90503641
7006132;90504379
7006580;90520939
7006735;90526553
7005392;90478095
7006180;90506207
7006488;90517563
7006348;90512115
7006920;90533725
7005862;90494319
7007653;90560601
7007941;90570897
7005733;90490537
7007243;90544969
7007270;90545485
7005563;90484043
7007139;90541633
7007289;90546435
7006732;90526417
7006955;90535543
7007168;90542837
7007263;90545245
7007302;90546973
7005843;90493861
7006795;90529223
7004656;90450419
7007820;90566445
7008051;90574511
7004857;90461467
7004968;90464793
7005232;90472649
7005955;90497789
7004936;90463917
7006494;90517681
7007623;90559445
7007942;90570953
7005774;90491857
7005765;90491609
7005294;90475249
7005469;90480193
7007840;90567575
7006077;90502199
7004847;90460851
7005145;90469715
7005196;90471275
7005885;90495485
7005934;90497301
7007995;90572779
7005581;90484819
7005607;90486303
7005609;90486415
7005740;90490863
7005831;90493707
7006018;90500099
7006831;90530709
7007170;90542909
7007222;90544299
7007360;90548943
7007839;90567379
7007900;90569595
7007939;90570883
7007665;90561063
7007480;90553541
7007936;90570735
7005826;90493537
7006650;90523741
7006742;90526703
7005167;90470491
7006334;90511327
7007610;90559079
7007396;90550323
7004655;90447843
7004913;90463147
7005538;90482531
7006222;90507581
7006377;90513381
7007450;90552285
7004944;90464219
7005938;90497477
7004748;90456669
7004988;90465193
7005006;90465637
7005201;90471409
7006811;90529807
7006842;90530959
7007124;90541247
7007392;90550011
7007414;90550849
7007494;90554245
7007547;90556927
7007769;90564705
7007775;90564893
7006032;90500709
7007114;90540855
7007158;90542333
7005485;90480843
7006469;90516689
7004724;90456079
7005686;90489235
7006743;90526713
7004804;90459311
7004758;90456873
7004806;90459453
7004961;90464681
7005664;90488309
7005665;90488313
7008155;90577755
7004733;90456215
7005275;90474673
7005025;90466111
7005036;90466531
7007678;90561521
7006133;90504431
7006711;90525697
7004925;90463507
7004960;90464677
7005146;90469725
7005914;90496541
7006865;90532001
7007352;90548575
7007873;90568847
7007408;90550693
7007580;90558265
7007809;90566201
7005712;90490219
7005805;90492939
7005867;90494519
7004831;90460377
7007857;90568161
7007966;90571725
7006898;90532833
7006901;90533083
7007347;90548489
7007357;90548789
7004802;90459307
7005943;90497633
7006215;90507441
7005177;90470877
7007817;90566361
7006541;90519039
7007131;90541417
7004778;90458107
7005106;90468459
7004660;90451637
7004669;90452833
7005041;90466671
7005537;90482499
7005075;90467643
7005076;90467645
7005147;90469763
7005184;90471049
7005234;90472923
7005239;90473053
7005277;90474705
7005357;90477165
7006354;90512415
7006484;90517389
7006531;90518615
7006573;90520705
7006651;90523765
7006710;90525693
7006714;90525775
7006757;90527321
7006943;90534683
7006998;90537129
7007278;90545901
7007771;90564755
7007829;90566961
7007909;90569827
7008177;90578727
7005164;90470381
7005598;90485683
7005876;90495055
7006620;90522659
7006993;90537019
7007162;90542619
7007179;90543253
7007218;90544107
7007267;90545347
7007312;90547299
7007432;90551643
7007729;90563291
7008240;90580863
7005061;90467285
7005104;90468437
7006533;90518647
7007577;90558123
7007866;90568551
7007971;90571831
7006815;90530063
7004794;90458743
7005869;90494543
7007182;90543291
7007666;90561089
7007754;90564055
7007880;90569093
7008114;90576527
7008154;90577741
7006390;90513745
7006522;90518365
7007733;90563363
7005749;90491139
7006087;90502653
7006427;90515297
7007557;90557427
7005820;90493425
7006089;90502729
7006690;90525025
7006683;90524831
7007856;90568155
7008058;90574679
7005336;90476733
7005343;90476793
7007343;90548391
7007346;90548477
7007468;90552897
7005114;90468555
7007743;90563761
7005237;90473003
7004851;90460951
7005359;90477181
7008263;90581607
7004759;90456971
7006629;90522829
7007385;90549589
7007585;90558377
7008259;90581465
7005396;90478157
7005572;90484467
7006504;90517891
7007173;90543025
7007721;90562937
7006715;90525779
7007390;90549939
7005335;90476725
7005617;90486647
7007276;90545803
7007827;90566835
7006914;90533503
7007403;90550591
7006031;90500661
7007002;90537243
7004712;90455787
7004892;90462547
7005171;90470695
7005228;90472501
7005415;90478463
7004951;90464443
7006859;90531767
7004921;90463365
7005728;90490433
7007991;90572657
7004985;90465125
7004996;90465381
7005156;90469983
7005163;90470357
7006681;90524801
7007747;90563853
7007786;90565331
7008062;90574765
7007367;90549069
7007174;90543155
7007692;90561965
7008309;90583327
7007177;90543245
7005597;90485431
7005932;90497263
7008036;90574063
7007746;90563849
7007912;90569929
7008303;90583057
7007178;90543247
7006697;90525213
7007626;90559519
7006696;90525205
7007787;90565335
7008302;90583055
7006820;90530289
7007232;90544629
7006822;90530293
7007233;90544631
7007175;90543159
7006821;90530291
7007883;90569149
7007245;90544989
7008061;90574719
7008060;90574717
7006823;90530319
7007361;90548961
7007362;90548963
7007363;90548977
7005996;90499179
7005995;90499177
7005994;90499175
7005998;90499183
7005997;90499181
7007061;90539233
7007062;90539235
7007063;90539237
7005107;90468473
7005109;90468485
7005792;90492481
7006349;90512293
7005520;90482001
7005569;90484317
7006856;90531617
7007348;90548505
7006443;90515889
7006896;90532745
7006930;90534009
7006962;90535691
7004853;90461163
7005194;90471255
7006425;90515261
7005069;90467473
7008190;90579281
7006039;90501033
7005057;90467071
7005054;90467051
7006590;90521619
7006768;90527833
7005378;90477719
7005829;90493693
7006028;90500507
7006129;90504171
7006203;90506945
7006234;90508081
7006408;90514569
7008037;90574105
7008100;90576061
7005148;90469769
7005641;90487559
7005875;90495053
7005055;90467055
7006785;90528837
7008029;90573963
7007103;90540555
7004823;90460223
7006575;90520815
7005882;90495317
7006319;90511073
7006339;90511533
7006665;90524201
7006854;90531529
7006889;90532547
7006952;90535265
7007544;90556685
7007548;90556963
7007578;90558203
7007888;90569277
7008092;90575675
7004663;90452345
7004750;90456711
7004763;90457411
7004789;90458659
7004809;90459511
7004871;90462005
7005077;90467661
7005553;90483623
7006512;90518095
7005926;90496929
7006405;90514369
7006539;90518969
7006656;90523933
7006928;90533945
7005217;90472085
7005552;90483607
7006413;90514895
7004819;90460101
7004689;90453395
7006447;90516027
7008023;90573789
7007950;90571321
7007297;90546565
7007681;90561687
7006311;90510695
7006312;90510697
7007978;90572129
7007976;90572093
7006310;90510693
7007097;90540251
7004781;90458263
7005646;90487755
7004774;90457883
7004796;90458749
7006786;90528929
7004739;90456363
7005399;90478183
7007540;90556543
7007792;90565433
7008011;90573223
7008101;90576065
7004856;90461249
7005129;90469131
7004779;90458147
7004908;90462995
7007387;90549653
7008007;90573111
7008008;90573113
7006578;90520903
7007646;90560319
7008020;90573691
7006853;90531489
7006288;90509829
7007595;90558677
7006680;90524791
7008272;90582035
7005242;90473073
7005499;90481257
7005487;90480897
7005489;90480951
7005545;90482801
7005238;90473021
7005225;90472337
7007078;90539733
7007140;90541653
7007737;90563569
7005110;90468495
7006409;90514681
7006412;90514863
7007386;90549633
7005052;90467017
7006648;90523675
7008218;90580261
7005281;90474881
7006796;90529231
7007422;90551199
7007479;90553539
7005655;90487995
7005742;90490923
7006250;90508365
7006610;90522323
7006669;90524501
7007806;90565985
7008214;90580191
7004963;90464719
7006659;90524083
7007879;90569053
7005634;90487275
7007293;90546509
7007126;90541267
7006495;90517683
7005298;90475291
7005299;90475293
7005002;90465589
7008075;90575089
7005032;90466289
7006505;90517939
7004841;90460707
7004982;90465081
7006600;90521947
7007970;90571799
7008273;90582139
7005761;90491575
7007605;90558961
7005968;90498197
7006434;90515621
7004706;90455681
7005585;90484867
7007867;90568557
7005127;90469119
7006568;90520559
7007015;90537711
7006193;90506669
7006598;90521879
7004664;90452403
7004776;90458011
7004995;90465367
7006422;90515217
7006525;90518407
7006553;90519403
7006671;90524545
7005846;90493909
7008013;90573511
7005412;90478411
7005571;90484445
7006493;90517673
7006633;90523039
7007706;90562335
7007738;90563705
7007810;90566311
7007972;90571835
7008067;90574863
7006407;90514517
7006441;90515835
7006584;90521461
7008200;90579747
7006655;90523927
7007677;90561417
7004668;90452807
7004674;90452923
7004690;90453429
7004693;90453535
7005043;90466737
7005591;90485095
7006179;90506169
7006191;90506597
7007239;90544685
7004729;90456137
7004766;90457619
7004870;90461989
7005497;90481219
7005800;90492805
7006105;90503229
7008279;90582461
7007239;90544685
7008026;90573899
7007285;90546197
7005096;90468153
7006152;90505507
7008305;90583135
7007830;90567043
7004679;90453141
7004928;90463525
7005912;90496441
7005988;90498997
7006065;90501857
7006162;90505797
7006255;90508477
7006226;90507807
7007824;90566605
7007689;90561903
7006098;90503121
7007430;90551533
7007670;90561247
7006688;90524977
7006010;90499637
7006923;90533767
7004715;90455821
7005486;90480883
7005517;90481777
7005518;90481783
7005722;90490337
7006534;90518717
7006519;90518301
7007767;90564559
7004888;90462451
7006460;90516289
7006458;90516279
7006459;90516281
7005871;90494727
7006424;90515239
7006718;90525867
7007098;90540329
7006221;90507579
7006461;90516291
7004699;90453787
7005308;90475595
7005613;90486529
7006787;90529021
7006945;90534795
7005482;90480527
7005511;90481651
7005982;90498725
7008205;90579949
7005524;90482193
7006273;90509165
7006465;90516475
7006639;90523283
7006660;90524101
7006676;90524653
7006741;90526673
7006748;90526889
7006804;90529445
7006810;90529701
7006915;90533551
7006924;90533775
7007159;90542373
7007214;90544003
7007306;90547117
7007441;90552003
7007462;90552607
7007523;90555927
7007529;90556177
7007581;90558267
7007587;90558407
7007630;90559687
7007642;90560073
7007683;90561781
7007690;90561907
7007727;90563263
7007744;90563789
7007756;90564089
7007782;90565121
7007801;90565835
7007814;90566329
7007990;90572633
7008292;90582757
7006470;90516699
7007438;90551799
7007528;90556109
7007478;90553407
7004899;90462779
7005546;90482861
7006110;90503275
7006189;90506575
7006220;90507571
7006379;90513413
7005443;90479345
7006969;90536205
7007240;90544707
7004810;90459515
7004828;90460335
7004829;90460339
7005105;90468455
7004691;90453477
7007500;90554645
7004811;90459607
7004919;90463257
7005690;90489479
7006860;90531913
7005755;90491351
7005755;90491351
7008326;90584201
7005039;90466623
7006368;90512839
7006431;90515425
7006887;90532485
7004814;90459887
7006552;90519399
7006826;90530463
7007461;90552599
7007598;90558789
7007668;90561107
7004863;90461825
7004881;90462223
7004883;90462247
7004872;90462017
7006163;90505881
7006176;90506033
7006266;90508917
7004743;90456425
7006403;90514245
7007194;90543567
7005121;90468825
7005397;90478159
7005631;90487231
7005304;90475367
7007166;90542825
7007825;90566815
7008039;90574173
7006737;90526593
7006515;90518191
7008152;90577811
7008158;90577811
7008145;90577517
7004661;90451943
7005125;90469073
7005130;90469133
7004897;90462769
7004956;90464519
7006985;90536731
7004833;90460411
7004900;90462791
7005193;90471231
7004807;90459455
7007951;90571347
7008310;90583337
7005714;90490257
7006091;90502945
7006819;90530219
7005638;90487437
7008122;90576909
7005031;90466269
7005143;90469533
7005372;90477509
7005566;90484105
7005371;90477505
7005564;90484087
7007252;90545037
7008113;90576509
7004992;90465293
7004815;90459891
7007620;90559407
7007621;90559409
7004713;90455789
7008012;90573279
7008074;90575077
7008128;90577045
7008129;90577045
7004770;90457745
7005453;90479745
7006391;90513751
7006491;90517651
7006982;90536695
7005806;90492999
7006182;90506261
7006238;90508125
7004751;90456717
7004755;90456807
7006247;90508319
7004721;90455985
7006813;90529919
7006181;90506227
7006285;90509673
7005893;90495791
7006335;90511339
7005540;90482641
7004672;90452897
7005451;90479621
7006521;90518359
7006622;90522707
7006689;90525015
7007344;90548413
7007446;90552185
7005165;90470439
7005795;90492667
7005830;90493701
7006063;90501819
7006402;90514211
7006709;90525685
7007028;90538085
7007271;90545523
7007515;90555363
7004720;90455863
7004707;90455707
7006526;90518441
7008188;90579187
7004990;90465233
7005978;90498439
7008056;90574635
7004839;90460643
7006084;90502519
7006342;90511787
7007412;90550803
7006437;90515753
7007069;90539451
7007466;90552623
7004835;90460525
7007691;90561957
7004882;90462245
7005682;90489123
7005860;90494259
7005941;90497573
7006291;90510043
7004808;90459457
7004842;90460759
7006014;90499919
7006136;90504465
7006146;90505193
7006177;90506051
7006229;90508017
7006289;90510011
7006338;90511525
7008311;90583411
7007425;90551269
7006059;90501699
7006333;90511247
7006341;90511563
7007860;90568257
7004879;90462125
7007861;90568259
7007862;90568261
7004878;90462093
7004678;90453103
7005040;90466655
7005366;90477473
7005900;90495969
7004812;90459737
7005416;90478543
7005458;90479819
7007863;90568379
7005290;90475145
7006874;90532157
7007077;90539711
7006583;90521417
7007231;90544617
7006868;90532057
7006879;90532257
7008042;90574233
7005803;90492859
7006343;90511809
7008124;90576921
7008179;90578777
7005803;90492859
7006343;90511809
7008274;90582141
7004937;90463955
7006862;90531923
7006043;90501161
7006186;90506405
7006420;90515127
7006508;90518015
7007914;90569959
7008016;90573627
7007707;90562391
7008159;90577823
7008289;90582717
7006538;90518873
7007618;90559365
7004884;90462263
7005808;90493027
7005987;90498845
7007221;90544193
7007326;90547669
7007354;90548613
7007753;90564047
7007973;90571973
7008103;90576153
7005754;90491343
7006991;90536983
7007940;90570891
7008066;90574823
7007315;90547353
7006535;90518755
7004940;90464141
7006852;90531311
7006902;90533091
7006908;90533189
7008048;90574355
7005174;90470823
7007984;90572373
7005347;90476839
7007955;90571495
7008071;90575043
7008176;90578725
7006350;90512301
7006782;90528603
7007054;90538983
7007117;90540907
7007391;90549943
7007711;90562563
7007953;90571429
7007965;90571715
7006170;90505947
7007992;90572697
7008129;90577107
7006440;90515805
7006205;90507029
7005535;90482429
7008130;90577107
7008314;90583549
7006440;90515805
7006205;90507029
7005045;90466773
7005207;90471561
7005101;90468311
7005574;90484643
7005333;90476569
7005544;90482759
7006571;90520653
7004818;90460055
7007803;90565935
7008115;90576547
7005746;90490975
7006790;90529085
7006085;90502603
7006195;90506725
7006900;90532977
7008102;90576147
7005033;90466305
7008281;90582537
7005033;90466305
7008204;90579927
7007051;90538965
7006734;90526543
7007807;90566089
7007874;90568851
7008053;90574541
7006963;90535753
7007410;90550723
7007345;90548463
7007165;90542807
7005314;90475981
7005391;90478029
7005884;90495455
7006175;90506019
7006400;90514181
7006416;90515003
7006664;90524161
7006668;90524343
7007075;90539553
7008195;90579535
7004761;90457327
7006481;90517259
7007651;90560405
7007876;90568973
7004924;90463455
7004735;90456267
7005628;90487085
7006149;90505417
7006509;90518061
7006510;90518067
7008040;90574209
7008328;90584405
7008329;90584409
7006510;90518067
7008212;90580115
7008040;90574209
7008209;90580009
7007258;90545179
7007811;90566313
7007052;90538967
7005190;90471145
7008180;90578805
7008323;90584053
7007696;90562091
7007641;90560039
7007424;90551241
7007470;90552953
7007695;90562079
7007833;90567091
7007890;90569291
7007527;90556079
7007377;90549315
7007542;90556591
7008227;90580397
7008170;90578451
7007527;90556079
7007377;90549315
7007542;90556591
7008239;90580799
7007325;90547647
7007845;90567791
7004901;90462793
7005251;90473531
7005449;90479477
7007467;90552625
7007104;90540591
7004838;90460639
7006048;90501409
7006123;90503781
7006145;90505049
7006148;90505387
7006357;90512425
7006374;90513207
7005022;90466033
7005064;90467357
7005981;90498721
7006851;90531291
7006468;90516667
7005945;90497643
7008255;90581353
7006331;90511239
7005789;90492253
7006271;90509045
7007898;90569587
7006745;90526825
7007552;90557085
7006892;90532653
7007000;90537179
7008024;90573793
7007644;90560155
7007685;90561795
7007800;90565793
7008183;90578971
7008268;90581827
7007504;90554943
7006287;90509769
7007871;90568809
7005881;90495303
7005956;90497819
7004772;90457825
7006560;90519825
7006225;90507793
7006825;90530445
7007022;90537905
7007389;90549889
7007682;90561751
7007715;90562813
7005088;90467901
7004922;90463437
7005128;90469123
7005187;90471119
7005212;90471817
7005980;90498555
7005737;90490755
7005777;90491917
7007469;90552905
7007600;90558829
7007663;90561009
7007854;90568143
7007927;90570343
7005051;90466951
7006399;90514117
7006562;90519845
7006586;90521495
7006647;90523649
7006705;90525623
7006764;90527659
7006797;90529241
7007742;90563757
7008104;90576171
7007337;90548085
7007946;90571205
7005349;90476881
7007135;90541519
7008331;90584513
7005249;90473379
7007648;90560347
7007745;90563825
7005253;90473597
7005309;90475643
7005554;90483679
7007889;90569287
7006566;90520299
7006953;90535459
7007561;90557511
7006751;90527039
7006917;90533681
7007145;90541771
7005913;90496517
7004827;90460323
7004737;90456337
7006871;90532121
7007812;90566321
7008148;90577657
7008152;90577657
7008228;90580423
7005154;90469897
7005155;90469939
7005172;90470697
7005307;90475449
7005401;90478197
7005419;90478657
7005528;90482303
7005573;90484483
7005704;90489977
7005832;90493717
7006074;90502029
7006150;90505419
7006239;90508133
7006375;90513263
7006398;90513993
7007314;90547341
7007572;90557975
7007579;90558235
7006706;90525639
7005356;90477155
7007085;90539951
7005474;90480251
7005975;90498373
7005473;90480245
7006630;90522865
7005744;90490939
7005301;90475313
7006739;90526613
7006749;90526895
7005208;90471589
7005534;90482393
7008047;90574343
7008077;90575213
7008078;90575219
7008130;90577161
7008131;90577161
7006419;90515125
7006283;90509663
7006946;90534895
7005015;90465963
7005192;90471229
7005819;90493367
7005973;90498313
7006122;90503771
7007930;90570421
7005592;90485177
7005230;90472551
7005445;90479353
7005510;90481645
7006855;90531579
7005086;90467817
7007115;90540865
7007283;90546191
7007977;90572109
7007048;90538937
7008219;90580277
7007048;90538937
7008201;90579757
7004903;90462839
7005727;90490423
7005870;90494587
7005887;90495531
7005037;90466539
7005065;90467425
7005123;90468899
7005698;90489929
7005748;90491103
7005825;90493521
7007780;90565037
7005661;90488263
7006042;90501139
7005011;90465945
7005385;90477865
7005012;90465949
7005662;90488265
7006183;90506269
7007675;90561371
7006161;90505739
7005255;90473731
7007676;90561373
7005258;90473753
7006814;90529937
7007242;90544963
7006482;90517363
7005633;90487269
7007321;90547513
7004702;90455453
7004697;90453743
7005902;90496009
7005093;90468083
7006722;90526241
7007913;90569945
7008087;90575441
7008297;90582827
7008298;90582829
7008162;90577893
7008245;90581101
7005788;90492203
7006456;90516229
7005072;90467601
7005180;90470941
7007749;90563891
7005023;90466047
7005708;90490109
7006593;90521683
7005103;90468347
7006068;90501927
7006483;90517377
7006658;90523975
7006882;90532377
7006932;90534203
7007123;90541223
7005539;90482575
7006184;90506275
7007541;90556571
7006212;90507231
7008202;90579841
7005256;90473733
7007588;90558425
7007589;90558429
7007751;90563985
7007674;90561367
7005384;90477805
7007952;90571427
7008186;90579133
7005384;90477805
7007952;90571427
7008247;90581129
7005721;90490327
7005719;90490317
7005718;90490315
7005717;90490313
7006365;90512791
7006565;90520135
7007698;90562131
7004966;90464749
7006432;90515519
7008018;90573683
7006009;90499635
7007149;90542071
7008015;90573605
7006776;90528387
7007842;90567631
7008244;90580985
7006789;90529081
7004876;90462065
7006040;90501095
7004694;90453565
7004704;90455641
7005325;90476157
7006466;90516583
7006913;90533463
7007841;90567625
7008243;90580981
7007484;90553585
7007805;90565947
7006125;90503875
7007974;90571997
7005750;90491275
7005241;90473071
7005500;90481263
7005622;90486905
7006394;90513841
7005102;90468333
7006013;90499911
7007324;90547633
7004725;90456083
7007560;90557505
7008235;90580753
7004865;90461853
7005942;90497603
7006563;90519979
7006694;90525089
7006803;90529401
7006846;90531149
7005824;90493475
7008019;90573685
7006453;90516095
7005783;90492075
7005872;90494881
7005958;90497837
7006561;90519843
7006693;90525085
7006801;90529359
7005784;90492113
7008050;90574447
7006435;90515703
7005967;90498115
7006585;90521463
7008146;90577595
7006267;90508921
7007292;90546505
7008150;90577595
7006267;90508921
7005059;90467099
7006094;90503011
7007041;90538575
7005461;90479883
7006411;90514725
7006528;90518567
7006564;90520041
7006609;90522267
7007799;90565763
7008072;90575067
7005188;90471123
7005964;90498049
7006104;90503227
7006143;90504949
7006309;90510605
7006834;90530887
7006516;90518211
7007836;90567221
7008131;90577219
7008132;90577219
7005160;90470239
7005270;90474313
7007413;90550807
7005286;90475093
7005741;90490897
7005780;90491971
7006296;90510129
7006817;90530089
7007382;90549555
7005879;90495113
7007096;90540223
7007460;90552587
7007573;90558053
7007659;90560883
7007961;90571619
7007383;90549557
7006618;90522631
7008220;90580285
7007125;90541261
7006582;90521021
7007375;90549271
7007776;90564899
7005527;90482247
7006832;90530721
7007032;90538161
7005425;90478811
7006847;90531175
7008041;90574225
7007710;90562463
7008294;90582783
7008330;90584453
7007710;90562463
7008304;90583095
7006994;90537049
7007064;90539267
7006958;90535587
7006724;90526247
7007141;90541669
7007901;90569613
7005861;90494285
7007903;90569641
7004740;90456389
7005295;90475265
7005578;90484749
7005623;90486943
7005650;90487909
7005707;90490099
7005811;90493069
7007290;90546447
7008034;90574041
7006351;90512333
7005531;90482361
7004723;90456055
7004826;90460287
7005229;90472535
7005383;90477795
7005558;90483819
7005600;90485953
7005648;90487839
7006064;90501825
7006159;90505677
7006596;90521721
7007407;90550687
7007612;90559087
7007725;90563159
7007791;90565427
7007761;90564311
7007821;90566553
7005785;90492131
7006556;90519635
7006591;90521625
7006643;90523457
7006677;90524671
7007144;90541761
7007764;90564465
7006501;90517777
7007637;90559919
7005027;90466199
7008181;90578849
7005157;90470037
7005176;90470847
7005175;90470843
7006254;90508461
7007869;90568585
7007868;90568583
7005716;90490279
7006099;90503183
7007859;90568233
7004953;90464461
7007296;90546549
7008237;90580779
7008308;90583315
7005562;90483971
7006849;90531191
7006893;90532657
7007004;90537317
7007076;90539559
7004722;90456021
7004896;90462689
7005629;90487113
7005014;90465955
7005575;90484707
7008076;90575189
7005408;90478293
7005580;90484803
7005772;90491791
7004976;90464855
7004974;90464851
7004975;90464853
7007719;90562907
7008079;90575281
7007896;90569453
7008109;90576413
7005226;90472341
7005313;90475905
7005692;90489577
7006197;90506787
7007895;90569447
7008108;90576409
7006986;90536785
7007155;90542235
7004747;90456641
7005254;90473687
7005586;90484949
7006188;90506475
7006445;90515919
7006454;90516113
7008006;90573011
7004877;90462077
7007455;90552497
7006061;90501761
7006604;90522063
7007303;90547019
7007897;90569577
7006228;90507945
7007208;90543829
7006475;90516929
7006532;90518627
7006549;90519319
7006550;90519381
7006555;90519585
7006602;90522011
7004701;90455451
7006297;90510137
7005199;90471333
7006763;90527505
7007261;90545197
7007963;90571645
7005813;90493153
7005907;90496233
7007679;90561617
7006160;90505735
7005279;90474831
7005390;90478019
7008139;90577377
7008110;90576443
7007741;90563755
7008140;90577449
7008203;90579853
7005279;90474831
7005390;90478019
7008141;90577377
7008110;90576443
7007741;90563755
7008143;90577449
7007464;90552613
7007752;90564025
7008111;90576445
7004935;90463911
7005305;90475369
7005516;90481773
7004952;90464459
7005302;90475323
7005306;90475373
7005513;90481749
7004967;90464769
7005200;90471389
7005246;90473223
7005248;90473367
7005579;90484755
7005632;90487247
7005671;90488593
7008198;90579609
7005117;90468743
7006282;90509645
7006244;90508223
7006232;90508037
7006231;90508023
7006496;90517689
7006529;90518589
7006245;90508225
7006243;90508219
7006269;90509009
7006230;90508021
7005118;90468753
7005738;90490795
7006037;90500855
7006869;90532059
7005152;90469885
7005393;90478111
7008295;90582797
7004784;90458431
7005300;90475307
7006518;90518247
7007704;90562213
7005142;90469507
7004803;90459309
7004886;90462423
7004939;90464099
7005197;90471319
7006547;90519171
7007505;90554949
7008081;90575343
7008096;90575811
7008099;90575927
7005120;90468799
7006684;90524839
7006850;90531203
7006905;90533163
7006911;90533373
7006995;90537053
7007084;90539933
7007617;90559357
7008120;90576751
7008234;90580689
7008307;90583191
7004942;90464199
7005181;90470953
7005465;90480103
7006936;90534343
7005711;90490189
7007211;90543915
7005852;90494095
7006467;90516653
7007138;90541551
7007603;90558901
7005743;90490931
7006359;90512527
7004777;90458085
7006557;90519709
7006717;90525815
7006806;90529525
7007229;90544507
7007333;90547869
7007931;90570555
7006307;90510525
7006397;90513967
7007161;90542573
7007428;90551443
7005001;90465533
7006097;90503073
7006139;90504651
7006452;90516065
7007108;90540685
7007200;90543657
7006666;90524265
7005340;90476763
7005134;90469181
7006101;90503193
7006286;90509747
7006294;90510115
7006980;90536527
7007533;90556353
7008253;90581333
7006069;90501959
7006127;90504041
7007491;90554183
7007789;90565377
7008022;90573727
7008083;90575391
7008225;90580359
7007819;90566437
7006361;90512585
7006861;90531921
7007266;90545341
7004949;90464399
7007960;90571603
7007010;90537547
7005601;90486019
7007154;90542209
7007176;90543243
7007259;90545181
7007731;90563357
7007956;90571521
7007282;90546127
7005327;90476195
7005288;90475113
7007316;90547363
7007318;90547405
7007822;90566579
7007865;90568509
7007878;90569015
7008136;90577327
7008138;90577327
7008194;90579523
7008306;90583177
7005802;90492853
7007091;90540115
7005334;90476613
7005467;90480151
7007502;90554783
7007638;90559997
7007843;90567643
7005009;90465881
7006687;90524907
7004938;90463969
7006168;90505939
7006169;90505945
7005432;90478997
7004955;90464513
7004986;90465181
7006524;90518405
7005078;90467685
7005576;90484735
7006769;90527859
7004817;90459967
7005901;90495997
7004710;90455733
7006093;90502967
7006300;90510309
7006364;90512659
7008124;90576929
7008125;90576929
7005170;90470685
7007922;90570197
7004994;90465317
7005751;90491313
7008138;90577359
7008140;90577359
7006595;90521689
7005685;90489231
7005989;90499007
7006081;90502303
7004683;90453357
7005205;90471513
7007350;90548521
7005091;90468003
7005522;90482063
7005582;90484853
7006117;90503577
7006272;90509057
7007437;90551737
7007622;90559443
7007784;90565189
7007892;90569373
7004984;90465107
7007073;90539533
7007440;90551879
7007586;90558387
7007885;90569195
7008065;90574811
7006614;90522471
7006406;90514379
7008031;90574027
7008168;90578379
7005868;90494527
7006478;90516999
7006698;90525429
7007816;90566349
7004716;90455837
7006337;90511505
7006072;90501971
7005293;90475245
7005462;90479891
7007210;90543907
7007615;90559285
7008142;90577415
7005925;90496875
7007705;90562239
7004708;90455709
7006401;90514195
7007388;90549723
7006537;90518843
7006607;90522097
7006781;90528575
7008191;90579309
7005683;90489125
7005793;90492505
7007818;90566401
7005126;90469113
7007406;90550661
7006824;90530411
7006949;90535115
7007071;90539491
7006746;90526861
7006211;90507177
7006264;90508805
7006344;90511929
7006579;90520929
7007082;90539921
7007106;90540663
7005218;90472093
7005352;90476949
7006095;90503037
7006603;90522033
7007093;90540169
7005203;90471485
7005119;90468775
7008199;90579639
7005203;90471485
7005119;90468775
7008321;90583937
7005684;90489163
7006754;90527243
7004788;90458577
7004930;90463569
7005923;90496799
7007489;90553985
7005702;90489965
7005703;90489971
7005705;90489979
7005701;90489945
7005688;90489291
7006944;90534787
7006463;90516329
7005918;90496671
7007265;90545311
7007029;90538089
7005687;90489279
7006753;90527163
7007364;90548987
7006540;90518973
7005584;90484865
7005583;90484863
7005699;90489933
7005589;90484979
7005265;90473983
7007030;90538091
7005265;90473983
7007030;90538091
7008172;90578517
7005700;90489943
7005767;90491625
7006546;90519169
7006637;90523175
7007014;90537619
7007236;90544667
7008229;90580467
7008231;90580473
7007236;90544667
7008210;90580023
7005475;90480253
7005752;90491315
7005351;90476921
7006977;90536451
7007514;90555275
7007516;90555495
7004904;90462841
7007996;90572807
7008174;90578593
7007790;90565403
7005216;90472039
7005503;90481391
7006172;90505967
7006284;90509667
7005355;90477153
7006303;90510421
7007191;90543537
7007980;90572151
7007532;90556261
7004875;90462059
7006971;90536211
7005561;90483945
7006041;90501097
7006971;90536211
7005561;90483945
7008276;90582263
7006041;90501097
7008313;90583487
7004954;90464485
7004980;90465027
7005204;90471511
7006114;90503501
7006426;90515293
7007319;90547467
7007556;90557349
7006974;90536329
7007958;90571553
7006623;90522781
7006502;90517791
7006775;90528361
7006827;90530479
7006910;90533257
7007257;90545149
7007611;90559081
7008009;90573121
7008125;90576939
7005046;90466805
7008147;90577631
7005757;90491415
7006383;90513539
7004915;90463175
7005139;90469447
7005847;90494039
7005993;90499165
7006313;90510767
7008126;90576939
7005046;90466805
7008151;90577631
7005757;90491415
7006383;90513539
7006999;90537163
7007037;90538439
7007070;90539459
7007433;90551653
7007543;90556613
7007694;90561999
7004947;90464319
7005291;90475219
7005389;90477975
7005395;90478141
7007566;90557627
7006421;90515197
7007449;90552283
7005888;90495555
7007423;90551239
7005642;90487619
7005759;90491497
7005883;90495321
7006747;90526867
7007372;90549241
7008267;90581809
7008316;90583607
7007549;90556965
7005841;90493811
7006807;90529655
7006884;90532421
7006760;90527395
7007875;90568957
7006918;90533691
7005651;90487955
7005814;90493215
7005971;90498253
7006030;90500643
7006670;90524525
7008300;90582985
7007081;90539915
7007384;90549567
7007416;90550985
7007654;90560721
7007826;90566821
7007983;90572371
7005433;90479001
7004771;90457813
7005000;90465473
7005010;90465897
7005316;90476053
7006577;90520859
7007353;90548611
7004885;90462405
7005073;90467609
7005044;90466761
7005311;90475793
7006126;90503933
7005233;90472695
7006070;90501967
7006841;90530931
7007481;90553567
7005657;90488141
7005961;90497977
7007122;90541173
7005468;90480177
7005095;90468119
7005113;90468541
7004801;90459295
7004732;90456211
7005409;90478351
7005460;90479853
7005494;90481057
7004932;90463607
7004933;90463721
7005709;90490115
7005928;90497023
7005990;90499081
7006016;90500025
7006079;90502249
7006108;90503265
7006699;90525467
7007043;90538791
7007246;90544993
7007488;90553915
7007838;90567351
7008107;90576329
7005418;90478647
7006981;90536533
7008157;90577809
7008236;90580761
7005418;90478647
7006981;90536533
7008250;90581185
7006213;90507315
7006279;90509539
7005261;90473929
7005268;90474167
7005644;90487665
7007739;90563731
7005856;90494187
7006011;90499675
7007288;90546433
7005836;90493755
7005835;90493749
7007596;90558769
7007110;90540795
7006640;90523399
7006418;90515099
7007563;90557517
7007768;90564661
7005866;90494505
7005983;90498735
7006090;90502855
7004905;90462857
7004929;90463543
7004945;90464225
7004965;90464743
7004969;90464811
7005029;90466225
7005034;90466447
7005053;90467027
7005060;90467153
7005070;90467489
7005084;90467793
7005422;90478717
7005477;90480383
7005937;90497407
7005957;90497833
7006017;90500027
7006045;90501211
7006107;90503263
7006109;90503267
7006158;90505601
7006190;90506591
7006202;90506939
7006217;90507479
7006260;90508557
7006318;90511005
7006352;90512397
7006373;90513001
7006628;90522827
7006800;90529301
7006909;90533255
7005374;90477575
7005402;90478221
7005521;90482005
7007447;90552231
7007509;90555095
7007582;90558297
7007657;90560813
7005067;90467455
7005448;90479441
7007981;90572309
7007066;90539333
7007206;90543793
7008171;90578515
7007201;90543681
7005056;90467063
7006572;90520675
7007442;90552027
7006025;90500383
7006771;90528039
7007188;90543451
7007759;90564123
7008059;90574699
7008151;90577803
7005660;90488261
7008156;90577803
7006185;90506277
7005889;90495579
7006808;90529663
7005047;90466813
7005969;90498201
7007772;90564771
7004658;90450623
7005608;90486383
7005833;90493739
7005854;90494127
7006130;90504213
7007021;90537865
7007268;90545367
7005859;90494255
7005898;90495931
7005944;90497641
7006115;90503527
7008028;90573931
7005935;90497343
7006252;90508421
7006302;90510385
7006644;90523467
7007136;90541525
7006216;90507451
7006293;90510113
7006645;90523469
7007872;90568845
7005058;90467093
7004666;90452691
7004680;90453179
7004681;90453209
7004769;90457743
7005183;90471047
7005186;90471085
7006355;90512417
7006788;90529023
7005565;90484097
7006653;90523867
7007853;90568059
7008085;90575413
7005732;90490495
7005092;90468031
7004805;90459363
7005063;90467339
7005329;90476289
7005459;90479849
7008143;90577561
7008147;90577561
7007967;90571729
7007979;90572141
7008091;90575649
7008021;90573725
7007732;90563361
7005760;90491515
7005529;90482325
7006021;90500241
7006387;90513715
7006474;90516843
7007633;90559711
7007778;90564913
7005498;90481247
7005896;90495881
7006022;90500259
7007632;90559707
7007757;90564107
7007765;90564471
7007785;90565271
7007891;90569309
7007906;90569791
7007911;90569909
7008127;90577035
7008128;90577035
7008173;90578545
7006020;90500239
7006388;90513717
7006473;90516829
7007783;90565185
7007916;90569977
7007923;90570239
7008112;90576469
7007535;90556401
7006631;90522909
7008080;90575323
7008324;90584183
7008080;90575323
7008325;90584185
7007009;90537537
7007714;90562701
7007748;90563869
7005891;90495753
7006617;90522599
7006978;90536457
7006968;90536123
7005689;90489437
7008116;90576619
7005965;90498059
7007305;90547051
7007655;90560735
7007728;90563289
7007954;90571471
7005224;90472303
7005758;90491447
7005809;90493045
7005946;90497647
7005654;90487991
7005653;90487989
7006731;90526399
7006816;90530065
7007067;90539343
7007451;90552311
7006835;90530905
7006843;90531019
7007893;90569387
7008251;90581287
7006835;90530905
7006843;90531019
7007893;90569387
7008206;90579963
7005630;90487195
7005763;90491589
7005917;90496571
7007823;90566603
7004783;90458385
7004782;90458383
7007937;90570747
7007453;90552347
7007774;90564879
7005259;90473801
7005927;90497001
7007400;90550389
7008045;90574283
7005874;90495001
7006305;90510477
7006581;90520967
7006692;90525059
7006761;90527441
7007474;90553187
7007531;90556241
7007625;90559451
7007993;90572717
7005018;90465995
7007553;90557145
7005303;90475343
7006002;90499363
7004920;90463361
7005504;90481455
7005620;90486749
7005960;90497935
7006878;90532229
7007274;90545789
7007606;90558971
7007342;90548279
7005280;90474879
7006304;90510475
7006558;90519759
7007026;90538057
7007094;90540187
7007487;90553719
7007699;90562181
7008055;90574625
7005007;90465823
7006141;90504745
7007987;90572501
7004962;90464707
7005428;90478901
7006299;90510225
7005111;90468511
7005484;90480813
7005791;90492399
7006605;90522073
7007429;90551501
7005668;90488373
7006839;90530927
7007525;90555985
7006026;90500385
7006632;90523033
7006024;90500379
7006635;90523063
7004981;90465071
7005144;90469651
7006000;90499327
7006218;90507523
7007011;90537561
7005373;90477563
7006809;90529665
7006207;90507073
7006430;90515419
7006611;90522331
7006883;90532407
7007643;90560137
7007834;90567113
7007957;90571543
7006702;90525539
7007636;90559915
7007399;90550375
7007917;90570007
7005215;90471935
7005845;90493905
7005919;90496689
7006667;90524309
7006619;90522651
7006366;90512807
7007770;90564741
7007837;90567271
7008000;90572841
7004958;90464569
7005278;90474765
7005287;90475107
7005446;90479381
7005508;90481585
7007072;90539497
7006372;90512957
7006766;90527775
7007223;90544307
7004821;90460165
7004973;90464843
7005122;90468883
7006372;90512957
7006766;90527775
7007223;90544307
7006393;90513787
7007926;90570319
7004768;90457725
7007697;90562097
7008030;90573983
7006719;90525889
7004730;90456153
7007925;90570289
7006881;90532357
7004909;90462997
7004948;90464387
7005038;90466583
7006306;90510489
7006621;90522681
7007016;90537739
7007033;90538201
7008216;90580233
7007493;90554225
7006880;90532307
7004765;90457577
7004861;90461765
7007369;90549227
7007793;90565453
7004902;90462823
7005768;90491633
7008069;90574979
7005894;90495807
7004860;90461757
7004910;90463021
7004916;90463197
7004917;90463215
7004927;90463519
7004957;90464525
7005003;90465599
7005005;90465615
7005083;90467759
7005137;90469409
7005198;90471331
7005364;90477435
7005555;90483725
7005839;90493773
7007570;90557749
7006498;90517703
7005382;90477787
7006060;90501743
7006147;90505279
7006477;90516997
7007717;90562833
7007007;90537433
7006192;90506601
7006979;90536525
7006001;90499329
7006983;90536701
7006799;90529275
7006966;90536041
7007476;90553295
7005124;90468969
7007368;90549203
7007039;90538541
7007111;90540809
7008226;90580363
7005827;90493587
7005954;90497763
7005082;90467757
7005214;90471927
7005435;90479207
7006363;90512645
7008254;90581343
7005066;90467431
7005221;90472151
7005828;90493657
7005931;90497229
7006444;90515899
7008025;90573815
7008275;90582211
7005133;90469169
7005929;90497035
7007279;90545937
7006612;90522339
7005878;90495099
7006634;90523053
7005877;90495097
7007280;90545939
7007250;90545013
7006497;90517697
7005400;90478185
7006240;90508141
7006328;90511175
7006367;90512811
7006386;90513643
7006433;90515547
7004931;90463583
7005762;90491587
7007777;90564907
7005394;90478125
7006308;90510601
7006261;90508623
7006662;90524145
7005375;90477597
7004998;90465443
7006067;90501909
7006280;90509571
7005953;90497747
7006066;90501891
7007148;90542023
7007777;90564907
7005394;90478125
7006662;90524145
7005375;90477597
7004998;90465443
7005695;90489715
7004687;90453391
7004692;90453481
7004837;90460627
7004695;90453699
7004959;90464675
7005606;90486229
7005614;90486545
7005667;90488361
7005739;90490823
7006124;90503869
7006439;90515791
7006464;90516333
7007411;90550793
7007465;90552621
7007567;90557641
7008123;90576911
7006314;90510799
7006608;90522235
7006791;90529123
7006942;90534641
7008258;90581457
7006314;90510799
7006608;90522235
7005008;90465879
7005543;90482731
7005568;90484237
7005649;90487851
7005745;90490957
7006178;90506153
7006200;90506879
7004686;90453387
7004843;90460767
7005020;90465999
7005116;90468737
7005848;90494041
7005952;90497741
7006316;90510825
7006485;90517475
7006055;90501483
7006895;90532741
7006733;90526509
7006906;90533177
7007634;90559811
7005602;90486049
7004970;90464813
7006720;90525923
7008002;90572861
7006083;90502441
7007374;90549269
7007949;90571291
7007986;90572459
7008241;90580865
7005098;90468255
7005099;90468257
7005310;90475791
7005666;90488359
7006838;90530923
7005350;90476909
7006548;90519205
7007471;90553049
7005799;90492801
7005816;90493291
7006471;90516701
7005430;90478949
7006471;90516701
7005115;90468653
7005236;90472945
7005625;90486977
7005223;90472259
7005362;90477431
7005933;90497299
7006290;90510029
7006544;90519121
7006708;90525681
7006988;90536883
7005094;90468093
7007328;90547677
7006777;90528433
7005985;90498827
7007454;90552401
7008038;90574161
7004654;90447417
7004787;90458539
7004795;90458745
7005296;90475283
7005365;90477469
7005367;90477489
7005370;90477497
7005734;90490577
7005804;90492911
7005855;90494161
7006047;90501285
7005736;90490673
7007554;90557219
7005735;90490669
7005189;90471143
7007700;90562185
7004662;90452269
7004718;90455845
7004731;90456209
7004846;90460849
7004874;90462055
7004989;90465215
7006092;90502947
7007852;90567929
7007886;90569223
7007915;90569975
7008121;90576863
7008257;90581407
7006151;90505493
7006153;90505543
7006332;90511245
7006376;90513361
7006446;90516011
7006784;90528687
7007498;90554605
7007510;90555125
7007565;90557551
7007734;90563373
7006765;90527671
7005297;90475289
7005376;90477629
7008169;90578397
7008256;90581399
7006765;90527671
7005297;90475289
7005376;90477629
7008312;90583429
7004685;90453379
7006961;90535653
7007507;90555017
7007831;90567049
7006569;90520639
7005812;90493149
7006410;90514689
7008035;90574051
7008052;90574523
7008167;90578369
7006545;90519131
7005131;90469165
7005379;90477735
7005605;90486209
7006257;90508523
7005132;90469167
7005380;90477739
7005618;90486655
7006258;90508525
7005470;90480207
7004752;90456751
7004790;90458685
7005050;90466949
7004705;90455661
7004764;90457575
7007370;90549229
7007631;90559699
7008149;90577729
7008153;90577729
7004659;90451297
7005062;90467297
7006490;90517649
7006925;90533851
7007132;90541453
7007340;90548199
7007463;90552611
7008283;90582577
7006262;90508693
7007910;90569851
7006392;90513779
7006877;90532223
7007594;90558631
7006078;90502243
7007645;90560183
7004894;90462579
7004844;90460793
7005570;90484365
7005842;90493833
7007969;90571771
7004749;90456681
7005905;90496141
7006451;90516057
7004912;90463139
7004797;90459033
7004793;90458733
7005016;90465975
7005810;90493053
7006100;90503191
7006102;90503195
7007102;90540503
7005515;90481763
7005850;90494051
7006023;90500269
7006121;90503675
7006142;90504757
7006396;90513959
7006700;90525509
7006774;90528231
7006798;90529269
7006890;90532555
7007169;90542875
7005326;90476161
7005080;90467717
7007938;90570761
7006616;90522563
7008105;90576223
7006259;90508529
7006278;90509521
7008132;90577305
7008265;90581669
7008134;90577305
7007017;90537793
7006570;90520643
7008093;90575683
7005210;90471765
7005219;90472097
7006173;90506013
7005263;90473975
7006275;90509353
7006543;90519083
7007220;90544187
7007947;90571233
7005081;90467747
7006492;90517659
7005414;90478421
7005821;90493429
7005849;90494047
7005906;90496165
7006111;90503349
7004753;90456777
7005250;90473451
7004719;90455847
7004728;90456101
7004854;90461203
7007530;90556217
7007619;90559377
7005986;90498843
7006606;90522077
7006646;90523609
7005284;90475011
7007513;90555263
7006500;90517747
7005264;90473981
7008027;90573929
7004760;90457121
7004887;90462447
7005090;90467995
7007376;90549303
7004657;90450467
7006057;90501645
7007006;90537421
7008137;90577337
7008139;90577337
7005674;90488685
7005771;90491787
7006588;90521543
7005673;90488681
7005675;90488699
7005773;90491807
7006520;90518315
7005024;90466101
7007402;90550573
7007779;90564915
7008238;90580783
7007121;90541087
7006872;90532127
7006912;90533421
7007380;90549409
7007607;90559029
7005959;90497849
7006707;90525669
7005348;90476847
7005611;90486513
7005979;90498455
7006187;90506449
7004665;90452669
7004677;90452959
7004688;90453393
7004754;90456793
7004977;90464901
7005377;90477715
7005519;90481919
7005663;90488285
7006480;90517149
7006503;90517865
7006530;90518603
7006767;90527797
7006845;90531147
7007065;90539329
7004859;90461599
7005386;90477931
7005429;90478909
7005951;90497739
7005162;90470281
7005387;90477935
7005514;90481751
7006927;90533939
7007291;90546489
7007329;90547687
7004848;90460869
7008017;90573639
7005068;90467459
7005577;90484745
7007183;90543317
7008094;90575763
7004703;90455497
7004709;90455721
7004736;90456327
7004756;90456809
7004757;90456871
7004762;90457405
7004798;90459153
7004799;90459183
7004800;90459287
7004816;90459893
7004824;90460253
7004834;90460493
7004855;90461215
7004862;90461795
7004923;90463441
7004979;90464925
7005087;90467831
7005206;90471523
7005321;90476143
7005322;90476149
7005368;90477493
7006053;90501421
7005323;90476151
7005463;90479929
7006052;90501419
7006086;90502629
7006135;90504445
7007334;90547995
7007539;90556503
7008133;90577317
7005339;90476753
7007538;90556501
7008134;90577323
7005363;90477433
7008054;90574595
7008135;90577325
7008135;90577317
7005339;90476753
7007538;90556501
7008136;90577323
7005363;90477433
7008054;90574595
7008137;90577325
7008222;90580295
7005338;90476751
7005369;90477495
7005410;90478391
7006049;90501411
7006134;90504441
7006380;90513449
7005324;90476155
7005337;90476749
7005342;90476787
7005411;90478401
7006054;90501427
7006137;90504555
7006385;90513585
7005341;90476785
7007703;90562195
7008032;90574031
7008033;90574033
7007160;90542385
7008004;90572919
7007059;90539097
7007060;90539099
7006005;90499417
7006004;90499413
7006340;90511559
7007832;90567055
7005523;90482189
7006805;90529473
7006973;90536277
7004868;90461937
7005028;90466201
7006322;90511117
7006904;90533133
7006360;90512553
7007101;90540487
7007157;90542329
7007244;90544977
7007310;90547269
7007545;90556705
7007795;90565557
7008073;90575073
7007846;90567819
7007849;90567867
7005557;90483809
7008043;90574237
7004745;90456491
7008284;90582611
7004670;90452849
7004667;90452791
7004673;90452917
7004676;90452945
7004675;90452933
7004671;90452869
7004684;90453369
7005360;90477185
7005542;90482711
7007164;90542749
7007593;90558541
7008126;90576969
7008127;90576969
7004780;90458261
7004852;90461119
7004987;90465183
7007590;90558473
7007712;90562649
7008224;90580333
7005231;90472559
7005999;90499209
7006320;90511097
7006652;90523819
7004738;90456343
7007044;90538809
7008118;90576637
7008119;90576639
7004773;90457849
7004746;90456607
7004822;90460187
7005030;90466237
7006625;90522801
7005647;90487763
7004698;90453779
7005315;90476019
7006033;90500729
7006138;90504587
7006358;90512473
7008063;90574781
7007163;90542721
7004971;90464829
7007613;90559135
7005782;90492025
7004742;90456407
7004767;90457723
7004813;90459799
7004941;90464163
7005168;90470505
7005283;90474945
7004830;90460343
7006206;90507049
7006931;90534089
7007671;90561261
7007687;90561875
7007781;90565101
7004696;90453713
7004717;90455843
7004741;90456393
7004775;90457965
7004864;90461839
7005049;90466821
7005140;90469465
7005178;90470887
7005191;90471221
7005434;90479167
7005818;90493297
7005911;90496393
7006587;90521527
7006678;90524705
7006712;90525705
7006950;90535205
7004700;90455055
7005548;90482895
7006249;90508359
7006436;90515733
7005267;90474153
7005778;90491951
7004786;90458515
7006417;90515061
7007899;90569593
7008070;90575027
7006219;90507545
7007349;90548519
7008278;90582409
7004867;90461909
7007005;90537361
7007522;90555803
7006154;90505549
7006636;90523155
7005794;90492533
7007804;90565943
7006472;90516761
7007024;90537939
7007536;90556467
7007662;90560929
7007684;90561787
7005786;90492147
7007047;90538929
7007092;90540125
7007304;90547035
7008117;90576621
7006716;90525799
7007180;90543269
7007497;90554517
7007908;90569817
7005136;90469311
7005413;90478419
7006270;90509043
7006423;90515231
7006723;90526243
7007583;90558313
7004950;90464441
7005873;90494919
7006246;90508267
7006324;90511149
7005431;90478973
7005936;90497399
7005161;90470261
7006194;90506695
7006347;90512095
7006378;90513393
7006395;90513843
7007332;90547867
7005837;90493765
7006476;90516993
7006738;90526599
7006036;90500845
7006369;90512843
7006404;90514321
7006997;90537083
7005004;90465611
7004889;90462457
7006051;90501417
7006056;90501629
7006062;90501775
7006103;90503205
7006131;90504255
7005822;90493431
7006455;90516183
7006487;90517483
7006654;90523883
7005636;90487321
7006227;90507943
7007501;90554771
7004907;90462989
7005035;90466509
7005079;90467701
7005976;90498375
7006007;90499443
7007299;90546775
7008057;90574639
7005097;90468225
7005202;90471471
7005679;90488879
7006242;90508177
7006576;90520817
7006613;90522373
7006345;90512067
7008086;90575423
7005213;90471819
7005779;90491959
7006371;90512909
7006389;90513735
7004849;90460925
7005273;90474629
7005895;90495831
7006295;90510125
7005153;90469891
7005330;90476379
7005353;90476999
7005417;90478585
7005505;90481499
7005506;90481503
7005560;90483845
7005587;90484953
7005723;90490369
7005776;90491913
7005796;90492703
7005851;90494077
7005864;90494399
7006144;90505041
7007050;90538955
7007439;90551839
7007520;90555713
7007546;90556913
7007555;90557311
7007562;90557513
7007599;90558803
7007802;90565897
7007858;90568199
7007920;90570167
7008088;90575451
7008106;90576265
7007844;90567789
7004832;90460389
7004820;90460163
7004825;90460273
7004972;90464839
7006829;90530551
7005274;90474651
7005643;90487645
7008264;90581627
7005071;90467587
7005158;90470069
7006236;90508101
7006897;90532807
7007519;90555677
7007720;90562921
7005318;90476095
7006744;90526807
7007672;90561329
7005466;90480135
7005536;90482487
7005017;90465993
7005112;90468515
7005317;90476081
7006976;90536419
7007193;90543561
7005209;90471743
7006080;90502301
7006233;90508079
7004850;90460941
7004858;90461573
7004866;90461885
7004880;90462127
7004898;90462777
7005042;90466731
7005421;90478665
7005495;90481185
7007798;90565729
7004891;90462501
7005672;90488643
7005603;90486127
7006442;90515861
7005019;90465997
7005838;90493769
7005840;90493783
7007023;90537913
7005328;90476199
7006075;90502143
7006511;90518069
7006003;90499409
7006507;90518005
7006589;90521545
7006641;90523407
7006691;90525033
7006972;90536253
7007068;90539349
7007256;90545143
7007550;90557073
7007602;90558859
7007649;90560365
7007722;90562985
7007724;90563027
7008193;90579493
7005021;90466009
7007997;90572817
7007639;90560007
7005550;90482917
7005358;90477169
7005423;90478723
7005798;90492769
7006298;90510197
7006370;90512897
7006506;90517959
7006594;90521687
7006663;90524151
7004997;90465421
7005260;90473857
7005880;90495115
7007095;90540221
7007459;90552585
7007574;90558055
7007962;90571621
7006542;90519045
7006919;90533705
7007609;90559061
7005710;90490133
7006940;90534475
7007730;90563311
7007964;90571673
7007796;90565635
7005182;90471041
7006592;90521657
7007184;90543333
7006959;90535601
7005089;90467949
7005240;90473059
7005694;90489621
7005963;90498037
7008165;90578133
7008187;90579151
7007796;90565635
7005182;90471041
7006592;90521657
7006959;90535601
7005659;90488231
7005747;90491019
7006265;90508811
7005696;90489787
7007035;90538381
7005252;90473561
7005595;90485287
7004943;90464211
7005863;90494389
7007322;90547533
7005502;90481365
7007272;90545735
7005150;90469803
7005227;90472451
7005245;90473221
7005262;90473933
7005269;90474245
7005285;90475081
7005312;90475809
7005354;90477083
7005596;90485417
7005731;90490493
7005085;90467809
7005332;90476499
7006559;90519777
7005048;90466819
7005588;90484973
7005138;90469417
7005141;90469471
7005149;90469793
7005271;90474409
7005361;90477339
7005725;90490393
7005815;90493243
7005211;90471767
7005292;90475237
7006866;90532023
7006916;90533613
7006926;90533863
7005991;90499103
7005151;90469879
7005857;90494211
7006729;90526307
7006277;90509519
7005243;90473157
7007924;90570253
7005173;90470757
7005179;90470933
7005424;90478777
7005512;90481681
7005691;90489551
7005950;90497719
7006029;90500581
7006323;90511137
7006429;90515411
7007601;90558841
7007604;90558959
7008282;90582555
7005173;90470757
7005179;90470933
7008280;90582501
7007156;90542301
7005974;90498371
7006208;90507093
7005599;90485735
7005635;90487283
7005319;90476113
7005346;90476825
7005452;90479673
7005455;90479809
7005456;90479811
7007087;90540057
7005726;90490407
7007255;90545119
7006214;90507419
7006204;90506955
7005331;90476407
7005501;90481287
7005257;90473735
7006164;90505895
7006237;90508111
7006276;90509355
7005627;90486997
7005769;90491721
7005426;90478853
7005496;90481189
7005626;90486989
7006574;90520755
7005398;90478179
7006848;90531185
7005272;90474549
7008252;90581307
7005915;90496563
7006281;90509583
7007994;90572739
7007999;90572823
7007968;90571749
7005970;90498207
7005706;90490061
7006457;90516251
7005567;90484113
7006027;90500491
7006956;90535557
7007521;90555801
7007597;90558781
7005441;90479325
7005444;90479351
7005454;90479755
7005464;90480005
7005476;90480361
7005478;90480387
7005479;90480403
7005480;90480441
7005481;90480487
7005493;90481037
7005525;90482199
7007120;90540965
7007330;90547733
7006783;90528673
7006921;90533741
7005447;90479425
7006174;90506017
7007089;90540063
7005404;90478237
7005436;90479231
7005439;90479269
7005406;90478247
7005407;90478249
7005405;90478241
7005438;90479255
7005403;90478227
7005781;90492003
7006957;90535565
7005766;90491611
7005775;90491865
7005790;90492313
7005940;90497529
7006597;90521839
7006661;90524109
7006679;90524741
7006929;90534001
7005670;90488439
7005526;90482229
7005551;90483589
7005801;90492835
7007031;90538109
7006253;90508451
7006649;90523683
7005559;90483829
7005612;90486517
7005530;90482327
7005541;90482661
7005593;90485259
7005594;90485271
7005624;90486957
7005645;90487715
7005681;90489089
7005817;90493293
7005533;90482377
7007508;90555057
7005507;90481561
7005823;90493463
7005490;90480975
7005491;90480977
7005492;90480991
7005547;90482893
7005621;90486771
7005858;90494251
7006012;90499769
7006756;90527261
7006268;90508927
7007508;90555057
7005507;90481561
7005823;90493463
7005858;90494251
7006012;90499769
7006756;90527261
7005658;90488161
7007213;90543985
7005729;90490467
7006695;90525111
7005886;90495523
7007013;90537611
7007086;90539983
7005616;90486607
7005680;90488993
7005770;90491783
7005834;90493743
7005966;90498097
7006867;90532027
7006554;90519501
7006730;90526369
7004893;90462563
7006938;90534391
7006947;90535063
7007298;90546773
7007309;90547259
7005892;90495771
7006657;90523967
7006479;90517005
7006517;90518245
7007512;90555221
7007576;90558085
7005169;90470621
7005677;90488725
7007723;90563025
7006626;90522805
7006624;90522797
7005610;90486477
7005652;90487971
7005676;90488721
7006990;90536921
7006336;90511343
7006428;90515341
7007254;90545113
7005488;90480943
7005678;90488737
7005619;90486715
7006157;90505571
7006167;90505937
7006326;90511167
7006292;90510051
7007518;90555671
7005730;90490471
7008262;90581583
7005656;90488037
7005764;90491599
7005797;90492705
7006155;90505559
7006166;90505929
7006327;90511171
7006381;90513503
7007284;90546195
7007116;90540901
7007358;90548919
7007404;90550599
7005715;90490259
7005853;90494101
7005897;90495909
7005924;90496821
7006076;90502179
7006210;90507173
7007427;90551441
7005899;90495933
7006317;90510943
7006321;90511101
7005720;90490319
7006703;90525541
7006675;90524637
7007133;90541473
7006116;90503571
7006792;90529145
7006499;90517717
7006939;90534397
7006989;90536897
7006116;90503571
7006792;90529145
7006073;90501995
7007982;90572339
7007591;90558491
7006251;90508395
7006301;90510347
7006330;90511237
7006948;90535075
7007616;90559327
7005922;90496727
7007053;90538969
7008246;90581105
7008248;90581137
7005922;90496727
7007053;90538969
7008315;90583593
7005910;90496361
7005920;90496699
7005921;90496701
7005947;90497649
7005948;90497661
7005949;90497683
7006241;90508175
7005972;90498299
7006008;90499539
7006082;90502383
7006119;90503633
7007219;90544145
7007260;90545191
7007295;90546537
7007351;90548547
7007847;90567841
7005904;90496105
7005909;90496303
7006156;90505569
7006165;90505911
7006325;90511161
7006382;90513509
7005908;90496285
7005939;90497527
7006034;90500767
7006035;90500803
7006171;90505957
7006209;90507133
7006329;90511185
7006384;90513561
7005916;90496567
7006858;90531717
7006263;90508745
7006523;90518393
7006704;90525607
7006873;90532153
7006096;90503071
7006235;90508089
7006551;90519385
7006112;90503417
7006772;90528099
7006894;90532725
7007207;90543801
7007356;90548745
7007443;90552033
7006951;90535261
7007273;90545755
7006223;90507633
7006315;90510803
7007656;90560773
7006448;90516043
7006567;90520543
7006954;90535497
7007113;90540821
7007313;90547339
7008185;90579029
7006673;90524603
7006674;90524629
7006793;90529159
7006802;90529391
7007277;90545821
7007766;90564527
7007945;90571151
7006967;90536101
7005930;90497051
7005289;90475115
7005903;90496019
7005108;90468477
7005013;90465951
7008266;90581775
7006140;90504667
7006740;90526617
7005471;90480229
7005984;90498741
7006599;90521883
7006642;90523443
7006701;90525525
7006725;90526269
7006780;90528525
7004890;90462459
7007099;90540343
7007486;90553711
7006726;90526283
7007294;90546525
7008271;90581939
7006672;90524579
7007718;90562877
7006964;90535831
7007401;90550411
7007426;90551329
7007473;90553177
7006907;90533179
7007216;90544061
7007943;90570981
7007373;90549249
7007381;90549547
7008164;90578091
7007216;90544061
7008261;90581563
7007943;90570981
7007373;90549249
7007381;90549547
7008189;90579231
7006970;90536207
7007269;90545483
7007457;90552547
7007472;90553117
7007713;90562657
7007870;90568607
7007933;90570647
7007758;90564109
7008097;90575857
7006736;90526559
7007040;90538563
7006828;90530537
7006833;90530839
7006937;90534371
7007196;90543595
7007421;90551153
7007458;90552549
7007499;90554625
7007524;90555943
7007571;90557915
7007850;90567909
7007884;90569187
7007907;90569809
7007959;90571569
7008049;90574439
7008208;90579989
7007153;90542197
7006752;90527063
7007118;90540925
7007327;90547673
7007134;90541481
7006118;90503583
7008001;90572849
7006857;90531655
7006812;90529857
7006899;90532929
7006830;90530573
7008145;90577593
7008153;90577829
7008144;90577591
7008149;90577593
7008160;90577829
7008148;90577591
7007057;90539037
7007338;90548113
7007445;90552167
7007568;90557643
7007435;90551689
7007335;90548039
7006941;90534495
7007490;90554161
7007584;90558361
7007735;90563427
7006885;90532457
7006984;90536705
7006996;90537061
7008192;90579425
7007025;90537969
7007228;90544455
7007434;90551675
7007669;90561183
7007251;90545017
7007253;90545101
7007409;90550715
7007575;90558057
7007034;90538373
7007049;90538953
7007119;90540963
7007129;90541311
7007130;90541357
7007137;90541549
7007143;90541749
7007146;90541783
7007234;90544647
7008142;90577521
7008090;90575585
7008290;90582721
7008146;90577521
7008090;90575585
7008233;90580653
7007107;90540665
7007929;90570407
7007198;90543651
7007365;90549047
7007197;90543641
7007366;90549051
7007001;90537181
7007235;90544649
7007551;90557075
7007640;90560019
7007647;90560339
7007008;90537439
7007074;90539551
7007079;90539817
7007083;90539931
7007090;90540109
7007985;90572411
7008005;90572931
7008082;90575373
7008003;90572889
7007226;90544379
7007773;90564813
7007186;90543409
7007371;90549239
7007100;90540359
7007203;90543763
7007018;90537821
7007517;90555623
7007019;90537823
7007355;90548621
7007511;90555199
7007431;90551579
7007036;90538425
7007020;90537831
7007187;90543419
7007238;90544675
7007559;90557441
7007788;90565349
7007056;90539007
7007058;90539061
7007088;90540059
7007147;90541967
7007080;90539907
7007944;90570989
7007378;90549349
7007167;90542829
7007171;90542955
7007217;90544089
7007241;90544807
7007336;90548077
7007339;90548155
7007112;90540817
7007317;90547377
7007452;90552339
7007661;90560905
7007558;90557433
7008207;90579973
7007506;90554971
7007202;90543729
7007224;90544335
7007395;90550173
7008046;90574327
7007417;90551027
7007794;90565555
7007311;90547277
7007750;90563959
7007320;90547493
7007475;90553241
7007855;90568151
7007181;90543289
7007189;90543467
7007204;90543775
7007205;90543791
7007225;90544339
7007227;90544387
7007247;90545007
7007262;90545199
7007212;90543943
7007275;90545797
7007308;90547177
7007393;90550041
7007456;90552527
7007815;90566347
7007209;90543843
7007215;90544015
7007287;90546261
7007436;90551697
7007564;90557521
7007237;90544669
7007307;90547153
7007420;90551079
7008044;90574247
7007495;90554391
7007813;90566323
7007331;90547807
7007405;90550643
7007763;90564459
7007851;90567919
7008288;90582629
7008318;90583805
7007397;90550327
7007629;90559617
7007928;90570379
7007988;90572509
7007864;90568435
7007419;90551077
7007418;90551075
7006450;90516055
7007415;90550861
7008182;90578869
7008277;90582293
7008327;90584403
7007534;90556355
7007569;90557735
7007624;90559449
7007686;90561861
7007736;90563443
7007762;90564341
7007614;90559173
7008296;90582825
7007537;90556487
7007932;90570645
7007592;90558525
7007660;90560895
7007726;90563191
7007919;90570143
7008285;90582615
7008301;90583049
7007635;90559863
7007740;90563743
7007828;90566897
7007835;90567151
7007935;90570689
7004734;90456231
7007808;90566189
7007627;90559533
7007628;90559541
7007650;90560367
7007658;90560827
7007680;90561653
7007708;90562395
7007709;90562409
7008141;90577479
7007693;90561967
7007904;90569697
7007948;90571271
7008155;90577909
7008144;90577479
7007693;90561967
7007904;90569697
7007948;90571271
7008163;90577909
7007652;90560421
7007664;90561031
7007673;90561335
7007902;90569615
7007918;90570077
7007989;90572609
7008010;90573123
7008089;90575571
7007998;90572819
7008166;90578305
7008175;90578713
7007797;90565721
7007877;90568983
7007894;90569405
7007887;90569245
7008014;90573563
7008064;90574787
7007905;90569705
7008154;90577853
7008293;90582769
7008161;90577853
7008320;90583903
7008221;90580289
7008260;90581545
7008213;90580179
7008230;90580471
7008215;90580207
7007540;90556543
7007792;90565433
7008011;90573223
7008101;90576065
7008287;90582627
7008317;90583609
7008291;90582735
7007012;90537575
7004840;90460705
7006015;90499949
7006721;90525979
7004934;90463773
7006755;90527259
7005018;90465995
7007553;90557145
7008319;90583811
7007784;90565189
7007892;90569373
