Acreedor|NÂº ident.fis.1
4000000|S7800001E
4000001|S2813001A
4000002|P0801900B
4000003|P1308200C
4000004|P2806500A
4000005|P2807900B
4000006|P2804000D
4000007|P2811500D
4000008|P0312800F
4000009|S1911001D
4000010|S4711001J
4000011|Q2826011E
4000012|Q2840001H
4000013|P2515100B
4000014|P1708500B
4000015|P2816700E
4000016|P4315000B
4000017|P4315800E
4000018|P0807600B
4000019|P2806000B
4000020|P1709600I
4000021|P1719100H
4000022|P0804000H
4000023|P1300000E
4000024|P4300000I
4000025|P4318500H
4000026|P1110100C
4000027|P0200300B
4000028|S5011001D
4000029|P0208100H
4000030|P1015100I
4000031|P1102700J
4000032|P0601500B
4000033|P2305000H
4000034|S1511001H
4000035|P3003500J
4000036|P0401300I
4000040|S0611001I
4000041|P0600000D
4000042|P3501700C
4000043|P2905100J
4000044|P0810100H
4000045|P0812000H
4000046|P1213800D
4000047|P3003000A
4000048|P4614700E
4000049|S3011001I
4000050|P0300000G
4000051|P3603800H
4000052|S0711001H
4000053|P4100000A
4000054|Q2826000H
4000055|P1712500F
4000056|P0309900I
4000057|P0301400H
4000058|P1204000B
4000059|P0818600I
4000060|P1102000E
4000061|P5300003J
4000062|S4833001C
4000063|S3511001D
4000064|P1500000C
4000065|P0704000I
4000066|Q0840001B
4000067|P0801500J
4000068|S5500006A
4000069|P0800000B
4000070|P5200010F
4000071|P0700052D
4000072|P0811200E
4000073|P0804200D
4000074|Q5100011E
4000075|P1207700D
4000076|P4516200E
4000077|S3100000C
4000078|P8700006C
4000079|P4622200F
4000080|Q9155006A
4000081|S3933002B
4000082|P2702800J
4000083|P1716400E
4000084|P2504600D
4000085|P6700002F
4000086|Q0801480E
4000087|Q4601395I
4000088|P4618100D
4000089|P4605400C
4000090|Q3000762I
4000091|S0811001G
4000092|P8802303A
4000093|Q4100778B
4000094|P4609500F
4000095|P1214400B
4000096|Q0700546E
4000097|Q6550004C
4000098|P2104400C
4000099|P1808900C
4000100|Q3800444F
4000101|Q4075001J
4000102|S2616001J
4000103|P1208500G
4000104|Q3500461C
4000105|P0816200J
4000106|P1200900G
4000107|P2907500I
4000108|Q5750001I
4000109|P1700053J
4000110|S5016001I
4000115|P0200100F
4000116|P0200500G
4000117|P0200600E
4000118|P0200800A
4000119|P0200900I
4000120|P0201000G
4000121|P0201200C
4000122|P0201500F
4000123|P0201900H
4000124|P0202200B
4000125|P0202500E
4000126|P0202900G
4000127|P0203000E
4000128|P0203200A
4000129|P0203300I
4000130|P0203400G
4000131|P0203500D
4000132|P0203700J
4000133|P0204000D
4000134|P0204200J
4000135|P0204500C
4000136|P0204800G
4000137|P0204900E
4000138|P0205200I
4000139|P0205400E
4000140|P0205600J
4000141|P0205700H
4000142|P0206000B
4000143|P0206300F
4000144|P0206400D
4000145|P0206700G
4000146|P0206900C
4000147|P0207100I
4000148|P0207200G
4000149|P0207300E
4000150|P0207400C
4000151|P0207500J
4000152|P0207800D
4000153|P0207900B
4000154|P0208000J
4000155|P0208600G
4000156|P0700200I
4000157|P0700300G
4000158|P0700400E
4000159|P0700500B
4000160|P0700600J
4000161|P0700700H
4000162|P0700800F
4000163|P0701000B
4000164|P0701100J
4000165|P0701200H
4000166|P0701300F
4000167|P0701400D
4000168|P0701500A
4000169|P0701600I
4000170|P0701900C
4000171|P0702200G
4000172|P0702300E
4000173|P0702500J
4000174|P0702600H
4000175|P0702700F
4000176|P0703000J
4000177|P0703100H
4000178|P0703200F
4000179|P0703300D
4000180|P0703500I
4000181|P0703600G
4000182|P0703700E
4000183|P0703800C
4000184|P0703900A
4000185|P0704100G
4000186|P0704200E
4000187|P0704300C
4000188|P0704400A
4000189|P0704600F
4000190|P0704700D
4000191|P0705100F
4000192|P0705200D
4000193|P0705400J
4000194|P0705500G
4000195|P0705600E
4000196|P0705700C
4000197|P0705900I
4000198|P0706000G
4000199|P0706200C
4000200|P0706400I
4000201|P0706500F
4000202|P0800100J
4000203|P0800300F
4000204|P0800500A
4000205|P0800600I
4000206|P0800700G
4000207|P0800900C
4000208|P0801000A
4000209|P0801200G
4000210|P0801300E
4000211|P0801600H
4000212|P0801700F
4000213|P0802200F
4000214|P0802300D
4000215|P0802500I
4000216|P0802800C
4000217|P0802900A
4000218|P0803000I
4000219|P0803100G
4000220|P0803200E
4000221|P0803300C
4000222|P0803500H
4000223|P0803900J
4000224|P0804300B
4000225|P0804500G
4000226|P0804600E
4000227|P0804800A
4000228|P0805000G
4000229|P0805200C
4000230|P0805300A
4000231|P0805500F
4000232|P0805700B
4000233|P0806000F
4000234|P0806100D
4000235|P0806300J
4000236|P0806400H
4000237|P0806700A
4000238|P0807100C
4000239|P0807200A
4000240|P0807300I
4000241|P0807400G
4000242|P0807500D
4000243|P0808100B
4000244|P0808300H
4000245|P0808400F
4000246|P0808500C
4000247|P0808800G
4000248|P0809000C
4000249|P0809100A
4000250|P0809300G
4000251|P0809500B
4000252|P0809800F
4000253|P0810000J
4000254|P0810400B
4000255|P0810500I
4000256|P0810600G
4000257|P0810900A
4000258|P0811100G
4000259|P0811300C
4000260|P0811400A
4000261|P0811600F
4000262|P0811700D
4000263|P0811800B
4000264|P0811900J
4000265|P0812100F
4000266|P0812200D
4000267|P0812300B
4000268|P0812400J
4000269|P0812500G
4000270|P0812600E
4000271|P0812700C
4000272|P0813300A
4000273|P0813400I
4000274|P0813500F
4000275|P0813700B
4000276|P0813900H
4000277|P0814000F
4000278|P0814400H
4000279|P0814500E
4000280|P0814600C
4000281|P0814700A
4000282|P0815500D
4000283|P0815600B
4000284|P0815700J
4000285|P0816000D
4000286|P0816100B
4000287|P0816400F
4000288|P0816600A
4000289|P0816700I
4000290|P0816800G
4000291|P0817100A
4000292|P0817400E
4000293|P0817500B
4000294|P0817900D
4000295|P0818100J
4000296|P0818200H
4000297|P0818300F
4000298|P0818900C
4000299|P0819000A
4000300|P0819100I
4000301|P0819200G
4000302|P0819300E
4000303|P0819500J
4000304|P0819600H
4000305|P0819700F
4000306|P0819900B
4000307|P0820100F
4000308|P0820200D
4000309|P0820400J
4000310|P0820700C
4000311|P0820800A
4000312|P0820900I
4000313|P0821000G
4000314|P0821200C
4000315|P0821300A
4000316|P0821400I
4000317|P0821600D
4000318|P0821700B
4000319|P0822000F
4000320|P0822200B
4000321|P0822400H
4000322|P0822500E
4000323|P0822700A
4000324|P0823100C
4000325|P0823200A
4000326|P0823400G
4000327|P0823500D
4000328|P0823600B
4000329|P0823800H
4000330|P0824000D
4000331|P0824400F
4000332|P0824500C
4000333|P0824600A
4000334|P0824800G
4000335|P0825000C
4000336|P0825100A
4000337|P0825200I
4000338|P0825900D
4000339|P0826000B
4000340|P0826100J
4000341|P0826200H
4000342|P0826300F
4000343|P0826600I
4000344|P0826700G
4000345|P0826800E
4000346|P0826900C
4000347|P0827000A
4000348|P0827300E
4000349|P0827400C
4000350|P0827700F
4000351|P0827900B
4000352|P0828100H
4000353|P0828200F
4000354|P0828300D
4000355|P0828400B
4000356|P0828500I
4000357|P0828600G
4000358|P0828700E
4000359|P0828800C
4000360|P0828900A
4000361|P0829100G
4000362|P0829500H
4000363|P0829600F
4000364|P0829900J
4000365|P0830100D
4000366|P0830200B
4000367|P0830300J
4000368|P0830600C
4000369|P0830700A
4000370|P0830800I
4000371|P0831200A
4000372|P1300500D
4000373|P1300700J
4000374|P1300900F
4000375|P1301100B
4000376|P1301300H
4000377|P1301400F
4000378|P1301500C
4000379|P1301800G
4000380|P1301900E
4000381|P1302000C
4000382|P1302300G
4000383|P1302800F
4000384|P1303100J
4000385|P1303400D
4000386|P1303900C
4000387|P1304000A
4000388|P1304500J
4000389|P1304700F
4000390|P1304800D
4000391|P1304900B
4000392|P1305000J
4000393|P1305200F
4000394|P1305400B
4000395|P1305600G
4000396|P1305700E
4000397|P1305800C
4000398|P1306100G
4000399|P1306200E
4000400|P1306400A
4000401|P1306500H
4000402|P1306600F
4000403|P1307000H
4000404|P1307100F
4000405|P1307200D
4000406|P1307600E
4000407|P1307800A
4000408|P1307900I
4000409|P1308000G
4000410|P1308100E
4000411|P1308300A
4000412|P1308700B
4000413|P1308800J
4000414|P1308900H
4000415|P1309000F
4000416|P1309100D
4000417|P1309300J
4000418|P1309600C
4000419|P1309700A
4000420|P1309800I
4000421|P1309900G
4000422|P1310000C
4000423|P1600300F
4000424|P1602200F
4000425|P1602700E
4000426|P1604000H
4000427|P1605700B
4000428|P1605800J
4000429|P1606100D
4000430|P1606200B
4000431|P1606700A
4000432|P1607900F
4000433|P1608900E
4000434|P1609000C
4000435|P1610300D
4000436|P1610500I
4000437|P1611100G
4000438|P1611700D
4000439|P1611800B
4000440|P1612400J
4000441|P1613200C
4000442|P1613300A
4000443|P1613400I
4000444|P1614200B
4000445|P1614300J
4000446|P1614400H
4000447|P1616200J
4000448|P1616300H
4000449|P1616600A
4000450|P1617500B
4000451|P1618300F
4000452|P1619500J
4000453|P1619900B
4000454|P1621200C
4000455|P1622600C
4000456|P1624500C
4000457|P1625400E
4000458|P1625500B
4000459|P1626300F
4000460|P1627300E
4000461|P1627400C
4000462|P1628000J
4000463|P1628100H
4000464|P1700200G
4000465|P1700800D
4000466|P1700900B
4000467|P1701400B
4000468|P1701600G
4000469|P1702200E
4000470|P1702500H
4000471|P1702600F
4000472|P1702900J
4000473|P1703700C
4000474|P1703800A
4000475|P1704000G
4000476|P1704300A
4000477|P1704700B
4000478|P1704900H
4000479|P1705100D
4000480|P1705200B
4000481|P1705300J
4000482|P1705400H
4000483|P1705600C
4000484|P1706100C
4000485|P1706800H
4000486|P1707200J
4000487|P1707900E
4000488|P1708900D
4000489|P1709300F
4000490|P1709900C
4000491|P1710000I
4000492|P1710100G
4000493|P1710200E
4000494|P1710700D
4000495|P1710800B
4000496|P1710900J
4000497|P1711700C
4000498|P1712100E
4000499|P1712400I
4000500|P1712700B
4000501|P1713200B
4000502|P1714000E
4000503|P1714300I
4000504|P1714600B
4000505|P1715000D
4000506|P1715100B
4000507|P1715500C
4000508|P1715600A
4000509|P1715700I
4000510|P1716100A
4000511|P1717000B
4000512|P1717100J
4000513|P1717300F
4000514|P1717400D
4000515|P1717700G
4000516|P1717900C
4000517|P1718000A
4000518|P1718500J
4000519|P1718600H
4000520|P1718700F
4000521|P1719200F
4000522|P1719400B
4000523|P1719700E
4000524|P1719800C
4000525|P1719900A
4000526|P1720200C
4000527|P1720500F
4000528|P1720700B
4000529|P1721200B
4000530|P1721500E
4000531|P1721700A
4000532|P1722400G
4000533|P1722500D
4000534|P1722700J
4000535|P1722900F
4000536|P1723400F
4000537|P1723500C
4000538|P1723600A
4000539|P1724100A
4000540|P1725100J
4000541|P1900700D
4000542|P1900800B
4000543|P1901100F
4000544|P1902600D
4000545|P1902900H
4000546|P1904100C
4000547|P1905400F
4000548|P1906500B
4000549|P1907000B
4000550|P1908100I
4000551|P1908400C
4000552|P1908500J
4000553|P1909700E
4000554|P1911000F
4000555|P1912600B
4000556|P1912800H
4000557|P1913800G
4000558|P1914600J
4000559|P1914900D
4000560|P1915500A
4000561|P1916800D
4000562|P1916900B
4000563|P1917800C
4000564|P1917900A
4000565|P1918500H
4000566|P1919100F
4000567|P1919800A
4000568|P1920700J
4000569|P1922100A
4000570|P1922600J
4000571|P1925200F
4000572|P1925300D
4000573|P1926300C
4000574|P1927000H
4000575|P1927300B
4000576|P1927600E
4000577|P1931000B
4000578|P1933800C
4000579|P1935100F
4000580|P1935400J
4000581|P1936100E
4000582|P1938600B
4000583|P1939600A
4000584|P1939700I
4000585|P1940100I
4000586|P2200000D
4000587|P2200500C
4000588|P2202000B
4000589|P2206100F
4000590|P2206800A
4000591|P2208300J
4000592|P2208800I
4000593|P2208900G
4000594|P2210200H
4000595|P2210500A
4000596|P2215300A
4000597|P2215500F
4000598|P2217000E
4000599|P2217300I
4000600|P2217800H
4000601|P2221800B
4000602|P2223900H
4000603|P2224600C
4000604|P2227100A
4000605|P2227500B
4000606|P2227600J
4000607|P2228300F
4000608|P2229400C
4000609|P2230900I
4000610|P2234900E
4000611|P2500200G
4000612|P2500300E
4000613|P2500700F
4000614|P2500800D
4000615|P2500900B
4000616|P2501100H
4000617|P2501200F
4000618|P2501600G
4000619|P2501900A
4000620|P2502100G
4000621|P2502300C
4000622|P2502800B
4000623|P2503200D
4000624|P2504000G
4000625|P2504100E
4000626|P2504300A
4000627|P2504900H
4000628|P2505900G
4000629|P2506000E
4000630|P2507000D
4000631|P2507100B
4000632|P2507400F
4000633|P2508200I
4000634|P2508400E
4000635|P2508500B
4000636|P2509100J
4000637|P2510400A
4000638|P2512200C
4000639|P2512600D
4000640|P2513400H
4000641|P2514300I
4000642|P2514600B
4000643|P2515000D
4000644|P2516800F
4000645|P2516900D
4000646|P2517000B
4000647|P2517200H
4000648|P2520000G
4000649|P2521300J
4000650|P2522500D
4000651|P2522700J
4000652|P2523200J
4000653|P2524900D
4000654|P2525200H
4000655|P2525700G
4000656|P2526200G
4000657|P2526800D
4000658|P2527200F
4000659|P2528500H
4000660|P2528600F
4000661|P2528800B
4000662|P2528900J
4000663|P2529500G
4000664|P2530000E
4000665|P2530100C
4000666|P2530300I
4000667|P2531000D
4000668|P2531300H
4000669|P2531900E
4000670|P2600100H
4000671|P2600200F
4000672|P2600300D
4000673|P2600500I
4000674|P2600600G
4000675|P2600700E
4000676|P2600900A
4000677|P2601100G
4000678|P2601400A
4000679|P2601700D
4000680|P2601800B
4000681|P2601900J
4000682|P2602000H
4000683|P2602100F
4000684|P2602600E
4000685|P2602700C
4000686|P2603400I
4000687|P2603600D
4000688|P2604300J
4000689|P2604600C
4000690|P2604700A
4000691|P2604900G
4000692|P2605000E
4000693|P2605300I
4000694|P2605400G
4000695|P2605900F
4000696|P2606100B
4000697|P2606400F
4000698|P2606600A
4000699|P2607100A
4000700|P2607900D
4000701|P2608300F
4000702|P2608400D
4000703|P2608700G
4000704|P2609600H
4000706|P3501900I
4000707|P3502000G
4000708|P3502100E
4000709|P3502200C
4000710|P2610000H
4000711|P2610300B
4000712|P2610400J
4000713|P2610600E
4000714|P2611200C
4000715|P2612000F
4000716|P2612200B
4000717|P2612400H
4000718|P2612500E
4000719|P2612700A
4000720|P2613800H
4000721|P2614200J
4000722|P2614300H
4000723|P2614500C
4000724|P2615000C
4000725|P2615100A
4000726|P2615500B
4000727|P2615700H
4000728|P2615800F
4000729|P2616000B
4000730|P2616500A
4000731|P2616900C
4000732|P2617800D
4000733|P2618100H
4000734|P2618400B
4000735|P2800200D
4000736|P2800400J
4000737|P2800500G
4000738|P2800600E
4000739|P2800700C
4000740|P2800800A
4000741|P2800900I
4000742|P2801000G
4000743|P2801100E
4000744|P2801200C
4000745|P2801300A
4000746|P2801400I
4000747|P2801500F
4000748|P2801700B
4000749|P2801800J
4000750|P2801900H
4000751|P2802200B
4000752|P2802300J
4000753|P2802500E
4000754|P2802600C
4000755|P2802700A
4000756|P2803100C
4000757|P2803200A
4000758|P2803300I
4000759|P2803500D
4000760|P2803600B
4000761|P2803700J
4000762|P2803800H
4000763|P2804100B
4000764|P2804200J
4000765|P2804400F
4000766|P2804500C
4000767|P2804600A
4000768|P2804700I
4000769|P2804800G
4000770|P2804900E
4000771|P2805000C
4000772|P2805100A
4000773|P2805200I
4000774|P2805300G
4000775|P2805400E
4000776|P2805500B
4000777|P2805700H
4000778|P2805800F
4000779|P2805900D
4000780|P2806100J
4000781|P2806200H
4000782|P2806600I
4000783|P2806700G
4000784|P2806800E
4000785|P2807000A
4000786|P2807300E
4000787|P2807400C
4000788|P2807500J
4000789|P2808000J
4000790|P2808200F
4000791|P2808300D
4000792|P2808400B
4000793|P2808500I
4000794|P2808600G
4000795|P2808700E
4000796|P2808900A
4000797|P2809000I
4000798|P2809100G
4000799|P2809200E
4000800|P2809400A
4000801|P2809560H
4000802|P2809600F
4000803|P2810000F
4000804|P2810100D
4000805|P2810200B
4000806|P2810400H
4000807|P2810600C
4000808|P2810800I
4000809|P2810900G
4000810|P2811000E
4000811|P2811100C
4000812|P2811300I
4000813|P2811600B
4000814|P2812300H
4000815|P2812500C
4000816|P2812700I
4000817|P2812900E
4000818|P2813000C
4000819|P2813100A
4000820|P2813200I
4000821|P2813300G
4000822|P2813500B
4000823|P2813600J
4000824|P2813700H
4000825|P2814100J
4000826|P2814400D
4000827|P2814500A
4000828|P2814600I
4000829|P2814700G
4000830|P2814800E
4000831|P2814900C
4000832|P2815100I
4000833|P2815200G
4000834|P2815400C
4000835|P2815500J
4000836|P2815600H
4000837|P2815700F
4000838|P2815900B
4000839|P2816000J
4000840|P2816100H
4000841|P2816400B
4000842|P2816500I
4000843|P2816900A
4000844|P2817100G
4000845|P2817200E
4000846|P2817300C
4000847|P2817600F
4000848|P2817700D
4000849|P2817800B
4000850|P2817900J
4000851|P2818000H
4000852|P2818100F
4000853|P2818200D
4000854|P2818400J
4000855|P3002100J
4000856|P3101000B
4000857|P3101900C
4000858|P3102700F
4000859|P3104200E
4000860|P3106300A
4000861|P3107100D
4000862|P3108700J
4000863|P3108800H
4000864|P3116500D
4000865|P3120100G
4000866|P3121500G
4000867|P3123200B
4000868|P3125000D
4000869|P3126600J
4000870|P3190300H
4000871|P3300400C
4000872|P3301600G
4000873|P3302000I
4000874|P3302300C
4000875|P3302400A
4000876|P3302500H
4000877|P3302600F
4000878|P3303100F
4000879|P3303200D
4000880|P3303500G
4000881|P3303600E
4000882|P3303700C
4000883|P3303900I
4000884|P3304200C
4000885|P3304400I
4000886|P3304900H
4000887|P3305100D
4000888|P3305500E
4000889|P3305800I
4000890|P3306000E
4000891|P3306600B
4000892|P3306900F
4000893|P3500100G
4000894|P3500200E
4000895|P3500300C
4000896|P3500400A
4000897|P3500600F
4000898|P3500800B
4000899|P3500900J
4000900|P3501000H
4000901|P3501100F
4000902|P3501200D
4000903|P3501300B
4000904|P3501800A
4000905|Q4667001D
4000906|Q4667002B
4000907|Q4667010E
4000908|Q4667016B
4000909|Q4667042H
4000910|P3502300A
4000911|P3502400I
4000912|P3502600D
4000913|P3502700B
4000914|P3502800J
4000915|P3502900H
4000916|P3503000F
4000917|P3503100D
4000918|P3503400H
4000919|P3800100D
4000920|P3800500E
4000921|P3800600C
4000922|P3800800I
4000923|P3800900G
4000924|P3801000E
4000925|P3801100C
4000926|P3801200A
4000927|P3801300I
4000928|P3801500D
4000929|P3801700J
4000930|P3801900F
4000931|P3802000D
4000932|P3802100B
4000933|P3802200J
4000934|P3802300H
4000935|P3802400F
4000936|P3802600A
4000937|P3802800G
4000938|P3803000C
4000939|P3803100A
4000940|P3803200I
4000941|P3803400E
4000942|P3803500B
4000943|P3803600J
4000944|P3803700H
4000945|P3803800F
4000946|P3803900D
4000947|P3804000B
4000948|P3804100J
4000949|P3804300F
4000950|P3804400D
4000951|P3804600I
4000952|P3804800E
4000953|P3804900C
4000954|P3805300E
4000955|P3900500D
4000956|P3901600A
4000957|P3902000C
4000958|P3902800F
4000959|P3903800E
4000960|P3904600H
4000961|P3905200F
4000962|P3905900A
4000963|P3906000I
4000964|P3906100G
4000965|P3906200E
4000966|P3907400J
4000967|P3907500G
4000968|P3908000G
4000969|P3908700B
4000970|P3909600C
4000971|P3910200I
4000972|P4300100G
4000973|P4300200E
4000974|P4300400A
4000975|P4300500H
4000976|P4300700D
4000977|P4300900J
4000978|P4301100F
4000979|P4301200D
4000980|P4301300B
4000981|P4301400J
4000982|P4301600E
4000983|P4301900I
4000984|P4302000G
4000985|P4302400I
4000986|P4302800J
4000987|P4303000F
4000988|P4303100D
4000989|P4303400H
4000990|P4303600C
4000991|P4303700A
4000992|P4303800I
4000993|P4304400G
4000994|P4304500D
4000995|P4304800H
4000996|P4305100B
4000997|P4305200J
4000998|P4305300H
4000999|P4305500C
4001000|P4306100A
4001001|P4306800F
4001002|P4306900D
4001003|P4307200H
4001004|P4307500A
4001005|P4307700G
4001006|P4307900C
4001007|P4308000A
4001008|P4308200G
4001009|P4308300E
4001010|P4308600H
4001011|P4308700F
4001012|P4308900B
4001013|P4309100H
4001014|P4309300D
4001015|P4309400B
4001016|P4309500I
4001017|P4309600G
4001018|P4309900A
4001019|P4310100E
4001020|P4310200C
4001021|P4310600D
4001022|P4311000F
4001023|P4311100D
4001024|P4311300J
4001025|P4311500E
4001026|P4311800I
4001027|P4312200A
4001028|P4312500D
4001029|P4312900F
4001030|P4313100B
4001031|P4313300H
4001032|P4313400F
4001033|P4313500C
4001034|P4313700I
4001035|P4313800G
4001036|P4313900E
4001037|P4314000C
4001038|P4314200I
4001039|P4314400E
4001040|P4314600J
4001041|P4315500A
4001042|P4315700G
4001043|P4316200G
4001044|P4316300E
4001045|P4316400C
4001046|P4316500J
4001047|P4316700F
4001048|P4316800D
4001049|P4317300D
4001050|P4318000I
4001051|P4318100G
4001052|P4318200E
4001053|P4318300C
4001054|P4318400A
4001055|P4318600F
4001056|P4400900I
4001057|P4401200C
4001058|P4401300A
4001059|P4402200B
4001060|P4402500E
4001061|P4402600C
4001062|P4405100A
4001063|P4406400D
4001064|P4407600H
4001065|P4412800G
4001066|P4414800D
4001067|P4417400A
4001068|P4417800B
4001069|P4420200J
4001070|P4421300G
4001071|P4421800F
4001072|P4422900C
4001073|P4423300E
4001074|P4425400A
4001075|P4426000H
4001076|P4426100F
4001077|P4500100E
4001078|P4500200C
4001079|P4500300A
4001080|P4500400I
4001081|P4500600D
4001082|P4500800J
4001083|P4501200B
4001084|P4501300J
4001085|P4501400H
4001086|P4501500E
4001087|P4501600C
4001088|P4501800I
4001089|P4501900G
4001090|P4502000E
4001091|P4502100C
4001092|P4502300I
4001093|P4502400G
4001094|P4502500D
4001095|P4502700J
4001096|P4502800H
4001097|P4503100B
4001098|P4503200J
4001099|P4503400F
4001100|P4503500C
4001101|P4503600A
4001102|P4503700I
4001103|P4503800G
4001104|P4503900E
4001105|P4504000C
4001106|P4504100A
4001107|P4504200I
4001108|P4504500B
4001109|P4504600J
4001110|P4504700H
4001111|P4504800F
4001112|P4505000B
4001113|P4505100J
4001114|P4505200H
4001115|P4505300F
4001116|P4505400D
4001117|P4505500A
4001118|P4505600I
4001119|P4505700G
4001120|P4505900C
4001121|P4506100I
4001122|P4506200G
4001123|P4506400C
4001124|P4506600H
4001125|P4506700F
4001126|P4507000J
4001127|P4507200F
4001128|P4507700E
4001129|P4507800C
4001130|P4507900A
4001131|P4508200E
4001132|P4508400A
4001133|P4508500H
4001134|P4508600F
4001135|P4508800B
4001136|P4508900J
4001137|P4509000H
4001138|P4509200D
4001139|P4509600E
4001140|P4509700C
4001141|P4509900I
4001142|P4510000E
4001143|P4510200A
4001144|P4510300I
4001145|P4510500D
4001146|P4510700J
4001147|P4510800H
4001148|P4511000D
4001149|P4511100B
4001150|P4511300H
4001151|P4511400F
4001152|P4511600A
4001153|P4511700I
4001154|P4511800G
4001155|P4511900E
4001156|P4512000C
4001157|P4512200I
4001158|P4512300G
4001159|P4512400E
4001160|P4512500B
4001161|P4512700H
4001162|P4512800F
4001163|P4512900D
4001164|P4513200H
4001165|P4513300F
4001166|P4513400D
4001167|P4513500A
4001168|P4513600I
4001169|P4513700G
4001170|P4513900C
4001171|P4514200G
4001172|P4514300E
4001173|P4514400C
4001174|P4514600H
4001175|P4515000J
4001176|P4515100H
4001177|P4515500I
4001178|P4515800C
4001179|P4515900A
4001180|P4516100G
4001181|P4516400A
4001182|P4516500H
4001183|P4516600F
4001184|P4516700D
4001185|P4516900J
4001186|P4517200D
4001187|P4517400J
4001188|P4517700C
4001189|P4517900I
4001190|P4518200C
4001191|P4518300A
4001192|P4518400I
4001193|P4518500F
4001194|P4518600D
4001195|P4518700B
4001196|P4518800J
4001197|P4518900H
4001198|P4519000F
4001199|P4519300J
4001200|P4519600C
4001201|P4519700A
4001202|P4519800I
4001203|P4519900G
4001204|P4520000C
4001205|P4520100A
4001206|P4520200I
4001207|P4520300G
4001208|P4520400E
4001209|P4520500B
4001210|P4520600J
4001211|P5000200E
4001212|P5000800B
4001213|P5001200D
4001214|P5002500F
4001215|P5003800I
4001216|P5004300I
4001217|P5005500C
4001218|P5005700I
4001219|P5006200I
4001220|P5006600J
4001221|P5006700H
4001222|P5006800F
4001223|P5007400D
4001224|P5008900B
4001225|P5009500I
4001226|P5009900A
4001227|P5010300A
4001228|P5011700A
4001229|P5011900G
4001230|P5012700J
4001231|P5015100J
4001232|P5015300F
4001233|P5016000A
4001234|P5016400C
4001235|P5018200E
4001236|P5018300C
4001237|P5019000H
4001238|P5019400J
4001239|P5020100C
4001240|P5020200A
4001241|P5020500D
4001242|P5020900F
4001243|P5021000D
4001244|P5022000C
4001245|P5022400E
4001246|P5022700H
4001247|P5023300F
4001248|P5023800E
4001249|P5025400B
4001250|P5025500I
4001251|P5026100G
4001252|P5026600F
4001253|P5027700C
4001254|P5028400I
4001255|P5029800I
4001256|P5030200I
4001257|P5030400E
4001258|P5831301F
4001259|P6600004C
4001260|P6920201H
4001261|Q0818600I
4001262|Q3300312J
4001263|Q5000454H
4001264|S2633001I
4001265|P00700800
4001266|P0100019I
4001267|P0100100G
4001268|P0103400H
4001269|P0104800H
4001270|P0105300H
4001271|P0105400F
4001272|P0106800F
4001273|P01802800
4001274|P01819700
4001275|P0300008J
4001276|P0300100E
4001277|P0300200C
4001278|P0300400I
4001279|P0300500F
4001280|P0300600D
4001281|P0300700B
4001282|P0300800J
4001283|P0301100D
4001284|P0301200B
4001285|P0301300J
4001286|P0301500E
4001287|P0301700A
4001288|P0301900G
4001289|P0302100C
4001290|P0302300I
4001291|P0302400G
4001292|P0302500D
4001293|P0302600B
4001294|P0302900F
4001295|P0303000D
4001296|P0303100B
4001297|P0303400F
4001298|P0303500C
4001299|P0303700I
4001300|P0304000C
4001301|P0304100A
4001302|P0304200I
4001303|P0304300G
4001304|P0304400E
4001305|P0304500B
4001306|P0304600J
4001307|P0304700H
4001308|P0304800F
4001309|P0304900D
4001310|P0305000B
4001311|P0305200H
4001312|P0305300F
4001313|P0305400D
4001314|P0305500A
4001315|P0305600I
4001316|P0305800E
4001317|P0305900C
4001318|P0306100I
4001319|P0306200G
4001320|P0306300E
4001321|P0306400C
4001322|P0306500J
4001323|P0306600H
4001324|P0306900B
4001325|P0307000J
4001326|P0307100H
4001327|P0307400B
4001328|P0307600G
4001329|P0307800C
4001330|P0307900A
4001331|P0308000I
4001332|P0308100G
4001333|P0308200E
4001334|P0308300C
4001335|P0308500H
4001336|P0308600F
4001337|P0308800B
4001338|P0308900J
4001339|P0309000H
4001340|P0309100F
4001341|P0309200D
4001342|P0309300B
4001343|P0309400J
4001344|P0309500G
4001345|P0309600E
4001346|P0309700C
4001347|P0309800A
4001348|P0310000E
4001349|P0310100C
4001350|P0310200A
4001351|P0310300I
4001352|P0310400G
4001353|P0310500D
4001354|P0310700J
4001355|P0310900F
4001356|P0311100B
4001357|P0311200J
4001358|P0311300H
4001359|P0311400F
4001360|P0311500C
4001361|P0311600A
4001362|P0311700I
4001363|P0311800G
4001364|P0311900E
4001365|P0312000C
4001366|P0312100A
4001367|P0312200I
4001368|P0312300G
4001369|P0312400E
4001370|P0312500B
4001371|P0312600J
4001372|P0312700H
4001373|P0312900D
4001374|P0313100J
4001375|P0313200H
4001376|P0313600I
4001377|P0313700G
4001378|P0313800E
4001379|P0313900C
4001380|P0314000A
4001381|P0314200G
4001382|P0400100D
4001383|P0400300J
4001384|P0400600C
4001385|P0401000E
4001386|P04013100
4001387|P0401700J
4001388|P0402400F
4001389|P04024300
4001390|P0402900E
4001391|P0403000C
4001392|P0403100A
4001393|P0403200I
4001394|P0403400E
4001395|P0403500B
4001396|P0403800F
4001397|P0404000B
4001398|P0404500A
4001399|P0404600I
4001400|P0404700G
4001401|P0404800E
4001402|P0404900C
4001403|P0405000A
4001404|P0405200G
4001405|P0405300E
4001406|P0405700F
4001407|P0406000J
4001408|P0406200F
4001409|P0406400B
4001410|P0406500I
4001411|P0406600G
4001412|P0406700E
4001413|P0406900A
4001414|P0407100G
4001415|P0407300C
4001416|P0407400A
4001417|P0407500H
4001418|P0407800B
4001419|P0407900J
4001420|P0408800A
4001421|P0409300A
4001422|P0409600D
4001423|P0409800J
4001424|P0410000D
4001425|P0410100B
4001426|P0410200J
4001427|P0410300H
4001428|P0410400F
4001429|P0410500C
4001430|P0500200A
4001431|P0501300H
4001432|P0501400F
4001433|P0501600A
4001434|P0501900E
4001435|P0502200I
4001436|P0504100I
4001437|P0504700F
4001438|P0505400B
4001439|P0505700E
4001440|P0506100G
4001441|P0506500H
4001442|P0507400J
4001443|P0507600E
4001444|P0508700B
4001445|P0508900H
4001446|P0509300J
4001447|P0509500E
4001448|P0509700A
4001449|P0509900G
4001450|P0510200I
4001451|P0511000B
4001452|P0511500A
4001453|P0513500I
4001454|P0514300C
4001455|P0515200D
4001456|P0515600E
4001457|P0516100E
4001458|P0516300A
4001459|P0516800J
4001460|P0516900H
4001461|P0517600C
4001462|P0517800I
4001463|P0518300I
4001464|P0518400G
4001465|P0518500D
4001466|P0518600B
4001467|P0518700J
4001468|P3602400H
4001469|P0519700I
4001470|P3602600C
4001471|P3602900G
4001472|P0520400C
4001473|P3603200A
4001474|P0520700F
4001475|P3603300I
4001476|P3603500D
4001477|P0522000I
4001478|P3603700J
4001479|P3604200J
4001480|P0522700D
4001481|P3604300H
4001482|P3604600A
4001483|P0523800A
4001484|P3604900E
4001485|P0524000G
4001486|P3605000C
4001487|P3605200I
4001488|P0524100E
4001489|P3605400E
4001490|P3605700H
4001491|P0524200C
4001492|P3605800F
4001493|P0526900F
4001494|P3606000B
4001495|P3702400G
4001496|P0600039B
4001497|P3702900F
4001498|P3704400E
4001499|P0600500C
4001500|P3704500B
4001501|P0601100A
4001502|P3704600J
4001503|P3706000A
4001504|P0601200I
4001505|P3706900B
4001506|P3708500H
4001507|P0601400E
4001508|P3708700D
4001509|P0602200H
4001510|P3727600C
4001511|P3729600A
4001512|P0604400B
4001513|P3730700F
4001514|P3731400B
4001515|P0604600G
4001516|P3732500H
4001517|P0605400A
4001518|P3732700D
4001519|P3735700A
4001520|P0607400I
4001521|P3736500D
4001522|P3800400H
4001523|P0608800I
4001524|P3801800H
4001525|P0609200A
4001526|P3803300G
4001527|P3805100I
4001528|P0610800E
4001529|P3900200A
4001530|P0611800D
4001531|P3900800H
4001532|P3900900F
4001533|P0612600G
4001534|P3901900E
4001535|P0614900I
4001536|P3902200I
4001537|P3902300G
4001538|P0615300A
4001539|P3902600J
4001540|P3903500A
4001541|P0615800J
4001542|P3904200G
4001543|P0616900G
4001544|P3904400C
4001545|P3905600G
4001546|P0700100A
4001547|P3905700E
4001548|P3906900J
4001549|P0702800D
4001550|P3907700C
4001551|P0702900B
4001552|P3907800A
4001553|P3907900I
4001554|P0703400B
4001555|P3909000F
4001556|P4000100J
4001557|P0704500H
4001558|P4000400D
4001559|P0704800B
4001560|P4003100G
4001561|P4003500H
4001562|P0705000H
4001563|P4003600F
4001564|P0705300B
4001565|P4003700D
4001566|P4004000H
4001567|P0706100E
4001568|P4004300B
4001569|P0900604J
4001570|P4004400J
4001571|P4004500G
4001572|P0900732I
4001573|P4004700C
4001574|P4006100D
4001575|P0901800C
4001576|P4006500E
4001577|P0905000F
4001578|P4006600C
4001579|P4007200A
4001580|P0905800I
4001581|P4007500D
4001582|P0907500C
4001583|P4008100B
4001584|P4008400F
4001585|P0908700H
4001586|P4008700I
4001587|P4008800G
4001588|P0919700E
4001589|P4009200I
4001590|P0924800F
4001591|P4009600J
4001592|P4010000J
4001593|P0928200E
4001594|P4010200F
4001595|P0934300E
4001596|P4010300D
4001597|P4010900A
4001598|P0935000J
4001599|P4011500H
4001600|P4011600F
4001601|P0938500F
4001602|P4011900J
4001603|P0939600C
4001604|P4012000H
4001605|P4012300B
4001606|P0942400C
4001607|P4012800A
4001608|P0944700D
4001609|P4013000G
4001610|P4013900H
4001611|P0947300J
4001612|P4015400G
4001613|P0948900F
4001614|P4015700J
4001615|P4016200J
4001616|P1000800A
4001617|P4016300H
4001618|P4017600J
4001619|P1001200C
4001620|P4017800F
4001621|P1001400I
4001622|P4018200H
4001623|P4019600H
4001624|P1003800H
4001625|P4020000H
4001626|P1004800G
4001627|P4020300B
4001628|P4020400J
4001629|P1006500A
4001630|P4021000G
4001631|P4021100E
4001632|P1006800E
4001633|P4021200C
4001634|P1007700F
4001635|P4021300A
4001636|P4021500F
4001637|P1012800G
4001638|P4021700B
4001639|P1013400E
4001640|P4022100D
4001641|P4022300J
4001642|P1015000A
4001643|P4022600C
4001644|P1019500F
4001645|P4023800H
4001646|P4024000D
4001647|P1020700I
4001648|P4024200J
4001649|P1020900E
4001650|P4025300G
4001651|P4025600J
4001652|P1100100E
4001653|P4025800F
4001654|P4026000B
4001655|P1100600D
4001656|P4026100J
4001657|P1100700B
4001658|P4026300F
4001659|P4026800E
4001660|P1100800J
4001661|P4100400C
4001662|P1101100D
4001663|P4100500J
4001664|P4100600H
4001665|P1101200B
4001666|P4100700F
4001667|P1101400H
4001668|P4100900B
4001669|P4101000J
4001670|P1101500E
4001671|P4101200F
4001672|P1101600C
4001673|P4101300D
4001674|P4101500I
4001675|P1101700A
4001676|P4101600G
4001677|P1101900G
4001678|P4101700E
4001679|P4607600F
4001680|P4101800C
4001681|P4607800B
4001682|P1102200A
4001683|P4607900J
4001684|P4101900A
4001685|P4608100F
4001686|P4102000I
4001687|P1102300I
4001688|P4608200D
4001689|P4102100G
4001690|P4608300B
4001691|P1102500D
4001692|P4102200E
4001693|P4608400J
4001694|P4102300C
4001695|P1102600B
4001696|P4608500G
4001697|P4102400A
4001698|P4608700C
4001699|P1102800H
4001700|P4609000G
4001701|P4102500H
4001702|P4609100E
4001703|P4102600F
4001704|P1102900F
4001705|P4609200C
4001706|P4102700D
4001707|P4609300A
4001708|P1103000D
4001709|P4102900J
4001710|P4609400I
4001711|P4103000H
4001712|P1103100B
4001713|P4609600D
4001714|P4103200D
4001715|P4609700B
4001716|P1103300H
4001717|P4609800J
4001718|P4103300B
4001719|P4610000D
4001720|P4103400J
4001721|P1103500C
4001722|P4610100B
4001723|P4103800A
4001724|P4610200J
4001725|P1103700I
4001726|P4103900I
4001727|P4610300H
4001728|P4104000G
4001729|P1103800G
4001730|P4610400F
4001731|P4104200C
4001732|P4610500C
4001733|P1104100A
4001734|P4104400I
4001735|P4610600A
4001736|P4610800G
4001737|P4104500F
4001738|P1200200B
4001739|P4610900E
4001740|P4104700B
4001741|P1200300J
4001742|P4611000C
4001743|P4104900H
4001744|P4611100A
4001745|P4105000F
4001746|P1200400H
4001747|P4611200I
4001748|P4105100D
4001749|P4611300G
4001750|P1200500E
4001751|P4105200B
4001752|P4611400E
4001753|P4105300J
4001754|P4611500B
4001755|P1200600C
4001756|P4105800I
4001757|P4611800F
4001758|P1201200A
4001759|P4105900G
4001760|P4612000B
4001761|P4612100J
4001762|P4106000E
4001763|P1201500D
4001764|P4612200H
4001765|P4106300I
4001766|P4612400D
4001767|P1201600B
4001768|P4106400G
4001769|P4612500A
4001770|P4106500D
4001771|P1201700J
4001772|P4612700G
4001773|P4106700J
4001774|P4612800E
4001775|P1202100B
4001776|P4106800H
4001777|P4612900C
4001778|P4106900F
4001779|P4613000A
4001780|P1202200J
4001781|P4613100I
4001782|P4107000D
4001783|P4613200G
4001784|P1202700I
4001785|P4107500C
4001786|P4613300E
4001787|P4108100A
4001788|P1202900E
4001789|P4613400C
4001790|P4108200I
4001791|P4613500J
4001792|P1203100A
4001793|P4108500B
4001794|P4613600H
4001795|P4108600J
4001796|P4613700F
4001797|P1203200I
4001798|P4108700H
4001799|P4613800D
4001800|P1203300G
4001801|P4109000B
4001802|P4613900B
4001803|P4614000J
4001804|P4109100J
4001805|P1203400E
4001806|P4614100H
4001807|P4109200H
4001808|P4614200F
4001809|P1203600J
4001810|P4109300F
4001811|P4614300D
4001812|P4109400D
4001813|P1203900D
4001814|P4614400B
4001815|P4109500A
4001816|P4614600G
4001817|P1204100J
4001818|P4109600I
4001819|P4614800C
4001820|P4109700G
4001821|P4615000I
4001822|P1204200H
4001823|P4109800E
4001824|P4615100G
4001825|P1204300F
4001826|P4615200E
4001827|P4109900C
4001828|P4615300C
4001829|P4110000I
4001830|P1204400D
4001831|P4615500H
4001832|P4110300C
4001833|P4615600F
4001834|P1204900C
4001835|P4203900H
4001836|P4615700D
4001837|P4215100A
4001838|P1205000A
4001839|P4615800B
4001840|P4221900F
4001841|P4615900J
4001842|P1205200G
4001843|P4227700D
4001844|P4616000H
4001845|P4616100F
4001846|P4600025C
4001847|P1205300E
4001848|P4616200D
4001849|P4600027I
4001850|P1205700F
4001851|P4616300B
4001852|P4600100D
4001853|P4616400J
4001854|P4600200B
4001855|P1206000J
4001856|P4616500G
4001857|P4600300J
4001858|P4616600E
4001859|P1206100H
4001860|P4600400H
4001861|P4616700C
4001862|P1206500I
4001863|P4600500E
4001864|P4616800A
4001865|P4600600C
4001866|P4617000G
4001867|P1206600G
4001868|P4617100E
4001869|P4600700A
4001870|P4617200C
4001871|P1206700E
4001872|P4600800I
4001873|P4617300A
4001874|P4600900G
4001875|P1207000I
4001876|P4617400I
4001877|P4601000E
4001878|P4617500F
4001879|P1207100G
4001880|P4601100C
4001881|P4617600D
4001882|P4601300I
4001883|P1207200E
4001884|P4617700B
4001885|P4601400G
4001886|P4617800J
4001887|P1207400A
4001888|P4601500D
4001889|P4617900H
4001890|P4601600B
4001891|P4618000F
4001892|P1207800B
4001893|P4618200B
4001894|P4601800H
4001895|P1207900J
4001896|P4618300J
4001897|P4601900F
4001898|P4618400H
4001899|P1208000H
4001900|P4602000D
4001901|P4618600C
4001902|P4602100B
4001903|P1208100F
4001904|P4618700A
4001905|P4602200J
4001906|P4618800I
4001907|P1208200D
4001908|P4602300H
4001909|P4618900G
4001910|P4602400F
4001911|P4619000E
4001912|P1208400J
4001913|P4602500C
4001914|P4619100C
4001915|P1209400I
4001916|P4602600A
4001917|P4619300I
4001918|P4619400G
4001919|P4602700I
4001920|P1209500F
4001921|P4619500D
4001922|P4602800G
4001923|P4619700J
4001924|P1209600D
4001925|P4603000C
4001926|P4619900F
4001927|P4603100A
4001928|P1209900H
4001929|P4620000B
4001930|P4603200I
4001931|P4620100J
4001932|P1210000D
4001933|P4603300G
4001934|P4620200H
4001935|P4620400D
4001936|P4603400E
4001937|P1210100B
4001938|P4620500A
4001939|P4603500B
4001940|P1210200J
4001941|P4620600I
4001942|P4603700H
4001943|P4621000A
4001944|P4603800F
4001945|P1210400F
4001946|P4621100I
4001947|P4603900D
4001948|P4621200G
4001949|P1210600A
4001950|P4604000B
4001951|P4621300E
4001952|P4604200H
4001953|P1210700I
4001954|P4621500J
4001955|P4604300F
4001956|P4621600H
4001957|P1210800G
4001958|P4604400D
4001959|P4621700F
4001960|P1210900E
4001961|P1211000C
4001962|P1211100A
4001963|P1211400E
4001964|P1211700H
4001965|P1212100J
4001966|P1802000H
4001967|P1212400D
4001968|P1802100F
4001969|P1212500A
4001970|P1802300B
4001971|P1212600I
4001972|P1802400J
4001973|P1212800E
4001974|P1803000G
4001975|P1212900C
4001976|P1803900H
4001977|P1213300E
4001978|P1804000F
4001979|P1213500J
4001980|P1804800I
4001981|P1213600H
4001982|P1804900G
4001983|P1805000E
4001984|P1400700I
4001985|P1805100C
4001986|P1401700H
4001987|P1805200A
4001988|P1402200H
4001989|P1805700J
4001990|P1403500J
4001991|P1805800H
4001992|P1403700F
4001993|P1806000D
4001994|P1403800D
4001995|P1806200J
4001996|P1404200F
4001997|P1806400F
4001998|P1404300D
4001999|P1806800G
4002000|P1405100G
4002001|P1807000C
4002002|P1405200E
4002003|P1807300G
4002004|P1405500H
4002005|P1807400E
4002006|P1405600F
4002007|P1808100J
4002008|P1405800B
4002009|P1808300F
4002010|P1500200I
4002011|P1500500B
4002012|P1808600I
4002013|P1500700H
4002014|P1809000A
4002015|P1809100I
4002016|P1500800F
4002017|P4604500A
4002018|P1809200G
4002019|P1501300F
4002020|P4604600I
4002021|P1809500J
4002022|P1501400D
4002023|P4604700G
4002024|P1809600H
4002025|P1501700G
4002026|P4604800E
4002027|P1809800D
4002028|P1501900C
4002029|P4604900C
4002030|P1809900B
4002031|P1503000J
4002032|P4605100I
4002033|P1810200D
4002034|P1503100H
4002035|P4605200G
4002036|P1810300B
4002037|P1503200F
4002038|P4605500J
4002039|S3333001J
4002040|P1503300D
4002041|P1503700E
4002042|P1504300C
4002043|P1505400J
4002044|P1505500G
4002045|P1505900I
4002046|P1506200C
4002047|P1506300A
4002048|P1506800J
4002049|P1810400J
4002050|P1507900G
4002051|P1508300I
4002052|P1810500G
4002053|P1508900F
4002054|P1810600E
4002055|P1620400J
4002056|P1810700C
4002057|P1800300D
4002058|P1811100E
4002059|P1800400B
4002060|P1811300A
4002061|P1800700E
4002062|P1811400I
4002063|P1801200E
4002064|P1811700B
4002065|P1801400A
4002066|P1812000F
4002067|P1801500H
4002068|P1812300J
4002069|P1801800B
4002070|P1812700A
4002071|P1812800I
4002072|P1813000E
4002073|P1813300I
4002074|P1813500D
4002075|P1813700J
4002076|P1813800H
4002077|P1813900F
4002078|P1814000D
4002079|P1814200J
4002080|P1814600A
4002081|P1815200I
4002082|P1815300G
4002083|P4605600H
4002084|P1815500B
4002085|P4605800D
4002086|P4605900B
4002087|P1815600J
4002088|P4606000J
4002089|P1816100J
4002090|P4606100H
4002091|P1816200H
4002092|P4606200F
4002093|P1816500A
4002094|P4606300D
4002095|P1816700G
4002096|P4606400B
4002097|P1816800E
4002098|P4606600G
4002099|P1817000A
4002100|P4606800C
4002101|P1817300E
4002102|P4606900A
4002103|P1817400C
4002104|P4607200E
4002105|P1817600H
4002106|P4607400A
4002107|P1817700F
4002108|P4607500H
4002109|P1817800D
4002110|P1818600G
4002111|P4621800D
4002112|P1818700E
4002113|P4621900B
4002114|P1818800C
4002115|P4622000J
4002116|P1818900A
4002117|P4622100H
4002118|P1819100G
4002119|P4622500I
4002120|P1819200E
4002121|P4622600G
4002122|P1819800B
4002123|P4622700E
4002124|P2001400G
4002125|P4622800C
4002126|P2002100B
4002127|P4622900A
4002128|P2003100A
4002129|P4623000I
4002130|P2003300G
4002131|P4623100G
4002132|P2004900C
4002133|P4623200E
4002134|P2006000J
4002135|P4623300C
4002136|P2006600G
4002137|P4623400A
4002138|P2006800C
4002139|P4623500H
4002140|P2006900A
4002141|P4623700D
4002142|P2007800B
4002143|P4623800B
4002144|P2008100F
4002145|P4623900J
4002146|P2009400I
4002147|P4624000H
4002148|P2100200A
4002149|P4624100F
4002150|P2100500D
4002151|P4624200D
4002152|P2100600B
4002153|P4624600E
4002154|P2100700J
4002155|P4624700C
4002156|P2101000D
4002157|P4624800A
4002158|P2101300H
4002159|P4624900I
4002160|P2101400F
4002161|P4625000G
4002162|P2101700I
4002163|P4625203G
4002164|P2101900E
4002165|P4625300A
4002166|P2102100A
4002167|P4625600D
4002168|P2104100I
4002169|P4625700B
4002170|P2104200G
4002171|P4625800J
4002172|P2105000J
4002173|P4625900H
4002174|P2105300D
4002175|P4626000F
4002176|P2105500I
4002177|P4626100D
4002178|P2105800C
4002179|P4626200B
4002180|P2106000I
4002181|P4626300J
4002182|P2106200E
4002183|P4626500E
4002184|P2106300C
4002185|P4700700J
4002186|P2106900J
4002187|P4701100B
4002188|P2107900I
4002189|P4702400E
4002190|P2300200I
4002191|P4705100H
4002192|P2300300G
4002193|P4705300D
4002194|P2300500B
4002195|P4707600E
4002196|P2300600J
4002197|P4707700C
4002198|P2300700H
4002199|P4708600D
4002200|P2300900D
4002201|P4709100D
4002202|P2301000B
4002203|P4710500B
4002204|P2301300F
4002205|P4711300F
4002206|P2301700G
4002207|P4711500A
4002208|P2301800E
4002209|P4711700G
4002210|P2302300E
4002211|P4711900C
4002212|P2302400C
4002213|P4712300E
4002214|P2302500J
4002215|P4715600E
4002216|P2302600H
4002217|P4716200C
4002218|P2302800D
4002219|P4717300J
4002220|P2303300D
4002221|P4717400H
4002222|P2303500I
4002223|P4718500D
4002224|P2303800C
4002225|P4718700J
4002226|P2303900A
4002227|P4719400F
4002228|P2304400A
4002229|P4721800C
4002230|P2305200D
4002231|P4723200D
4002232|P2305300B
4002233|P4800200J
4002234|P2305600E
4002235|P4801700H
4002236|P2305800A
4002237|P4802400D
4002238|P2306000G
4002239|P4803400C
4002240|P2306100E
4002241|P4803700F
4002242|P2307100D
4002243|P4804100H
4002244|P2307300J
4002245|P4805300C
4002246|P2307500E
4002247|P4806400J
4002248|P2308000E
4002249|P4809100C
4002250|P2308600B
4002251|P4809500D
4002252|P2308700J
4002253|P4809700J
4002254|P2308800H
4002255|P4810400D
4002256|P2309000D
4002257|P4811000A
4002258|P2309200J
4002259|P4812400B
4002260|P2309400F
4002261|P4911300D
4002262|P2309500C
4002263|P4930500F
4002264|P2309600A
4002265|P5390001E
4002266|P2309700I
4002267|P6103206F
4002268|P2309900E
4002269|P6402101G
4002270|P2401100I
4002271|P7300002H
4002272|P2405800J
4002273|P7990002C
4002274|P2406300J
4002275|S6100007A
4002276|P2409100A
4002277|P2410200F
4002278|P2410700E
4002279|P2411800B
4002280|P2412500G
4002281|P2413700B
4002282|P2414500E
4002283|P2419200G
4002284|P2422600C
4002285|P2701300B
4002286|P2703100D
4002287|P2706100A
4002288|P2900500F
4002289|P2900700B
4002290|P2900800J
4002291|P2901200B
4002292|P2901500E
4002293|P2901700A
4002294|P2902300I
4002295|P2902500D
4002296|P2903200J
4002297|P2903800G
4002298|P2904100A
4002299|P2904200I
4002300|P2904400E
4002301|P2904500B
4002302|P2905400D
4002303|P2905500A
4002304|P2906900B
4002305|P2907000J
4002306|P2907200F
4002307|P2907600G
4002308|P2908000I
4002309|P2908200E
4002310|P2908400A
4002311|P2909100F
4002312|P2909400J
4002313|P2909700C
4002314|P2910300I
4002315|P3000100B
4002316|P3000200J
4002317|P3000300H
4002318|P3000330E
4002319|P3000400F
4002320|P3000500C
4002321|P3000900E
4002322|P3001000C
4002323|P3001100A
4002324|P3001200I
4002325|P3001300G
4002326|P3001400E
4002327|P3001500B
4002328|P3001600J
4002329|P3001700H
4002330|P3001800F
4002331|P3001900D
4002332|P3002000B
4002333|P3002200H
4002334|P3002300F
4002335|P3002400D
4002336|P3002500A
4002337|P3002600I
4002338|P3002700G
4002339|P3002800E
4002340|P3002900C
4002341|P3003200G
4002342|P3003400C
4002343|P3003600H
4002344|P3003700F
4002345|P3003800D
4002346|P3003900B
4002347|P3004100H
4002348|P3004300D
4002349|P3004400B
4002350|P3004500I
4002351|P3018001B
4002352|P3101500A
4002353|P3102900B
4002354|P3116900F
4002355|P3121200D
4002356|P3122700B
4002357|P3190400F
4002358|P3190800G
4002359|P3201000A
4002360|P3203600F
4002361|P3206100D
4002362|P3400400B
4002363|P3402700C
4002364|P3407900D
4002365|P3412000F
4002366|P3412300J
4002367|P3415700H
4002368|P3422500C
4002369|P3500003C
4002370|P3500700D
4002371|P3501400J
4002372|P3501600E
4002373|P3503200B
4002374|P3503300J
4002375|P3600500G
4002376|P3601000G
4002377|P0103500E
4002378|P0928300C
4002379|P2000000F
4002380|Q0875006I
4002381|P2906700F
4002382|P1405400A
4002383|P3138600F
4002384|P2520800J
4002385|P0314100I
4002386|P0606600E
4002387|P0608300J
4002390|P0301800I
4002391|P0307700E
4002395|P3122800J
4002396|P0814200B
4002400|P0906100C
4002401|P0829200E
4002402|P0808700I
4002403|P0806800I
4002404|P0802000J
4002405|P0822100D
4002406|P0817800F
4002410|P0806600C
4002411|P0301600C
4002412|P0912700B
4002413|G46152120
4002414|P2007400A
4002415|P0815400G
4002416|P0830500E
4002417|P7500015H
4002418|P4619200A
4002419|P4905700C
4002420|P2900000G
4002421|P1402100J
4002422|P3000600A
4002423|Q2805800F
4002424|P2105400B
4002425|P1400400F
4002426|P1401300G
4002427|P1406500G
4002429|P1406600E
4002430|P1407100E
4002431|P6100401F
4002435|P0922400G
4002436|P33044001
4002437|P3301100H
4002438|P3603900F
4002481|P0701700G
4002482|P0704900J
4002483|P0705800A
4002484|P2523300H
4002485|P2502500H
4002486|P3402300B
4002487|P2521800I
4002488|P2508300G
4002489|P2505600C
4002490|P2530400G
4002491|P4505800E
4002495|P2300800F
4002496|P2232600C
4002497|P2305500G
4002498|P2300018E
4002502|P4507100H
4002504|P1406400J
4002505|P0203100C
4002506|P0206800E
4002507|P0205300G
4002508|P4625100E
4002509|P1214000J
4002510|P1213200G
4002511|P1212200H
4002512|P1208900I
4002513|P1205900B
4002514|P1201800H
4002515|P0502600J
4002517|P4516300C
4002518|P4514800D
4002519|P4509300B
4002520|P4508700D
4002521|P4625500F
4002522|P4108900D
4002523|P2231500F
4002524|P2225900F
4002525|P5600002I
4002526|P4608600E
4002527|P1814400F
4002528|P1708300G
4002529|P1714700J
4002530|P3604500C
4002531|P1400000D
4002532|P4702200I
4002533|P4719600A
4002534|P1507600C
4002535|P1707800G
4002536|P1716000C
4002537|P1707100B
4002538|P1701800C
4002539|P1711600E
4002540|P1705500E
4002541|P1800005I
4002542|P1810900I
4002543|P1807100A
4002544|P1803800J
4002545|P1802800A
4002546|P1803100E
4002547|P1818300D
4002548|P1810000H
4002549|P1809700F
4002550|P1806500C
4002551|P1808000B
4002552|P1814800G
4002553|P1819700D
4002554|P1813200A
4002555|P1800500I
4002556|P1811800J
4002557|P1803700B
4002558|P1016800C
4002559|P1010700A
4002560|P1506100E
4002561|P1505600E
4002562|P1507400H
4002563|P3422100B
4002564|P4000000B
4002565|P4413200I
4002566|P4425300C
4002567|P4420500C
4002568|P2404000H
4002570|Q9755002D
4002571|P4300080A
