delete from RCF_SUA_SUBCARTERA_AGENCIAS;
delete from RCF_SCA_SUBCARTERA;
delete from RCF_ESC_ESQUEMA_CARTERAS;

commit;

update rcf_esq_esquema set rcf_dd_ees_id = 5 where rcf_esq_id = 2;

commit;

Insert into RCF_ESC_ESQUEMA_CARTERAS (RCF_ESC_ID,RCF_ESQ_ID,RCF_CAR_ID,DD_TCE_ID,RCF_ESC_PRIORIDAD,DD_TGC_ID,DD_AER_ID,VERSION,USUARIOCREAR,FECHACREAR,USUARIOMODIFICAR,FECHAMODIFICAR,USUARIOBORRAR,FECHABORRAR,BORRADO) 
values 
(2,2,2,2,1,null,null,0,'UNIT-TEST',SYSDATE,null,null,null,null,0);

Insert into RCF_ESC_ESQUEMA_CARTERAS (RCF_ESC_ID,RCF_ESQ_ID,RCF_CAR_ID,DD_TCE_ID,RCF_ESC_PRIORIDAD,DD_TGC_ID,DD_AER_ID,VERSION,USUARIOCREAR,FECHACREAR,USUARIOMODIFICAR,FECHAMODIFICAR,USUARIOBORRAR,FECHABORRAR,BORRADO) 
values 
(3,2,3,2,2,null,null,0,'UNIT-TEST',SYSDATE,null,null,null,null,0);

commit;

update RCF_ESC_ESQUEMA_CARTERAS set dd_tgc_id = 3, dd_aer_id = 8;

commit;

Insert into RCF_SCA_SUBCARTERA (RCF_SCA_ID,RCF_ESC_ID,RCF_SCA_NOMBRE,RCF_SCA_PARTICION,RCF_DD_TPR_ID,RCF_ITV_ID,RCF_MFA_ID,RCF_POA_ID,RCF_MOR_ID,VERSION,USUARIOCREAR,FECHACREAR,USUARIOMODIFICAR,FECHAMODIFICAR,USUARIOBORRAR,FECHABORRAR,BORRADO) 
values 
(2,2,'Reparto 1',50,3,null,null,null,null,1,'UNIT-TEST',SYSDATE,null,null,null,null,0);

Insert into RCF_SCA_SUBCARTERA (RCF_SCA_ID,RCF_ESC_ID,RCF_SCA_NOMBRE,RCF_SCA_PARTICION,RCF_DD_TPR_ID,RCF_ITV_ID,RCF_MFA_ID,RCF_POA_ID,RCF_MOR_ID,VERSION,USUARIOCREAR,FECHACREAR,USUARIOMODIFICAR,FECHAMODIFICAR,USUARIOBORRAR,FECHABORRAR,BORRADO) 
values 
(3,2,'Reparto 2',50,2,null,null,null,null,1,'UNIT-TEST',SYSDATE,null,null,null,null,0);

Insert into RCF_SCA_SUBCARTERA (RCF_SCA_ID,RCF_ESC_ID,RCF_SCA_NOMBRE,RCF_SCA_PARTICION,RCF_DD_TPR_ID,RCF_ITV_ID,RCF_MFA_ID,RCF_POA_ID,RCF_MOR_ID,VERSION,USUARIOCREAR,FECHACREAR,USUARIOMODIFICAR,FECHAMODIFICAR,USUARIOBORRAR,FECHABORRAR,BORRADO) 
values 
(4,3,'Reparto 1',50,3,null,null,null,null,1,'UNIT-TEST',sysdate,null,null,null,null,0);

Insert into RCF_SCA_SUBCARTERA (RCF_SCA_ID,RCF_ESC_ID,RCF_SCA_NOMBRE,RCF_SCA_PARTICION,RCF_DD_TPR_ID,RCF_ITV_ID,RCF_MFA_ID,RCF_POA_ID,RCF_MOR_ID,VERSION,USUARIOCREAR,FECHACREAR,USUARIOMODIFICAR,FECHAMODIFICAR,USUARIOBORRAR,FECHABORRAR,BORRADO) 
values 
(5,3,'Reparto 2',50,3,null,null,null,null,1,'UNIT-TEST',sysdate,null,null,null,null,0);

commit;

update RCF_SCA_SUBCARTERA set rcf_itv_id = 2, rcf_mfa_id = 2, rcf_mor_id = 2;

commit;
-- SCA 3
Insert into RCF_SUA_SUBCARTERA_AGENCIAS (RCF_SUA_ID,RCF_AGE_ID,RCF_SCA_ID,RCF_SUA_COEFICIENTE,VERSION,USUARIOCREAR,FECHACREAR,USUARIOMODIFICAR,FECHAMODIFICAR,USUARIOBORRAR,FECHABORRAR,BORRADO) 
values 
(2,4,3,50,1,'UNIT-TEST', sysdate,null,null,null,null,0);

Insert into RCF_SUA_SUBCARTERA_AGENCIAS (RCF_SUA_ID,RCF_AGE_ID,RCF_SCA_ID,RCF_SUA_COEFICIENTE,VERSION,USUARIOCREAR,FECHACREAR,USUARIOMODIFICAR,FECHAMODIFICAR,USUARIOBORRAR,FECHABORRAR,BORRADO) 
values 
(3,2,3,50,1,'UNIT-TEST',SYSDATE,null,null,null,null,0);

-- SCA 2
Insert into RCF_SUA_SUBCARTERA_AGENCIAS (RCF_SUA_ID,RCF_AGE_ID,RCF_SCA_ID,RCF_SUA_COEFICIENTE,VERSION,USUARIOCREAR,FECHACREAR,USUARIOMODIFICAR,FECHAMODIFICAR,USUARIOBORRAR,FECHABORRAR,BORRADO) 
values 
(4,2,2,50,1,'UNIT-TEST',SYSDATE,null,null,null,null,0);

Insert into RCF_SUA_SUBCARTERA_AGENCIAS (RCF_SUA_ID,RCF_AGE_ID,RCF_SCA_ID,RCF_SUA_COEFICIENTE,VERSION,USUARIOCREAR,FECHACREAR,USUARIOMODIFICAR,FECHAMODIFICAR,USUARIOBORRAR,FECHABORRAR,BORRADO) 
values 
(5,3,2,50,1,'UNIT-TEST',SYSDATE,null,null,null,null,0);

-- SCA 4
Insert into RCF_SUA_SUBCARTERA_AGENCIAS (RCF_SUA_ID,RCF_AGE_ID,RCF_SCA_ID,RCF_SUA_COEFICIENTE,VERSION,USUARIOCREAR,FECHACREAR,USUARIOMODIFICAR,FECHAMODIFICAR,USUARIOBORRAR,FECHABORRAR,BORRADO) 
values 
(6,4,4,50,1,'UNIT-TEST',SYSDATE,null,null,null,null,0);

Insert into RCF_SUA_SUBCARTERA_AGENCIAS (RCF_SUA_ID,RCF_AGE_ID,RCF_SCA_ID,RCF_SUA_COEFICIENTE,VERSION,USUARIOCREAR,FECHACREAR,USUARIOMODIFICAR,FECHAMODIFICAR,USUARIOBORRAR,FECHABORRAR,BORRADO) 
values 
(7,2,4,50,1,'UNIT-TEST',SYSDATE,null,null,null,null,0);

--SCA 5
Insert into RCF_SUA_SUBCARTERA_AGENCIAS (RCF_SUA_ID,RCF_AGE_ID,RCF_SCA_ID,RCF_SUA_COEFICIENTE,VERSION,USUARIOCREAR,FECHACREAR,USUARIOMODIFICAR,FECHAMODIFICAR,USUARIOBORRAR,FECHABORRAR,BORRADO) 
values 
(8,3,5,50,1,'UNIT-TEST',SYSDATE,null,null,null,null,0);

Insert into RCF_SUA_SUBCARTERA_AGENCIAS (RCF_SUA_ID,RCF_AGE_ID,RCF_SCA_ID,RCF_SUA_COEFICIENTE,VERSION,USUARIOCREAR,FECHACREAR,USUARIOMODIFICAR,FECHAMODIFICAR,USUARIOBORRAR,FECHABORRAR,BORRADO) 
values 
(9,4,5,50,1,'UNIT-TEST',SYSDATE,null,null,null,null,0);

COMMIT;
