DROP TABLE PCO_PRC_HEP_HISTOR_EST_PREP;
DROP SEQUENCE S_PCO_PRC_HEP_HIST_EST_PREP;

DROP TABLE PCO_BUR_ENVIO_INTEGRACION;
DROP SEQUENCE S_PCO_BUR_ENVIO_INTEGRACION;

DROP TABLE PCO_TPO_TPE_TIPO_BUR;
DROP SEQUENCE S_PCO_TPO_TPE_TIPO_BUR;

DROP TABLE PCO_BUR_ENVIO;
DROP SEQUENCE S_PCO_BUR_ENVIO_ID;

DROP TABLE PCO_BUR_BUROFAX;
DROP SEQUENCE S_PCO_BUR_BUROFAX_ID;

DROP TABLE PCO_LIQ_LIQUIDACIONES;
DROP SEQUENCE S_PCO_LIQ_LIQUIDACIONES;

DROP TABLE PCO_DOC_SOLICITUDES;
DROP SEQUENCE S_PCO_DOC_SOLICITUDES;

DROP TABLE PCO_DOC_DOCUMENTOS;
DROP SEQUENCE S_PCO_DOC_DOCUMENTOS;

DROP TABLE PCO_PRC_PROCEDIMIENTOS;
DROP SEQUENCE S_PCO_PRC_PROCEDIMIENTOS;

DROP TABLE DD_PCO_BFT_TIPO;
DROP SEQUENCE S_DD_PCO_BFT_TIPO;

DROP TABLE DD_PCO_BFR_RESULTADO;
DROP SEQUENCE S_DD_PCO_BFR_RESULTADO;

DROP TABLE DD_PCO_BFE_ESTADO;
DROP SEQUENCE S_DD_PCO_BFE_ESTADO;

DROP TABLE DD_PCO_LIQ_ESTADO;
DROP SEQUENCE S_DD_PCO_LIQ_ESTADO;

DROP TABLE DD_PCO_DOC_SOLICIT_TIPOACTOR;
DROP SEQUENCE S_DD_PCO_DOC_SOLICIT_ACTOR;

DROP TABLE DD_PCO_DOC_SOLICIT_RESULTADO;
DROP SEQUENCE S_DD_PCO_DOC_SOLICIT_RESULT;

DROP TABLE DD_PCO_DOC_ESTADO;
DROP SEQUENCE S_DD_PCO_DOC_ESTADO;

DROP TABLE DD_PCO_DOC_UNIDADGESTION;
DROP SEQUENCE S_DD_PCO_DOC_UNIDADGEST;

DROP TABLE DD_PCO_PRC_TIPO_PREPARACION;
DROP SEQUENCE S_DD_PCO_PRC_TIPO_PREPARA;

DROP TABLE DD_PCO_PRC_ESTADO_PREPARACION;
DROP SEQUENCE S_DD_PCO_PRC_ESTADO_PREPARA;

DROP TABLE DD_SNN_SINONOAPLICA;
DROP SEQUENCE S_DD_SNN_SINONOAPLICA;

DELETE FROM RSR_REGISTRO_SQLS WHERE RSR_INCIDENCIA_LINK LIKE 'PRODUCTO%';

/* DATOS DE PRUEBA */

Insert into HAYA01.PCO_PRC_PROCEDIMIENTOS 
  (PCO_PRC_ID,PRC_ID,PCO_PRC_TIPO_PRC_PROP,PCO_PRC_TIPO_PRC_INICIADO,
    PCO_PRC_PRETURNADO,PCO_PRC_NOM_EXP_JUD,
    PCO_PRC_CNT_PRINCIPAL,PCO_PRC_NUM_EXP_INT,DD_PCO_PTP_ID,
    SYS_GUID,VERSION,USUARIOCREAR,FECHACREAR,USUARIOMODIFICAR,FECHAMODIFICAR,USUARIOBORRAR,FECHABORRAR,BORRADO) 
    values ('1','100353078',null,null,
      '0', null , 
      '0', null,(select DD_PCO_PTP_ID from HAYA01.dd_pco_prc_tipo_preparacion where dd_pco_ptp_codigo='CO'),
     null,
      '0','AMQ',to_timestamp('16/07/15 13:53:45,045000000','DD/MM/RR HH24:MI:SSXFF'),null,null,null,null,'0');

Insert into HAYA01.PCO_DOC_DOCUMENTOS 
  (PCO_DOC_PDD_ID,PCO_PRC_ID,DD_PCO_DED_ID,DD_PCO_DTD_ID,
  DD_TFA_ID,PCO_DOC_PDD_UG_ID,PCO_DOC_PDD_UG_DESC,PCO_DOC_PDD_ADJUNTO,
  PCO_DOC_PDD_PROTOCOLO,PCO_DOC_PDD_NOTARIO,PCO_DOC_PDD_FECHA_ESCRIT,PCO_DOC_PDD_FINCA,
  PCO_DOC_PDD_ASIENTO,PCO_DOC_PDD_TOMO,PCO_DOC_PDD_LIBRO,PCO_DOC_PDD_FOLIO,
  PCO_DOC_PDD_NRO_FINCA,PCO_DOC_PDD_NRO_REGIS,PCO_DOC_PDD_PLAZA,PCO_DOC_PDD_IDUFIR,
  PCO_DOC_PDD_OBSERVACIONES,SYS_GUID,VERSION,USUARIOCREAR,
  FECHACREAR,USUARIOMODIFICAR,FECHAMODIFICAR,USUARIOBORRAR,
  FECHABORRAR,BORRADO,PCO_DOC_PDD_EJECUTIVO) 
values 
  ('1','1',(select dd_pco_ded_id from haya01.dd_pco_doc_estado where dd_pco_ded_codigo='PS'), 
        (select dd_pco_dtd_id from haya01.dd_pco_doc_unidadgestion where dd_pco_dtd_codigo='CO'),
  '44','3327961',null,'0',
  null,null,null,null,
  null,null,null,null,
  null,null,null,null,
  null,null,'0','AMQ',
  to_timestamp('16/07/15 13:59:51,200000000','DD/MM/RR HH24:MI:SSXFF'),null,null,null,
  null,'0', null);

Insert into HAYA01.PCO_DOC_DOCUMENTOS 
  (PCO_DOC_PDD_ID,PCO_PRC_ID,DD_PCO_DED_ID,DD_PCO_DTD_ID,
  DD_TFA_ID,PCO_DOC_PDD_UG_ID,PCO_DOC_PDD_UG_DESC,PCO_DOC_PDD_ADJUNTO,
  PCO_DOC_PDD_PROTOCOLO,PCO_DOC_PDD_NOTARIO,PCO_DOC_PDD_FECHA_ESCRIT,PCO_DOC_PDD_FINCA,
  PCO_DOC_PDD_ASIENTO,PCO_DOC_PDD_TOMO,PCO_DOC_PDD_LIBRO,PCO_DOC_PDD_FOLIO,
  PCO_DOC_PDD_NRO_FINCA,PCO_DOC_PDD_NRO_REGIS,PCO_DOC_PDD_PLAZA,PCO_DOC_PDD_IDUFIR,
  PCO_DOC_PDD_OBSERVACIONES,SYS_GUID,VERSION,USUARIOCREAR,
  FECHACREAR,USUARIOMODIFICAR,FECHAMODIFICAR,USUARIOBORRAR,
  FECHABORRAR,BORRADO, PCO_DOC_PDD_EJECUTIVO) 
values 
  ('2','1',(select dd_pco_ded_id from haya01.dd_pco_doc_estado where dd_pco_ded_codigo='PS'), 
        (select dd_pco_dtd_id from haya01.dd_pco_doc_unidadgestion where dd_pco_dtd_codigo='PE'),
  '18','2078069',null,'0',
  null,null,null,null,
  null,null,null,null,
  null,null,null,null,
  null,null,'0','AMQ',
  to_timestamp('16/07/15 13:59:51,200000000','DD/MM/RR HH24:MI:SSXFF'),null,null,null,
  null,'0', null);

Insert into HAYA01.PCO_DOC_DOCUMENTOS 
  (PCO_DOC_PDD_ID,PCO_PRC_ID,DD_PCO_DED_ID,DD_PCO_DTD_ID,
  DD_TFA_ID,PCO_DOC_PDD_UG_ID,PCO_DOC_PDD_UG_DESC,PCO_DOC_PDD_ADJUNTO,
  PCO_DOC_PDD_PROTOCOLO,PCO_DOC_PDD_NOTARIO,PCO_DOC_PDD_FECHA_ESCRIT,PCO_DOC_PDD_FINCA,
  PCO_DOC_PDD_ASIENTO,PCO_DOC_PDD_TOMO,PCO_DOC_PDD_LIBRO,PCO_DOC_PDD_FOLIO,
  PCO_DOC_PDD_NRO_FINCA,PCO_DOC_PDD_NRO_REGIS,PCO_DOC_PDD_PLAZA,PCO_DOC_PDD_IDUFIR,
  PCO_DOC_PDD_OBSERVACIONES,SYS_GUID,VERSION,USUARIOCREAR,
  FECHACREAR,USUARIOMODIFICAR,FECHAMODIFICAR,USUARIOBORRAR,
  FECHABORRAR,BORRADO, PCO_DOC_PDD_EJECUTIVO) 
values 
  ('3','1',(select dd_pco_ded_id from haya01.dd_pco_doc_estado where dd_pco_ded_codigo='PS'), 
        (select dd_pco_dtd_id from haya01.dd_pco_doc_unidadgestion where dd_pco_dtd_codigo='BI'),
  '2','100263335',null,'0',
  null,null,null,null,
  null,null,null,null,
  null,null,null,null,
  null,null,'0','AMQ',
  to_timestamp('16/07/15 13:59:51,200000000','DD/MM/RR HH24:MI:SSXFF'),null,null,null,
  null,'0', null);


Insert into HAYA01.PCO_DOC_SOLICITUDES 
  (PCO_DOC_DSO_ID,PCO_DOC_PDD_ID,DD_PCO_DSR_ID,DD_PCO_DSA_ID,
   USD_ID,PCO_DOC_DSO_FECHA_SOLICITUD,PCO_DOC_DSO_FECHA_ENVIO,
   PCO_DOC_DSO_FECHA_RESULTADO,PCO_DOC_DSO_FECHA_RECEPCION,
   SYS_GUID,VERSION,USUARIOCREAR,FECHACREAR,USUARIOMODIFICAR,
   FECHAMODIFICAR,USUARIOBORRAR,FECHABORRAR,BORRADO)
values 
  ('1','1', (select dd_pco_dsr_id from haya01.DD_PCO_DOC_SOLICIT_RESULTADO where dd_pco_dsr_codigo='OK'),
      (select dd_pco_dsa_id from haya01.dd_pco_doc_solicit_tipoactor where dd_pco_dsa_codigo='PREDOC'),
  '1',null,null,null,null,null,'0','AMQ',to_timestamp('16/07/15 14:01:24,515000000','DD/MM/RR HH24:MI:SSXFF'),null,null,null,null,'0');

Insert into HAYA01.PCO_DOC_SOLICITUDES 
  (PCO_DOC_DSO_ID,PCO_DOC_PDD_ID,DD_PCO_DSR_ID,DD_PCO_DSA_ID,
   USD_ID,PCO_DOC_DSO_FECHA_SOLICITUD,PCO_DOC_DSO_FECHA_ENVIO,
   PCO_DOC_DSO_FECHA_RESULTADO,PCO_DOC_DSO_FECHA_RECEPCION,
   SYS_GUID,VERSION,USUARIOCREAR,FECHACREAR,USUARIOMODIFICAR,
   FECHAMODIFICAR,USUARIOBORRAR,FECHABORRAR,BORRADO)
values 
  ('2','2', (select dd_pco_dsr_id from haya01.DD_PCO_DOC_SOLICIT_RESULTADO where dd_pco_dsr_codigo='OK'),
      (select dd_pco_dsa_id from haya01.dd_pco_doc_solicit_tipoactor where dd_pco_dsa_codigo='PREDOC'),
  '1',null,null,null,null,null,'0','AMQ',to_timestamp('16/07/15 14:01:24,515000000','DD/MM/RR HH24:MI:SSXFF'),null,null,null,null,'0');

Insert into HAYA01.PCO_DOC_SOLICITUDES 
  (PCO_DOC_DSO_ID,PCO_DOC_PDD_ID,DD_PCO_DSR_ID,DD_PCO_DSA_ID,
   USD_ID,PCO_DOC_DSO_FECHA_SOLICITUD,PCO_DOC_DSO_FECHA_ENVIO,
   PCO_DOC_DSO_FECHA_RESULTADO,PCO_DOC_DSO_FECHA_RECEPCION,
   SYS_GUID,VERSION,USUARIOCREAR,FECHACREAR,USUARIOMODIFICAR,
   FECHAMODIFICAR,USUARIOBORRAR,FECHABORRAR,BORRADO)
values 
  ('3','3', null,
      (select dd_pco_dsa_id from haya01.dd_pco_doc_solicit_tipoactor where dd_pco_dsa_codigo='PREDOC'),
  '1',null,null,null,null,null,'0','AMQ',to_timestamp('16/07/15 14:01:24,515000000','DD/MM/RR HH24:MI:SSXFF'),null,null,null,null,'0');

Insert into HAYA01.PCO_DOC_SOLICITUDES 
  (PCO_DOC_DSO_ID,PCO_DOC_PDD_ID,DD_PCO_DSR_ID,DD_PCO_DSA_ID,
   USD_ID,PCO_DOC_DSO_FECHA_SOLICITUD,PCO_DOC_DSO_FECHA_ENVIO,
   PCO_DOC_DSO_FECHA_RESULTADO,PCO_DOC_DSO_FECHA_RECEPCION,
   SYS_GUID,VERSION,USUARIOCREAR,FECHACREAR,USUARIOMODIFICAR,
   FECHAMODIFICAR,USUARIOBORRAR,FECHABORRAR,BORRADO)
values 
  ('4','1', null,
      (select dd_pco_dsa_id from haya01.dd_pco_doc_solicit_tipoactor where dd_pco_dsa_codigo='PREDOC'),
  '1',null,null,null,null,null,'0','AMQ',to_timestamp('16/07/15 14:01:24,515000000','DD/MM/RR HH24:MI:SSXFF'),null,null,null,null,'0');

Insert into HAYA01.PCO_DOC_SOLICITUDES 
  (PCO_DOC_DSO_ID,PCO_DOC_PDD_ID,DD_PCO_DSR_ID,DD_PCO_DSA_ID,
   USD_ID,PCO_DOC_DSO_FECHA_SOLICITUD,PCO_DOC_DSO_FECHA_ENVIO,
   PCO_DOC_DSO_FECHA_RESULTADO,PCO_DOC_DSO_FECHA_RECEPCION,
   SYS_GUID,VERSION,USUARIOCREAR,FECHACREAR,USUARIOMODIFICAR,
   FECHAMODIFICAR,USUARIOBORRAR,FECHABORRAR,BORRADO)
values 
  ('5','1', null,
      (select dd_pco_dsa_id from haya01.dd_pco_doc_solicit_tipoactor where dd_pco_dsa_codigo='PREDOC'),
  '1',null,null,null,null,null,'0','AMQ',to_timestamp('16/07/15 14:01:24,515000000','DD/MM/RR HH24:MI:SSXFF'),null,null,null,null,'0');

Insert into HAYA01.PCO_DOC_SOLICITUDES 
  (PCO_DOC_DSO_ID,PCO_DOC_PDD_ID,DD_PCO_DSR_ID,DD_PCO_DSA_ID,
   USD_ID,PCO_DOC_DSO_FECHA_SOLICITUD,PCO_DOC_DSO_FECHA_ENVIO,
   PCO_DOC_DSO_FECHA_RESULTADO,PCO_DOC_DSO_FECHA_RECEPCION,
   SYS_GUID,VERSION,USUARIOCREAR,FECHACREAR,USUARIOMODIFICAR,
   FECHAMODIFICAR,USUARIOBORRAR,FECHABORRAR,BORRADO)
values 
  ('6','2', null,
      (select dd_pco_dsa_id from haya01.dd_pco_doc_solicit_tipoactor where dd_pco_dsa_codigo='PREDOC'),
  '1',null,null,null,null,null,'0','AMQ',to_timestamp('16/07/15 14:01:24,515000000','DD/MM/RR HH24:MI:SSXFF'),null,null,null,null,'0');

Insert into HAYA01.PCO_DOC_SOLICITUDES 
  (PCO_DOC_DSO_ID,PCO_DOC_PDD_ID,DD_PCO_DSR_ID,DD_PCO_DSA_ID,
   USD_ID,PCO_DOC_DSO_FECHA_SOLICITUD,PCO_DOC_DSO_FECHA_ENVIO,
   PCO_DOC_DSO_FECHA_RESULTADO,PCO_DOC_DSO_FECHA_RECEPCION,
   SYS_GUID,VERSION,USUARIOCREAR,FECHACREAR,USUARIOMODIFICAR,
   FECHAMODIFICAR,USUARIOBORRAR,FECHABORRAR,BORRADO)
values 
  ('7','1', null,
      (select dd_pco_dsa_id from haya01.dd_pco_doc_solicit_tipoactor where dd_pco_dsa_codigo='PREDOC'),
  '1',null,null,null,null,null,'0','AMQ',to_timestamp('16/07/15 14:01:24,515000000','DD/MM/RR HH24:MI:SSXFF'),null,null,null,null,'0');



/* DESPACHO APODERADO */

DELETE FROM HAYA01.TGP_TIPO_GESTOR_PROPIEDAD WHERE TGP_ID=1001;
DELETE FROM HAYA01.usd_usuarios_despachos WHERE USD_ID=1001;
DELETE FROM HAYA01.usd_usuarios_despachos WHERE USD_ID=1002;
DELETE FROM HAYA01.DES_DESPACHO_EXTERNO WHERE DD_TDE_ID=1001;
DELETE FROM HAYAMASTER.DD_TDE_TIPO_DESPACHO WHERE DD_TDE_ID=1001;

INSERT INTO HAYAMASTER.DD_TDE_TIPO_DESPACHO (DD_TDE_ID, DD_TDE_CODIGO, DD_TDE_DESCRIPCION, USUARIOCREAR, FECHACREAR) VALUES (1001, 'APOD', 'Apoderado', 'PCOPrueba', SYSDATE);

INSERT INTO HAYA01.TGP_TIPO_GESTOR_PROPIEDAD 
(TGP_ID, DD_TGE_ID, TGP_CLAVE, TGP_VALOR, USUARIOCREAR, FECHACREAR) 
VALUES (1001, (SELECT tg.dd_tge_id from HAYAMASTER.DD_TGE_TIPO_GESTOR tg where tg.dd_tge_codigo='APOD' ), 
'DES_VALIDOS', 'APOD', 'PCOPrueba', SYSDATE);


INSERT INTO HAYA01.DES_DESPACHO_EXTERNO (DES_ID, DES_DESPACHO, DD_TDE_ID, USUARIOCREAR, FECHACREAR) VALUES (1001, 'Apoderado', 1001, 'PCOPrueba', SYSDATE);

INSERT INTO HAYA01.usd_usuarios_despachos (USD_ID, USU_ID, DES_ID, USD_GESTOR_DEFECTO, USD_SUPERVISOR, USUARIOCREAR, FECHACREAR) VALUES (1001, 24870, 1001, 1, 1, 'PCOPrueba', SYSDATE);

INSERT INTO HAYA01.usd_usuarios_despachos (USD_ID, USU_ID, DES_ID, USD_GESTOR_DEFECTO, USD_SUPERVISOR, USUARIOCREAR, FECHACREAR) VALUES (1002, 24876, 1001, 1, 1, 'PCOPrueba', SYSDATE);


INSERT INTO "HAYA01"."PCO_PRC_HEP_HISTOR_EST_PREP" (PCO_PRC_HEP_ID, PCO_PRC_ID, DD_PCO_PEP_ID, PCO_PRC_HEP_FECHA_INCIO, PCO_PRC_HEP_FECHA_FIN, VERSION, USUARIOCREAR, FECHACREAR) VALUES ('0', '1', '2', TO_TIMESTAMP('2015-07-13 13:41:51.793000000', 'YYYY-MM-DD HH24:MI:SS.FF'), TO_TIMESTAMP('2015-07-14 13:44:26.077000000', 'YYYY-MM-DD HH24:MI:SS.FF'), '1', 'jmartin', TO_TIMESTAMP('2015-07-20 13:44:40.498000000', 'YYYY-MM-DD HH24:MI:SS.FF'));
INSERT INTO "HAYA01"."PCO_PRC_HEP_HISTOR_EST_PREP" (PCO_PRC_HEP_ID, PCO_PRC_ID, DD_PCO_PEP_ID, PCO_PRC_HEP_FECHA_INCIO, PCO_PRC_HEP_FECHA_FIN, VERSION, USUARIOCREAR, FECHACREAR) VALUES ('1', '1', '3', TO_TIMESTAMP('2015-07-14 13:45:02.902000000', 'YYYY-MM-DD HH24:MI:SS.FF'), TO_TIMESTAMP('2015-07-15 13:45:07.801000000', 'YYYY-MM-DD HH24:MI:SS.FF'), '1', 'jmartin', TO_TIMESTAMP('2015-07-20 13:45:17.835000000', 'YYYY-MM-DD HH24:MI:SS.FF'));

/* LIQUIDACIONES */

Insert into HAYA01.PCO_LIQ_LIQUIDACIONES (PCO_LIQ_ID,PCO_PRC_ID,DD_PCO_LIQ_ID,CNT_ID,PCO_LIQ_FECHA_SOLICITUD,PCO_LIQ_FECHA_RECEPCION,PCO_LIQ_FECHA_CONFIRMACION,PCO_LIQ_FECHA_CIERRE,PCO_LIQ_CAPITAL_VENCIDO,PCO_LIQ_CAPITAL_NO_VENCIDO,PCO_LIQ_INTERESES_DEMORA,PCO_LIQ_INTERESES_ORDINARIOS,PCO_LIQ_TOTAL,USD_ID,SYS_GUID,VERSION,USUARIOCREAR,FECHACREAR,USUARIOMODIFICAR,FECHAMODIFICAR,USUARIOBORRAR,FECHABORRAR,BORRADO) values ('1','1','3','3327964',to_timestamp('20/07/15 12:08:29,196000000','DD/MM/RR HH24:MI:SSXFF'),to_timestamp('09/07/15 16:23:36,170000000','DD/MM/RR HH24:MI:SSXFF'),to_timestamp('20/07/15 12:08:09,031000000','DD/MM/RR HH24:MI:SSXFF'),to_timestamp('22/07/15 00:00:00,000000000','DD/MM/RR HH24:MI:SSXFF'),null,null,null,null,null,'1001','sysgui','87','jmartin',to_timestamp('09/07/15 16:08:00,201000000','DD/MM/RR HH24:MI:SSXFF'),'GESTOR',to_timestamp('20/07/15 12:08:29,196000000','DD/MM/RR HH24:MI:SSXFF'),null,null,'0');

commit;


/* DESPACHO NOTARIO */

DELETE FROM HAYA01.TGP_TIPO_GESTOR_PROPIEDAD WHERE TGP_ID=20001;
DELETE FROM HAYA01.usd_usuarios_despachos WHERE USD_ID=20001;
DELETE FROM HAYA01.usd_usuarios_despachos WHERE USD_ID=20002;
DELETE FROM HAYA01.DES_DESPACHO_EXTERNO WHERE DES_ID=20001;
DELETE FROM HAYAMASTER.DD_TDE_TIPO_DESPACHO WHERE DD_TDE_ID=20001;
DELETE FROM HAYA01.TGP_TIPO_GESTOR_PROPIEDAD  WHERE TGP_ID=20001;

INSERT INTO HAYA01.TGP_TIPO_GESTOR_PROPIEDAD 
(TGP_ID, DD_TGE_ID, TGP_CLAVE, TGP_VALOR, USUARIOCREAR, FECHACREAR) 
VALUES (20001, (SELECT tg.dd_tge_id from HAYAMASTER.DD_TGE_TIPO_GESTOR tg where tg.dd_tge_codigo='NOTARI' ), 
'DES_VALIDOS', 'NOTARI', 'PCOPrueba', SYSDATE);

INSERT INTO HAYAMASTER.DD_TDE_TIPO_DESPACHO (DD_TDE_ID, DD_TDE_CODIGO, DD_TDE_DESCRIPCION, USUARIOCREAR, FECHACREAR) 
VALUES (20001, 'NOTARI', 'Notario', 'PCOPrueba', SYSDATE);

INSERT INTO HAYA01.DES_DESPACHO_EXTERNO (DES_ID, DES_DESPACHO, DD_TDE_ID, USUARIOCREAR, FECHACREAR) 
VALUES (20001, 'Notaría', 20001, 'PCOPrueba', SYSDATE);

INSERT INTO HAYA01.usd_usuarios_despachos (USD_ID, USU_ID, DES_ID, USD_GESTOR_DEFECTO, USD_SUPERVISOR, USUARIOCREAR, FECHACREAR) 
VALUES (20001, 29121, 20001, 1, 1, 'PCOPrueba', SYSDATE);

INSERT INTO HAYA01.usd_usuarios_despachos (USD_ID, USU_ID, DES_ID, USD_GESTOR_DEFECTO, USD_SUPERVISOR, USUARIOCREAR, FECHACREAR) 
VALUES (20002, 29122, 20001, 1, 1, 'PCOPrueba', SYSDATE);


COMMIT;

/* DESPACHO PREPARADOR DOCUMENTAL */

DELETE FROM HAYA01.TGP_TIPO_GESTOR_PROPIEDAD WHERE TGP_ID=30001;
DELETE FROM HAYA01.usd_usuarios_despachos WHERE USD_ID=30001;
DELETE FROM HAYA01.usd_usuarios_despachos WHERE USD_ID=30002;
DELETE FROM HAYA01.DES_DESPACHO_EXTERNO WHERE DES_ID=30001;
DELETE FROM HAYAMASTER.DD_TDE_TIPO_DESPACHO WHERE DD_TDE_ID=30001;
DELETE FROM HAYA01.TGP_TIPO_GESTOR_PROPIEDAD  WHERE TGP_ID=30001;

INSERT INTO HAYA01.TGP_TIPO_GESTOR_PROPIEDAD 
(TGP_ID, DD_TGE_ID, TGP_CLAVE, TGP_VALOR, USUARIOCREAR, FECHACREAR) 
VALUES (30001, (SELECT tg.dd_tge_id from HAYAMASTER.DD_TGE_TIPO_GESTOR tg where tg.dd_tge_codigo='PREDOC' ), 
'DES_VALIDOS', 'PREDOC', 'PCOPrueba', SYSDATE);

INSERT INTO HAYAMASTER.DD_TDE_TIPO_DESPACHO (DD_TDE_ID, DD_TDE_CODIGO, DD_TDE_DESCRIPCION, USUARIOCREAR, FECHACREAR) 
VALUES (30001, 'PREDOC', 'Preparador Documental', 'PCOPrueba', SYSDATE);

INSERT INTO HAYA01.DES_DESPACHO_EXTERNO (DES_ID, DES_DESPACHO, DD_TDE_ID, USUARIOCREAR, FECHACREAR) 
VALUES (30001, 'Preparador Documental', 30001, 'PCOPrueba', SYSDATE);

INSERT INTO HAYA01.usd_usuarios_despachos (USD_ID, USU_ID, DES_ID, USD_GESTOR_DEFECTO, USD_SUPERVISOR, USUARIOCREAR, FECHACREAR) 
VALUES (30001, 29123, 30001, 1, 1, 'PCOPrueba', SYSDATE);

INSERT INTO HAYA01.usd_usuarios_despachos (USD_ID, USU_ID, DES_ID, USD_GESTOR_DEFECTO, USD_SUPERVISOR, USUARIOCREAR, FECHACREAR) 
VALUES (30002, 29124, 30001, 1, 1, 'PCOPrueba', SYSDATE);

COMMIT;


/* DESPACHO GESTORIA PCO */
DELETE FROM HAYA01.TGP_TIPO_GESTOR_PROPIEDAD WHERE TGP_ID=40001;
DELETE FROM HAYA01.DES_DESPACHO_EXTERNO WHERE DES_ID=40001;
DELETE FROM HAYAMASTER.DD_TDE_TIPO_DESPACHO WHERE DD_TDE_ID=40001;
DELETE FROM HAYA01.usd_usuarios_despachos WHERE USD_ID=40001;

INSERT INTO HAYA01.TGP_TIPO_GESTOR_PROPIEDAD 
(TGP_ID, DD_TGE_ID, TGP_CLAVE, TGP_VALOR, USUARIOCREAR, FECHACREAR) 
VALUES (40001, (SELECT tg.dd_tge_id from HAYAMASTER.DD_TGE_TIPO_GESTOR tg where tg.dd_tge_codigo='GESTORIA_PREDOC' ), 
'DES_VALIDOS', 'GEST_PCO', 'PCOPrueba', SYSDATE);

INSERT INTO HAYAMASTER.DD_TDE_TIPO_DESPACHO (DD_TDE_ID, DD_TDE_CODIGO, DD_TDE_DESCRIPCION, USUARIOCREAR, FECHACREAR) 
VALUES (40001, 'GEST_PCO', 'Gestoria de Precontencioso', 'PCOPrueba', SYSDATE);

INSERT INTO HAYA01.DES_DESPACHO_EXTERNO (DES_ID, DES_DESPACHO, DD_TDE_ID, USUARIOCREAR, FECHACREAR) 
VALUES (40001, 'Gestoria de Precontencioso', 40001, 'PCOPrueba', SYSDATE);

INSERT INTO HAYA01.usd_usuarios_despachos (USD_ID, USU_ID, DES_ID, USD_GESTOR_DEFECTO, USD_SUPERVISOR, USUARIOCREAR, FECHACREAR) 
VALUES (40001, 25468, 40001, 1, 1, 'PCOPrueba', SYSDATE);

COMMIT;

--------------------------------------------------
-- PARA GENERAR TIPO_GESTORES

delete hayamaster.dd_tge_tipo_gestor where usuariocrear='PCO';

Insert into hayamaster.dd_tge_tipo_gestor 
(DD_TGE_ID,DD_TGE_CODIGO,DD_TGE_DESCRIPCION,DD_TGE_DESCRIPCION_LARGA,
VERSION,USUARIOCREAR,FECHACREAR,USUARIOMODIFICAR,FECHAMODIFICAR,USUARIOBORRAR,FECHABORRAR,BORRADO,
DD_TGE_EDITABLE_WEB) values 
(302,'APOD','Apoderado','Apoderado',
0,'PCO',SYSDATE,null,null,null,null,0,1);

Insert into hayamaster.dd_tge_tipo_gestor 
(DD_TGE_ID,DD_TGE_CODIGO,DD_TGE_DESCRIPCION,DD_TGE_DESCRIPCION_LARGA,
VERSION,USUARIOCREAR,FECHACREAR,USUARIOMODIFICAR,FECHAMODIFICAR,USUARIOBORRAR,FECHABORRAR,BORRADO,
DD_TGE_EDITABLE_WEB) values 
(303,'PREDOC','Preparador Documental','Preparador Documental',
0,'PCO',SYSDATE,null,null,null,null,0,1);

Insert into hayamaster.dd_tge_tipo_gestor 
(DD_TGE_ID,DD_TGE_CODIGO,DD_TGE_DESCRIPCION,DD_TGE_DESCRIPCION_LARGA,
VERSION,USUARIOCREAR,FECHACREAR,USUARIOMODIFICAR,FECHAMODIFICAR,USUARIOBORRAR,FECHABORRAR,BORRADO,
DD_TGE_EDITABLE_WEB) values 
(304,'NOTARI','Notario','Notario',
0,'PCO',SYSDATE,null,null,null,null,0,1);

commit;

-- BUROFAXES --

/*
Insert into HAYA01.DD_PCO_BFE_ESTADO (DD_PCO_BFE_ID,DD_PCO_BFE_CODIGO,DD_PCO_BFE_DESCRIPCION,DD_PCO_BFE_DESCRIPCION_LARGA,VERSION,USUARIOCREAR,FECHACREAR,USUARIOMODIFICAR,FECHAMODIFICAR,USUARIOBORRAR,FECHABORRAR,BORRADO) 
values 
('1','OK','Notificado','Preparado','0','VICENTE',to_timestamp('16/07/15 10:11:26,640000000','DD/MM/RR HH24:MI:SSXFF'),null,null,null,null,'0');

Insert into HAYA01.DD_PCO_BFE_ESTADO (DD_PCO_BFE_ID,DD_PCO_BFE_CODIGO,DD_PCO_BFE_DESCRIPCION,DD_PCO_BFE_DESCRIPCION_LARGA,VERSION,USUARIOCREAR,FECHACREAR,USUARIOMODIFICAR,FECHAMODIFICAR,USUARIOBORRAR,FECHABORRAR,BORRADO) 
values 
('2','KO','NO Notificado','Pendiente','0','VICENTE',to_timestamp('16/07/15 10:13:09,945000000','DD/MM/RR HH24:MI:SSXFF'),null,null,null,null,'0');

Insert into HAYA01.DD_PCO_BFT_TIPO 
(DD_PCO_BFT_ID,DD_PCO_BFT_CODIGO,DD_PCO_BFT_DESCRIPCION,DD_PCO_BFT_DESCRIPCION_LARGA,DD_PCO_BFT_PLANTILLA,VERSION,USUARIOCREAR,FECHACREAR,USUARIOMODIFICAR,FECHAMODIFICAR,USUARIOBORRAR,FECHABORRAR,BORRADO) 
values ('1','AVAL-EJE-TOT','AVAL-EJE-TOT Descripcion','AVAL-EJE-TOT Descripcion','POR IMPAGO DE LA POLIZA DE COBERTURA DE FIANZA Nº  wvnumcuenta DE LA QUE USTED ES TITULAR, EL CONTRATO QUEDA RESUELTO. ','0','Vicente',to_timestamp('15/07/15 08:48:35,464000000','DD/MM/RR HH24:MI:SSXFF'),null,null,null,null,'0');

Insert into HAYA01.DD_PCO_BFT_TIPO (DD_PCO_BFT_ID,DD_PCO_BFT_CODIGO,DD_PCO_BFT_DESCRIPCION,DD_PCO_BFT_DESCRIPCION_LARGA,DD_PCO_BFT_PLANTILLA,VERSION,USUARIOCREAR,FECHACREAR,USUARIOMODIFICAR,FECHAMODIFICAR,USUARIOBORRAR,FECHABORRAR,BORRADO) values ('2','AVAL-RES-TOT','AVAL-RES-TOT Descripcion','AVAL-RES-TOT Descripcion','plantilla','0','Vicente',to_timestamp('15/07/15 08:50:26,453000000','DD/MM/RR HH24:MI:SSXFF'),null,null,null,null,'0');
*/

--DELETE FROM "HAYA01"."PCO_PRC_PROCEDIMIENTOS" WHERE PCO_PRC_ID=1;

--INSERT INTO "HAYA01"."PCO_PRC_PROCEDIMIENTOS" (PCO_PRC_ID, PRC_ID, USUARIOCREAR, FECHACREAR) VALUES ('1', '100241645', 'VICENTE', TO_TIMESTAMP('2015-07-16 10:31:31.114000000', 'YYYY-MM-DD HH24:MI:SS.FF'));

INSERT INTO "HAYA01"."PCO_BUR_BUROFAX" 
(PCO_BUR_BUROFAX_ID, PCO_PRC_ID, PER_ID, DD_PCO_BFE_ID, USUARIOCREAR, FECHACREAR) 
VALUES 
('1', '1', '2084479', '2', 'VICENTE', TO_TIMESTAMP('2015-07-16 10:32:30.248000000', 'YYYY-MM-DD HH24:MI:SS.FF'));

INSERT INTO "HAYA01"."PCO_BUR_ENVIO" (PCO_BUR_ENVIO_ID, PCO_BUR_BUROFAX_ID, DIR_ID, DD_PCO_BFT_ID, USUARIOCREAR, FECHACREAR) 
VALUES 
('1', '1',  (SELECT DIR_ID FROM HAYA01.DIR_PER WHERE PER_ID=2084479 AND ROWNUM=1), (SELECT DD_PCO_BFT_ID FROM DD_PCO_BFT_TIPO where DD_PCO_BFT_CODIGO = 'AVAL-EJE-TOT'), 'VICENTE', TO_TIMESTAMP('2015-07-16 10:35:15.726000000', 'YYYY-MM-DD HH24:MI:SS.FF'));


/*
INSERT INTO "HAYA01"."DD_PCO_BFR_RESULTADO" (DD_PCO_BFR_ID, DD_PCO_BFR_CODIGO, DD_PCO_BFR_DESCRIPCION, DD_PCO_BFR_DESCRIPCION_LARGA, USUARIOCREAR, FECHACREAR) VALUES ('1', 'OK', 'Enviado', 'Enviado', 'VICENTE', TO_TIMESTAMP('2015-07-16 11:37:03.311000000', 'YYYY-MM-DD HH24:MI:SS.FF'));

INSERT INTO "HAYA01"."DD_PCO_BFR_RESULTADO" (DD_PCO_BFR_ID, DD_PCO_BFR_CODIGO, DD_PCO_BFR_DESCRIPCION, DD_PCO_BFR_DESCRIPCION_LARGA, USUARIOCREAR, FECHACREAR) VALUES ('2', 'KO', 'Rechazado', 'Rechazado', 'VICENTE', TO_TIMESTAMP('2015-07-16 11:38:15.934000000', 'YYYY-MM-DD HH24:MI:SS.FF'));*/

/*
UPDATE "HAYA01"."DD_PCO_BFT_TIPO" SET DD_PCO_BFT_PLANTILLA = 'POR IMPAGO DE LA POLIZA DE COBERTURA DE FIANZA Nº  wvnumcuenta DE LA QUE USTED ES TITULAR, EL CONTRATO QUEDA RESUELTO. EL SALDO DEUDOR A EFECTOS DEL ARTÍCULO 572 DE LA LEY DE ENJUICIAMIENTO CIVIL ASCIENDEA FECHA  wvfechaliq A LA CANTIDAD DE wnTOTALLIQ EUROS. SI EN EL PLAZO MÁXIMO DE 10 DÍAS LA DEUDA NO HA SIDO LIQUIDADA, PROCEDEREMOS A INICIAR LAS ACCIONES JUDICIALES CORRESPONDIENTES, SIN PERJUICIO DE PODER INFORMAR SUS DATOS A FICHEROS DE SOLVENCIA PATRIMONIAL.' WHERE DD_PCO_BFT_CODIGO = 'AVAL-EJE-TOT' ;
*/













