WHENEVER SQLERROR EXIT ROLLBACK;

set echo on
REM Vaciando tablas previas
set echo off
TRUNCATE TABLE  CNV_AUX_ALTA_PRC;
TRUNCATE TABLE  CNV_AUX_ALTA_PCO;
TRUNCATE TABLE  CNV_AUX_ALTA_PRC_CNT;
TRUNCATE TABLE  CNV_AUX_ALTA_PRC_PER;

set echo on
REM INSERTANDO en CNV_AUX_ALTA_PRC
set echo off
Insert into CNV_AUX_ALTA_PRC (CODIGO_PROCEDIMIENTO_NUSE,CODIGO_EXPEDIENTE_NUSE,FECHA_PASE_A_LITIGIO,TIPO_PROCEDIMIENTO,COD_LETRADO,COD_PROCURADOR,GESTOR,NUMERO_EXP_NUSE,FECHA_PROCESO) values (311456040001,814387900,to_timestamp('18/12/2014','DD/MM/RRRR HH12:MI:SS,FF AM'),'HIPOTECARIO','A118468','PROCURADOR','Letrado','SOTMARAN0050',to_timestamp('15/01/2015','DD/MM/RRRR HH12:MI:SS,FF AM'));
Insert into CNV_AUX_ALTA_PRC (CODIGO_PROCEDIMIENTO_NUSE,CODIGO_EXPEDIENTE_NUSE,FECHA_PASE_A_LITIGIO,TIPO_PROCEDIMIENTO,COD_LETRADO,COD_PROCURADOR,GESTOR,NUMERO_EXP_NUSE,FECHA_PROCESO) values (211551440001,616750800,to_timestamp('15/12/2014','DD/MM/RRRR HH12:MI:SS,FF AM'),'HIPOTECARIO','A118468','PROCURADOR','Letrado','FORBADJU0010',to_timestamp('15/01/2015','DD/MM/RRRR HH12:MI:SS,FF AM'));
Insert into CNV_AUX_ALTA_PRC (CODIGO_PROCEDIMIENTO_NUSE,CODIGO_EXPEDIENTE_NUSE,FECHA_PASE_A_LITIGIO,TIPO_PROCEDIMIENTO,COD_LETRADO,COD_PROCURADOR,GESTOR,NUMERO_EXP_NUSE,FECHA_PROCESO) values (211555880001,728260300,to_timestamp('18/12/2014','DD/MM/RRRR HH12:MI:SS,FF AM'),'HIPOTECARIO','A118468','PROCURADOR','Letrado','COORDINA0047',to_timestamp('15/01/2015','DD/MM/RRRR HH12:MI:SS,FF AM'));
Insert into CNV_AUX_ALTA_PRC (CODIGO_PROCEDIMIENTO_NUSE,CODIGO_EXPEDIENTE_NUSE,FECHA_PASE_A_LITIGIO,TIPO_PROCEDIMIENTO,COD_LETRADO,COD_PROCURADOR,GESTOR,NUMERO_EXP_NUSE,FECHA_PROCESO) values (111454500001,840679000,to_timestamp('17/12/2014','DD/MM/RRRR HH12:MI:SS,FF AM'),'HIPOTECARIO','A118468','PROCURADOR','Letrado','CORBELJO0030',to_timestamp('15/01/2015','DD/MM/RRRR HH12:MI:SS,FF AM'));
Insert into CNV_AUX_ALTA_PRC (CODIGO_PROCEDIMIENTO_NUSE,CODIGO_EXPEDIENTE_NUSE,FECHA_PASE_A_LITIGIO,TIPO_PROCEDIMIENTO,COD_LETRADO,COD_PROCURADOR,GESTOR,NUMERO_EXP_NUSE,FECHA_PROCESO) values (311455980001,626275200,to_timestamp('18/12/2014','DD/MM/RRRR HH12:MI:SS,FF AM'),'HIPOTECARIO','A118468','PROCURADOR','Letrado','CASIGLMI0011',to_timestamp('15/01/2015','DD/MM/RRRR HH12:MI:SS,FF AM'));

set echo on
REM INSERTANDO en CNV_AUX_ALTA_PCO
set echo off
Insert into CNV_AUX_ALTA_PCO (CODIGO_PROCEDIMIENTO_NUSE,COD_PREPARADORDOC,PRETURNADO,TIPO_PREPARACION) values (311456040001,'GESTOR',0,'SE');
Insert into CNV_AUX_ALTA_PCO (CODIGO_PROCEDIMIENTO_NUSE,COD_PREPARADORDOC,PRETURNADO,TIPO_PREPARACION) values (211551440001,'GESTOR',1,'CO');
Insert into CNV_AUX_ALTA_PCO (CODIGO_PROCEDIMIENTO_NUSE,COD_PREPARADORDOC,PRETURNADO,TIPO_PREPARACION) values (211555880001,'GESTOR',0,'SE');
Insert into CNV_AUX_ALTA_PCO (CODIGO_PROCEDIMIENTO_NUSE,COD_PREPARADORDOC,PRETURNADO,TIPO_PREPARACION) values (111454500001,'GESTOR',0,'SE');
Insert into CNV_AUX_ALTA_PCO (CODIGO_PROCEDIMIENTO_NUSE,COD_PREPARADORDOC,PRETURNADO,TIPO_PREPARACION) values (311455980001,'GESTOR',1,'CO');

set echo on
REM INSERTANDO en CNV_AUX_ALTA_PRC_CNT
set echo off
Insert into CNV_AUX_ALTA_PRC_CNT (CODIGO_PROCEDIMIENTO,CODIGO_ENTIDAD,TIPO_PRODUCTO,NUMERO_CONTRATO,NUMERO_ESPEC,FECHA_PASE_PRELITIGIO,FECHA_PROCESO) values (311456040001,0,25100,100000001,1219649632,to_timestamp('30/11/2002','DD/MM/RRRR HH12:MI:SS,FF AM'),to_timestamp('11/01/2015','DD/MM/RRRR HH12:MI:SS,FF AM'));
Insert into CNV_AUX_ALTA_PRC_CNT (CODIGO_PROCEDIMIENTO,CODIGO_ENTIDAD,TIPO_PRODUCTO,NUMERO_CONTRATO,NUMERO_ESPEC,FECHA_PASE_PRELITIGIO,FECHA_PROCESO) values (311456040001,0,21000,100000002,0,to_timestamp('21/05/2014','DD/MM/RRRR HH12:MI:SS,FF AM'),to_timestamp('11/01/2015','DD/MM/RRRR HH12:MI:SS,FF AM'));
Insert into CNV_AUX_ALTA_PRC_CNT (CODIGO_PROCEDIMIENTO,CODIGO_ENTIDAD,TIPO_PRODUCTO,NUMERO_CONTRATO,NUMERO_ESPEC,FECHA_PASE_PRELITIGIO,FECHA_PROCESO) values (211551440001,0,21000,100000003,0,to_timestamp('21/05/2014','DD/MM/RRRR HH12:MI:SS,FF AM'),to_timestamp('11/01/2015','DD/MM/RRRR HH12:MI:SS,FF AM'));
Insert into CNV_AUX_ALTA_PRC_CNT (CODIGO_PROCEDIMIENTO,CODIGO_ENTIDAD,TIPO_PRODUCTO,NUMERO_CONTRATO,NUMERO_ESPEC,FECHA_PASE_PRELITIGIO,FECHA_PROCESO) values (211551440001,0,25100,100000004,1219649632,to_timestamp('30/11/2002','DD/MM/RRRR HH12:MI:SS,FF AM'),to_timestamp('11/01/2015','DD/MM/RRRR HH12:MI:SS,FF AM'));
Insert into CNV_AUX_ALTA_PRC_CNT (CODIGO_PROCEDIMIENTO,CODIGO_ENTIDAD,TIPO_PRODUCTO,NUMERO_CONTRATO,NUMERO_ESPEC,FECHA_PASE_PRELITIGIO,FECHA_PROCESO) values (211555880001,0,25100,100000005,1219649632,to_timestamp('30/11/2002','DD/MM/RRRR HH12:MI:SS,FF AM'),to_timestamp('11/01/2015','DD/MM/RRRR HH12:MI:SS,FF AM'));
Insert into CNV_AUX_ALTA_PRC_CNT (CODIGO_PROCEDIMIENTO,CODIGO_ENTIDAD,TIPO_PRODUCTO,NUMERO_CONTRATO,NUMERO_ESPEC,FECHA_PASE_PRELITIGIO,FECHA_PROCESO) values (211555880001,0,21000,100000006,0,to_timestamp('21/05/2014','DD/MM/RRRR HH12:MI:SS,FF AM'),to_timestamp('11/01/2015','DD/MM/RRRR HH12:MI:SS,FF AM'));
Insert into CNV_AUX_ALTA_PRC_CNT (CODIGO_PROCEDIMIENTO,CODIGO_ENTIDAD,TIPO_PRODUCTO,NUMERO_CONTRATO,NUMERO_ESPEC,FECHA_PASE_PRELITIGIO,FECHA_PROCESO) values (111454500001,0,21000,100000007,0,to_timestamp('21/05/2014','DD/MM/RRRR HH12:MI:SS,FF AM'),to_timestamp('11/01/2015','DD/MM/RRRR HH12:MI:SS,FF AM'));
Insert into CNV_AUX_ALTA_PRC_CNT (CODIGO_PROCEDIMIENTO,CODIGO_ENTIDAD,TIPO_PRODUCTO,NUMERO_CONTRATO,NUMERO_ESPEC,FECHA_PASE_PRELITIGIO,FECHA_PROCESO) values (311455980001,0,21000,100000008,0,to_timestamp('21/05/2014','DD/MM/RRRR HH12:MI:SS,FF AM'),to_timestamp('11/01/2015','DD/MM/RRRR HH12:MI:SS,FF AM'));
Insert into CNV_AUX_ALTA_PRC_CNT (CODIGO_PROCEDIMIENTO,CODIGO_ENTIDAD,TIPO_PRODUCTO,NUMERO_CONTRATO,NUMERO_ESPEC,FECHA_PASE_PRELITIGIO,FECHA_PROCESO) values (111754920001,0,25100,100000009,1219649632,to_timestamp('30/11/2002','DD/MM/RRRR HH12:MI:SS,FF AM'),to_timestamp('11/01/2015','DD/MM/RRRR HH12:MI:SS,FF AM'));

set echo on
REM INSERTANDO en CNV_AUX_ALTA_PRC_PER
set echo off
Insert into CNV_AUX_ALTA_PRC_PER (CODIGO_PROCEDIMIENTO,CODIGO_PROPIETARIO,CODIGO_PERSONA,NUMERO_CLIENTE_NUSE,TIPO_PERSONA,TIPO_DOCUMENTO,NIF_CIF_PASAP_NIE,NOMBRE,NOM_COMPLETO,APELLIDO1,APELLIDO2,FECHA_PROCESO,REL_PER_PDM) values (311456040001,0,1001,14685159,1,'D','071892402Z','GUILLERMO','GUILLERMO ESTRADA GARCIA','ESTRADA','GARCIA',to_timestamp('11/01/2015','DD/MM/RRRR HH12:MI:SS,FF AM'),'TIT');
Insert into CNV_AUX_ALTA_PRC_PER (CODIGO_PROCEDIMIENTO,CODIGO_PROPIETARIO,CODIGO_PERSONA,NUMERO_CLIENTE_NUSE,TIPO_PERSONA,TIPO_DOCUMENTO,NIF_CIF_PASAP_NIE,NOMBRE,NOM_COMPLETO,APELLIDO1,APELLIDO2,FECHA_PROCESO,REL_PER_PDM) values (311456040001,0,1002,11591965,1,'D','034876454J','MIGUEL ANGEL','MIGUEL ANGEL CASTRO IGLESIAS','CASTRO','IGLESIAS',to_timestamp('11/01/2015','DD/MM/RRRR HH12:MI:SS,FF AM'),'TIT');
Insert into CNV_AUX_ALTA_PRC_PER (CODIGO_PROCEDIMIENTO,CODIGO_PROPIETARIO,CODIGO_PERSONA,NUMERO_CLIENTE_NUSE,TIPO_PERSONA,TIPO_DOCUMENTO,NIF_CIF_PASAP_NIE,NOMBRE,NOM_COMPLETO,APELLIDO1,APELLIDO2,FECHA_PROCESO,REL_PER_PDM) values (311456040001,0,1003,14678237,1,'D','011366678D','JORGE LUIS','JORGE LUIS ESTRADA GRANDA','ESTRADA','GRANDA',to_timestamp('11/01/2015','DD/MM/RRRR HH12:MI:SS,FF AM'),'FIA');
Insert into CNV_AUX_ALTA_PRC_PER (CODIGO_PROCEDIMIENTO,CODIGO_PROPIETARIO,CODIGO_PERSONA,NUMERO_CLIENTE_NUSE,TIPO_PERSONA,TIPO_DOCUMENTO,NIF_CIF_PASAP_NIE,NOMBRE,NOM_COMPLETO,APELLIDO1,APELLIDO2,FECHA_PROCESO,REL_PER_PDM) values (211551440001,0,1004,14685159,1,'D','071892402Z','GUILLERMO','GUILLERMO ESTRADA GARCIA','ESTRADA','GARCIA',to_timestamp('11/01/2015','DD/MM/RRRR HH12:MI:SS,FF AM'),'TIT');
Insert into CNV_AUX_ALTA_PRC_PER (CODIGO_PROCEDIMIENTO,CODIGO_PROPIETARIO,CODIGO_PERSONA,NUMERO_CLIENTE_NUSE,TIPO_PERSONA,TIPO_DOCUMENTO,NIF_CIF_PASAP_NIE,NOMBRE,NOM_COMPLETO,APELLIDO1,APELLIDO2,FECHA_PROCESO,REL_PER_PDM) values (211551440001,0,1005,11591965,1,'D','034876454J','MIGUEL ANGEL','MIGUEL ANGEL CASTRO IGLESIAS','CASTRO','IGLESIAS',to_timestamp('11/01/2015','DD/MM/RRRR HH12:MI:SS,FF AM'),'TIT');
Insert into CNV_AUX_ALTA_PRC_PER (CODIGO_PROCEDIMIENTO,CODIGO_PROPIETARIO,CODIGO_PERSONA,NUMERO_CLIENTE_NUSE,TIPO_PERSONA,TIPO_DOCUMENTO,NIF_CIF_PASAP_NIE,NOMBRE,NOM_COMPLETO,APELLIDO1,APELLIDO2,FECHA_PROCESO,REL_PER_PDM) values (211555880001,0,1006,14678237,1,'D','011366678D','JORGE LUIS','JORGE LUIS ESTRADA GRANDA','ESTRADA','GRANDA',to_timestamp('11/01/2015','DD/MM/RRRR HH12:MI:SS,FF AM'),'FIA');
Insert into CNV_AUX_ALTA_PRC_PER (CODIGO_PROCEDIMIENTO,CODIGO_PROPIETARIO,CODIGO_PERSONA,NUMERO_CLIENTE_NUSE,TIPO_PERSONA,TIPO_DOCUMENTO,NIF_CIF_PASAP_NIE,NOMBRE,NOM_COMPLETO,APELLIDO1,APELLIDO2,FECHA_PROCESO,REL_PER_PDM) values (211555880001,0,1007,14678237,1,'D','011366678D','JORGE LUIS','JORGE LUIS ESTRADA GRANDA','ESTRADA','GRANDA',to_timestamp('11/01/2015','DD/MM/RRRR HH12:MI:SS,FF AM'),'FIA');
Insert into CNV_AUX_ALTA_PRC_PER (CODIGO_PROCEDIMIENTO,CODIGO_PROPIETARIO,CODIGO_PERSONA,NUMERO_CLIENTE_NUSE,TIPO_PERSONA,TIPO_DOCUMENTO,NIF_CIF_PASAP_NIE,NOMBRE,NOM_COMPLETO,APELLIDO1,APELLIDO2,FECHA_PROCESO,REL_PER_PDM) values (111454500001,0,1008,14685159,1,'D','071892402Z','GUILLERMO','GUILLERMO ESTRADA GARCIA','ESTRADA','GARCIA',to_timestamp('11/01/2015','DD/MM/RRRR HH12:MI:SS,FF AM'),'TIT');
Insert into CNV_AUX_ALTA_PRC_PER (CODIGO_PROCEDIMIENTO,CODIGO_PROPIETARIO,CODIGO_PERSONA,NUMERO_CLIENTE_NUSE,TIPO_PERSONA,TIPO_DOCUMENTO,NIF_CIF_PASAP_NIE,NOMBRE,NOM_COMPLETO,APELLIDO1,APELLIDO2,FECHA_PROCESO,REL_PER_PDM) values (311455980001,0,1009,11591965,1,'D','034876454J','MIGUEL ANGEL','MIGUEL ANGEL CASTRO IGLESIAS','CASTRO','IGLESIAS',to_timestamp('11/01/2015','DD/MM/RRRR HH12:MI:SS,FF AM'),'TIT');
Insert into CNV_AUX_ALTA_PRC_PER (CODIGO_PROCEDIMIENTO,CODIGO_PROPIETARIO,CODIGO_PERSONA,NUMERO_CLIENTE_NUSE,TIPO_PERSONA,TIPO_DOCUMENTO,NIF_CIF_PASAP_NIE,NOMBRE,NOM_COMPLETO,APELLIDO1,APELLIDO2,FECHA_PROCESO,REL_PER_PDM) values (311455980001,0,1010,14678237,1,'D','011366678D','JORGE LUIS','JORGE LUIS ESTRADA GRANDA','ESTRADA','GRANDA',to_timestamp('11/01/2015','DD/MM/RRRR HH12:MI:SS,FF AM'),'FIA');
Insert into CNV_AUX_ALTA_PRC_PER (CODIGO_PROCEDIMIENTO,CODIGO_PROPIETARIO,CODIGO_PERSONA,NUMERO_CLIENTE_NUSE,TIPO_PERSONA,TIPO_DOCUMENTO,NIF_CIF_PASAP_NIE,NOMBRE,NOM_COMPLETO,APELLIDO1,APELLIDO2,FECHA_PROCESO,REL_PER_PDM) values (311455980001,0,1011,14685159,1,'D','071892402Z','GUILLERMO','GUILLERMO ESTRADA GARCIA','ESTRADA','GARCIA',to_timestamp('11/01/2015','DD/MM/RRRR HH12:MI:SS,FF AM'),'TIT');
Insert into CNV_AUX_ALTA_PRC_PER (CODIGO_PROCEDIMIENTO,CODIGO_PROPIETARIO,CODIGO_PERSONA,NUMERO_CLIENTE_NUSE,TIPO_PERSONA,TIPO_DOCUMENTO,NIF_CIF_PASAP_NIE,NOMBRE,NOM_COMPLETO,APELLIDO1,APELLIDO2,FECHA_PROCESO,REL_PER_PDM) values (311455980001,0,1012,11591965,1,'D','034876454J','MIGUEL ANGEL','MIGUEL ANGEL CASTRO IGLESIAS','CASTRO','IGLESIAS',to_timestamp('11/01/2015','DD/MM/RRRR HH12:MI:SS,FF AM'),'TIT');
Insert into CNV_AUX_ALTA_PRC_PER (CODIGO_PROCEDIMIENTO,CODIGO_PROPIETARIO,CODIGO_PERSONA,NUMERO_CLIENTE_NUSE,TIPO_PERSONA,TIPO_DOCUMENTO,NIF_CIF_PASAP_NIE,NOMBRE,NOM_COMPLETO,APELLIDO1,APELLIDO2,FECHA_PROCESO,REL_PER_PDM) values (311455980001,0,1013,14685159,1,'D','071892402Z','GUILLERMO','GUILLERMO ESTRADA GARCIA','ESTRADA','GARCIA',to_timestamp('11/01/2015','DD/MM/RRRR HH12:MI:SS,FF AM'),'TIT');

set echo on
REM corrigiendo personas
set echo off
update PER_PERSONAS set PER_COD_CLIENTE_ENTIDAD=1001 where per_id=3415762;
update PER_PERSONAS set PER_COD_CLIENTE_ENTIDAD=1002 where PER_ID=3125020;
update PER_PERSONAS set PER_COD_CLIENTE_ENTIDAD=1003 where PER_ID=3177771;
update PER_PERSONAS set PER_COD_CLIENTE_ENTIDAD=1004 where PER_ID=3440483;
update PER_PERSONAS set PER_COD_CLIENTE_ENTIDAD=1005 where PER_ID=3132273;
update PER_PERSONAS set PER_COD_CLIENTE_ENTIDAD=1006 where PER_ID=2988014;
update PER_PERSONAS set PER_COD_CLIENTE_ENTIDAD=1007 where PER_ID=2301847;
update PER_PERSONAS set PER_COD_CLIENTE_ENTIDAD=1008 where PER_ID=3394119;
update PER_PERSONAS set PER_COD_CLIENTE_ENTIDAD=1009 where PER_ID=3198025;
update PER_PERSONAS set PER_COD_CLIENTE_ENTIDAD=1010 where PER_ID=3453576;
update PER_PERSONAS set PER_COD_CLIENTE_ENTIDAD=1011 where PER_ID=3724659;
update PER_PERSONAS set PER_COD_CLIENTE_ENTIDAD=1012 where PER_ID=2357443;
update PER_PERSONAS set PER_COD_CLIENTE_ENTIDAD=1013 where PER_ID=2932173;

set echo on
REM corrigiendo contratos
set echo off
update cnt_contratos set CNT_CONTRATO=100000001 where cnt_id=5313348;
update cnt_contratos set CNT_CONTRATO=100000002 where cnt_id=5313349;
update cnt_contratos set CNT_CONTRATO=100000003 where cnt_id=5313350;
update cnt_contratos set CNT_CONTRATO=100000004 where cnt_id=5313351;
update cnt_contratos set CNT_CONTRATO=100000005 where cnt_id=5313356;
update cnt_contratos set CNT_CONTRATO=100000006 where cnt_id=5313358;
update cnt_contratos set CNT_CONTRATO=100000007 where cnt_id=5313359;
update cnt_contratos set CNT_CONTRATO=100000008 where cnt_id=5313699;
update cnt_contratos set CNT_CONTRATO=100000009 where cnt_id=5313700;
commit;
