Num. Activo Haya;Fecha Recepción Plusvalía;F. pago / presentación plusvalía;F. presentación de recurso;F. respuesta de recurso;Apertura de expediente de recurso extrajudicial y seguimiento del mismo;Importe pagado plusvalía;Gasto asociado;Minusvalía;Exento;Autoliquidación
6995689;31/12/1899;08/11/2019;31/12/1899;31/12/1899;N;0;;S;N;N
6787705;31/12/1899;08/11/2019;31/12/1899;31/12/1899;N;0;;N;N;N
6997670;31/12/1899;11/11/2019;31/12/1899;31/12/1899;N;0;;S;N;N
6997671;31/12/1899;11/11/2019;31/12/1899;31/12/1899;N;0;;S;N;N
5953685;31/12/1899;08/11/2019;31/12/1899;31/12/1899;N;0;;N;N;N
6991202;31/12/1899;25/11/2019;31/12/1899;31/12/1899;N;1423,77;;S;N;N
7015947;31/12/1899;25/11/2019;31/12/1899;31/12/1899;N;0;;N;N;N
7015955;31/12/1899;25/11/2019;31/12/1899;31/12/1899;N;0;;S;N;N
5950983;31/12/1899;25/11/2019;31/12/1899;31/12/1899;N;140,45;;S;N;N
6956510;31/12/1899;25/11/2019;31/12/1899;31/12/1899;N;0;;S;N;N
5926093;31/12/1899;15/03/2019;31/12/1899;31/12/1899;N;88,66;;N;N;N
5946308;31/12/1899;28/11/2019;31/12/1899;31/12/1899;N;0;;S;N;N
7031692;31/12/1899;25/11/2019;31/12/1899;31/12/1899;N;0;;N;N;N
6997973;31/12/1899;25/11/2019;31/12/1899;31/12/1899;N;0;;S;N;N
5927188;31/12/1899;21/11/2019;31/12/1899;31/12/1899;N;0;;S;N;N
6047884;31/12/1899;21/11/2019;31/12/1899;31/12/1899;N;0;;N;N;N
6993610;31/12/1899;25/11/2019;31/12/1899;31/12/1899;N;0;;S;N;N
6993922;31/12/1899;21/11/2019;31/12/1899;31/12/1899;N;0;;N;N;N
6999259;31/12/1899;19/11/2019;31/12/1899;31/12/1899;N;0;;S;N;N
5970145;31/12/1899;19/11/2019;31/12/1899;31/12/1899;N;0;;S;N;N
6991578;31/12/1899;19/11/2019;31/12/1899;31/12/1899;N;0;;N;N;N
6994233;31/12/1899;07/11/2019;31/12/1899;31/12/1899;N;0;;S;N;N
6996027;31/12/1899;21/11/2019;31/12/1899;31/12/1899;N;0;;S;N;N
5968078;31/12/1899;22/03/2019;31/12/1899;31/12/1899;N;1154,6;;S;N;N
6938306;31/12/1899;21/11/2019;31/12/1899;31/12/1899;N;0;;N;N;N
6993589;31/12/1899;07/11/2019;31/12/1899;31/12/1899;N;0;;S;N;N
6994181;31/12/1899;19/11/2019;31/12/1899;31/12/1899;N;0;;S;N;N
6995720;31/12/1899;08/11/2019;31/12/1899;31/12/1899;N;606,65;;N;N;N
6997765;31/12/1899;19/11/2019;31/12/1899;31/12/1899;N;0;;S;N;N
6060030;31/12/1899;13/11/2019;31/12/1899;31/12/1899;N;0;;N;N;N
6993446;31/12/1899;13/11/2019;31/12/1899;31/12/1899;N;0;;S;N;N
6993816;31/12/1899;13/11/2019;31/12/1899;31/12/1899;N;24,96;;S;N;N
5941316;31/12/1899;13/11/2019;31/12/1899;31/12/1899;N;905,66;;S;N;N
6993844;31/12/1899;11/11/2019;31/12/1899;31/12/1899;N;98,03;;S;N;N
6994116;31/12/1899;11/11/2019;31/12/1899;31/12/1899;N;0;;S;N;N
6996554;31/12/1899;13/11/2019;31/12/1899;31/12/1899;N;0;;S;N;N
6998102;31/12/1899;13/11/2019;31/12/1899;31/12/1899;N;319,17;;S;N;N
5925348;31/12/1899;11/11/2019;31/12/1899;31/12/1899;N;0;;S;N;N
5931226;31/12/1899;11/11/2019;31/12/1899;31/12/1899;N;0;;N;N;N
6991446;31/12/1899;11/11/2019;31/12/1899;31/12/1899;N;657,4;;N;N;N
6993379;31/12/1899;11/11/2019;31/12/1899;31/12/1899;N;0;;S;N;N
6997202;31/12/1899;07/11/2019;31/12/1899;31/12/1899;N;0;;S;N;N
6999974;31/12/1899;20/11/2019;31/12/1899;31/12/1899;N;0;;S;N;N
7000025;31/12/1899;20/11/2019;31/12/1899;31/12/1899;N;0;;S;N;N
7000098;31/12/1899;20/11/2019;31/12/1899;31/12/1899;N;0;;S;N;N
7007387;31/12/1899;11/11/2019;31/12/1899;31/12/1899;N;0;;N;N;N
5947434;31/12/1899;11/11/2019;31/12/1899;31/12/1899;N;0;;S;N;N
6990391;31/12/1899;20/11/2019;31/12/1899;31/12/1899;N;0;;S;N;N
6993694;31/12/1899;08/11/2019;31/12/1899;31/12/1899;N;236,44;;S;N;N
6994851;31/12/1899;08/01/2020;31/12/1899;31/12/1899;N;0;;N;N;N
6994927;31/12/1899;08/11/2019;31/12/1899;31/12/1899;N;73,44;;S;N;N
6995436;31/12/1899;11/11/2019;31/12/1899;31/12/1899;N;0;;N;N;N
6999918;31/12/1899;20/11/2019;31/12/1899;31/12/1899;N;0;;S;N;N
6999917;31/12/1899;20/11/2019;31/12/1899;31/12/1899;N;0;;S;N;N
6994370;31/12/1899;25/11/2019;31/12/1899;31/12/1899;N;0;;S;N;N
6994982;31/12/1899;27/11/2019;31/12/1899;31/12/1899;N;0;;S;N;N
6997222;31/12/1899;27/11/2019;31/12/1899;31/12/1899;N;0;;N;N;N
6997304;31/12/1899;27/11/2019;31/12/1899;31/12/1899;N;0;;S;N;N
6994368;31/12/1899;25/11/2019;31/12/1899;31/12/1899;N;0;;S;N;N
6992550;31/12/1899;27/11/2019;31/12/1899;31/12/1899;N;0;;S;N;N
5931229;31/12/1899;25/11/2019;31/12/1899;31/12/1899;N;0;;S;N;N
5955275;31/12/1899;27/11/2019;31/12/1899;31/12/1899;N;0;;S;N;N
6057762;31/12/1899;25/11/2019;31/12/1899;31/12/1899;N;0;;S;N;N
6987974;31/12/1899;27/11/2019;31/12/1899;31/12/1899;N;0;;S;N;N
6991967;31/12/1899;27/11/2019;31/12/1899;31/12/1899;N;0;;S;N;N
6997735;31/12/1899;25/11/2019;31/12/1899;31/12/1899;N;0;;S;N;N
6999981;31/12/1899;20/11/2019;31/12/1899;31/12/1899;N;0;;S;N;N
7000037;31/12/1899;20/11/2019;31/12/1899;31/12/1899;N;0;;S;N;N
7000095;31/12/1899;20/11/2019;31/12/1899;31/12/1899;N;0;;S;N;N
5931390;31/12/1899;25/11/2019;31/12/1899;31/12/1899;N;0;;S;N;N
5957339;31/12/1899;25/11/2019;31/12/1899;31/12/1899;N;0;;S;N;N
6993380;31/12/1899;25/11/2019;31/12/1899;31/12/1899;N;0;;S;N;N
6999967;31/12/1899;20/11/2019;31/12/1899;31/12/1899;N;8,36;;S;N;N
6997893;31/12/1899;03/12/2019;31/12/1899;31/12/1899;N;0;;S;N;N
5969599;31/12/1899;02/12/2019;31/12/1899;31/12/1899;N;0;;S;N;N
6998017;31/12/1899;03/12/2019;31/12/1899;31/12/1899;N;0;;S;N;N
6998171;31/12/1899;02/12/2019;31/12/1899;31/12/1899;N;0;;S;N;N
5929470;31/12/1899;02/12/2019;31/12/1899;31/12/1899;N;0;;S;N;N
6934262;31/12/1899;02/12/2019;31/12/1899;31/12/1899;N;0;;N;N;N
6960228;31/12/1899;13/11/2019;31/12/1899;31/12/1899;N;0;;N;N;N
6993813;31/12/1899;02/12/2019;31/12/1899;31/12/1899;N;0;;S;N;N
6993889;31/12/1899;02/12/2019;31/12/1899;31/12/1899;N;54,88;;S;N;N
6993891;31/12/1899;02/12/2019;31/12/1899;31/12/1899;N;963,32;;S;N;N
6994980;31/12/1899;02/12/2019;31/12/1899;31/12/1899;N;0;;S;N;N
6995933;31/12/1899;02/12/2019;31/12/1899;31/12/1899;N;0;;S;N;N
6998857;31/12/1899;02/12/2019;31/12/1899;31/12/1899;N;0;;S;N;N
6997022;31/12/1899;27/11/2019;31/12/1899;31/12/1899;N;0;;S;N;N
6997023;31/12/1899;27/11/2019;31/12/1899;31/12/1899;N;0;;S;N;N
6997668;31/12/1899;03/12/2019;31/12/1899;31/12/1899;N;0;;S;N;N
6999953;31/12/1899;20/11/2019;31/12/1899;31/12/1899;N;8,36;;S;N;N
6999982;31/12/1899;21/11/2019;31/12/1899;31/12/1899;N;0;;S;N;N
7000010;31/12/1899;20/11/2019;31/12/1899;31/12/1899;N;2,29;;S;N;N
7000038;31/12/1899;21/11/2019;31/12/1899;31/12/1899;N;0;;S;N;N
7000090;31/12/1899;20/11/2019;31/12/1899;31/12/1899;N;344,9;;S;N;N
7000094;31/12/1899;21/11/2019;31/12/1899;31/12/1899;N;0;;S;N;N
6934252;31/12/1899;08/01/2020;31/12/1899;31/12/1899;N;0;;S;N;N
6993413;31/12/1899;03/12/2019;31/12/1899;31/12/1899;N;0;;S;N;N
6995957;31/12/1899;03/12/2019;31/12/1899;31/12/1899;N;0;;S;N;N
6350966;31/12/1899;03/12/2019;31/12/1899;31/12/1899;N;0;;N;N;N
6989055;31/12/1899;03/12/2019;31/12/1899;31/12/1899;N;0;;N;N;N
6991560;31/12/1899;03/12/2019;31/12/1899;31/12/1899;N;0;;N;N;N
6993363;31/12/1899;03/12/2019;31/12/1899;31/12/1899;N;295,44;;N;N;N
6996163;31/12/1899;03/12/2019;31/12/1899;31/12/1899;N;70,98;;N;N;N
6997203;31/12/1899;07/11/2019;31/12/1899;31/12/1899;N;0;;S;N;N
6991976;31/12/1899;07/01/2020;31/12/1899;31/12/1899;N;0;;S;N;N
6995415;31/12/1899;07/01/2020;31/12/1899;31/12/1899;N;0;;S;N;N
5936520;31/12/1899;08/01/2020;31/12/1899;31/12/1899;N;0;;S;N;N
6966387;31/12/1899;08/01/2020;31/12/1899;31/12/1899;N;0;;S;N;N
6987943;31/12/1899;07/01/2020;31/12/1899;31/12/1899;N;0;;S;N;N
6993877;31/12/1899;08/01/2020;31/12/1899;31/12/1899;N;0;;S;N;N
6993888;31/12/1899;08/01/2020;31/12/1899;31/12/1899;N;0;;S;N;N
6997126;31/12/1899;07/01/2020;31/12/1899;31/12/1899;N;0;;S;N;N
6997171;31/12/1899;07/01/2020;31/12/1899;31/12/1899;N;0;;N;N;N
5929374;31/12/1899;18/12/2019;31/12/1899;31/12/1899;N;342,14;;S;N;N
5935115;31/12/1899;18/12/2019;31/12/1899;31/12/1899;N;0;;S;N;N
6057488;31/12/1899;18/12/2019;31/12/1899;31/12/1899;N;0;;S;N;N
6344478;31/12/1899;18/12/2019;31/12/1899;31/12/1899;N;0;;S;N;N
6999343;31/12/1899;18/12/2019;31/12/1899;31/12/1899;N;0;;S;N;N
6991874;31/12/1899;02/01/2020;31/12/1899;31/12/1899;N;0;;N;N;N
6991875;31/12/1899;02/01/2020;31/12/1899;31/12/1899;N;0;;N;N;N
6991876;31/12/1899;02/01/2020;31/12/1899;31/12/1899;N;0;;N;N;N
6991877;31/12/1899;02/01/2020;31/12/1899;31/12/1899;N;0;;N;N;N
6991878;31/12/1899;02/01/2020;31/12/1899;31/12/1899;N;0;;N;N;N
6991879;31/12/1899;02/01/2020;31/12/1899;31/12/1899;N;0;;N;N;N
6991880;31/12/1899;02/01/2020;31/12/1899;31/12/1899;N;0;;N;N;N
6991881;31/12/1899;02/01/2020;31/12/1899;31/12/1899;N;0;;N;N;N
6991882;31/12/1899;02/01/2020;31/12/1899;31/12/1899;N;0;;N;N;N
6991883;31/12/1899;02/01/2020;31/12/1899;31/12/1899;N;0;;N;N;N
6991884;31/12/1899;02/01/2020;31/12/1899;31/12/1899;N;0;;N;N;N
6991885;31/12/1899;02/01/2020;31/12/1899;31/12/1899;N;0;;S;N;N
6991886;31/12/1899;02/01/2020;31/12/1899;31/12/1899;N;0;;S;N;N
6991887;31/12/1899;02/01/2020;31/12/1899;31/12/1899;N;0;;S;N;N
6991888;31/12/1899;02/01/2020;31/12/1899;31/12/1899;N;0;;S;N;N
6991889;31/12/1899;02/01/2020;31/12/1899;31/12/1899;N;0;;S;N;N
6991890;31/12/1899;02/01/2020;31/12/1899;31/12/1899;N;0;;S;N;N
6991891;31/12/1899;02/01/2020;31/12/1899;31/12/1899;N;0;;S;N;N
6991892;31/12/1899;02/01/2020;31/12/1899;31/12/1899;N;0;;S;N;N
6991893;31/12/1899;02/01/2020;31/12/1899;31/12/1899;N;0;;S;N;N
6991894;31/12/1899;02/01/2020;31/12/1899;31/12/1899;N;0;;S;N;N
6991895;31/12/1899;02/01/2020;31/12/1899;31/12/1899;N;0;;S;N;N
6991896;31/12/1899;02/01/2020;31/12/1899;31/12/1899;N;0;;S;N;N
6991897;31/12/1899;02/01/2020;31/12/1899;31/12/1899;N;0;;S;N;N
5934957;31/12/1899;25/11/2019;31/12/1899;31/12/1899;N;0;;S;N;N
5942250;31/12/1899;18/12/2019;31/12/1899;31/12/1899;N;0;;S;N;N
5951410;31/12/1899;13/11/2019;31/12/1899;31/12/1899;N;0;;S;N;N
5962078;31/12/1899;18/12/2019;31/12/1899;31/12/1899;N;0;;S;N;N
6764240;31/12/1899;18/12/2019;31/12/1899;31/12/1899;N;0;;S;N;N
6948726;31/12/1899;08/01/2020;31/12/1899;31/12/1899;N;0;;N;N;N
6990732;31/12/1899;02/01/2020;31/12/1899;31/12/1899;N;321,02;;S;N;N
6991642;31/12/1899;02/01/2020;31/12/1899;31/12/1899;N;0;;S;N;N
6995341;31/12/1899;02/01/2020;31/12/1899;31/12/1899;N;0;;S;N;N
6997241;31/12/1899;02/01/2020;31/12/1899;31/12/1899;N;352,24;;S;N;N
6996032;31/12/1899;02/01/2020;31/12/1899;31/12/1899;N;0;;S;N;N
6994077;31/12/1899;17/12/2019;31/12/1899;31/12/1899;N;0;;S;N;N
5930304;31/12/1899;16/12/2019;31/12/1899;31/12/1899;N;0;;S;N;N
5964850;31/12/1899;17/12/2019;31/12/1899;31/12/1899;N;0;;N;N;N
6994420;31/12/1899;17/12/2019;31/12/1899;31/12/1899;N;0;;S;N;N
6995814;31/12/1899;17/12/2019;31/12/1899;31/12/1899;N;0;;S;N;N
6999987;31/12/1899;21/11/2019;31/12/1899;31/12/1899;N;0;;S;N;N
7000034;31/12/1899;21/11/2019;31/12/1899;31/12/1899;N;0;;N;N;N
7000049;31/12/1899;21/11/2019;31/12/1899;31/12/1899;N;0;;S;N;N
5934264;31/12/1899;17/12/2019;31/12/1899;31/12/1899;N;0;;S;N;N
6711561;31/12/1899;17/12/2019;31/12/1899;31/12/1899;N;20,25;;N;N;N
6711574;31/12/1899;17/12/2019;31/12/1899;31/12/1899;N;286,12;;N;N;N
6993928;31/12/1899;17/12/2019;31/12/1899;31/12/1899;N;154,45;;S;N;N
6994027;31/12/1899;17/12/2019;31/12/1899;31/12/1899;N;102,18;;N;N;N
5964536;31/12/1899;18/12/2019;31/12/1899;31/12/1899;N;0;;S;N;N
5969327;31/12/1899;17/12/2019;31/12/1899;31/12/1899;N;0;;S;N;N
6996192;31/12/1899;18/12/2019;31/12/1899;31/12/1899;N;62,99;;S;N;N
6997619;31/12/1899;17/12/2019;31/12/1899;31/12/1899;N;0;;N;N;N
6063781;31/12/1899;13/12/2019;31/12/1899;31/12/1899;N;0;;N;N;N
6999920;31/12/1899;16/12/2019;31/12/1899;31/12/1899;N;4835,79;;S;N;N
5952665;31/12/1899;13/12/2019;31/12/1899;31/12/1899;N;0;;S;N;N
5962036;31/12/1899;13/12/2019;31/12/1899;31/12/1899;N;364,25;;S;N;N
6831690;31/12/1899;13/12/2019;31/12/1899;31/12/1899;N;0;;S;N;N
6995761;31/12/1899;13/12/2019;31/12/1899;31/12/1899;N;0;;N;N;N
6971942;31/12/1899;16/12/2019;31/12/1899;31/12/1899;N;0;;S;N;N
5968428;31/12/1899;16/12/2019;31/12/1899;31/12/1899;N;0;;N;N;N
6992064;31/12/1899;13/12/2019;31/12/1899;31/12/1899;N;137,38;;S;N;N
6993962;31/12/1899;13/12/2019;31/12/1899;31/12/1899;N;0;;N;N;N
7017313;31/12/1899;16/12/2019;31/12/1899;31/12/1899;N;0;;S;N;N
6997266;31/12/1899;16/12/2019;31/12/1899;31/12/1899;N;0;;S;N;N
6998139;31/12/1899;16/12/2019;31/12/1899;31/12/1899;N;0;;S;N;N
6998140;31/12/1899;16/12/2019;31/12/1899;31/12/1899;N;0;;S;N;N
6990943;31/12/1899;13/12/2019;31/12/1899;31/12/1899;N;358,88;;S;N;N
6993089;31/12/1899;12/12/2019;31/12/1899;31/12/1899;N;0;;S;N;N
6999179;31/12/1899;12/12/2019;31/12/1899;31/12/1899;N;0;;S;N;N
6993437;31/12/1899;12/12/2019;31/12/1899;31/12/1899;N;0;;S;N;N
6995756;31/12/1899;12/12/2019;31/12/1899;31/12/1899;N;0;;S;N;N
6995757;31/12/1899;12/12/2019;31/12/1899;31/12/1899;N;0;;S;N;N
7010277;31/12/1899;13/12/2019;31/12/1899;31/12/1899;N;0;;N;N;N
7017617;31/12/1899;12/12/2019;31/12/1899;31/12/1899;N;0;;N;N;N
6977574;31/12/1899;11/12/2019;31/12/1899;31/12/1899;N;0;;S;N;N
6971949;31/12/1899;11/12/2019;31/12/1899;31/12/1899;N;0;;S;N;N
6998994;31/12/1899;11/12/2019;31/12/1899;31/12/1899;N;0;;S;N;N
6996064;31/12/1899;11/12/2019;31/12/1899;31/12/1899;N;0;;N;N;N
5932514;31/12/1899;11/12/2019;31/12/1899;31/12/1899;N;0;;S;N;N
5953637;31/12/1899;11/12/2019;31/12/1899;31/12/1899;N;0;;S;N;N
5953726;31/12/1899;12/12/2019;31/12/1899;31/12/1899;N;0;;S;N;N
5959300;31/12/1899;11/12/2019;31/12/1899;31/12/1899;N;0;;S;N;N
5970083;31/12/1899;12/12/2019;31/12/1899;31/12/1899;N;0;;S;N;N
6044583;31/12/1899;11/12/2019;31/12/1899;31/12/1899;N;0;;S;N;N
6988777;31/12/1899;11/12/2019;31/12/1899;31/12/1899;N;453,98;;S;N;N
6988778;31/12/1899;11/12/2019;31/12/1899;31/12/1899;N;0;;N;N;N
7007921;31/12/1899;11/12/2019;31/12/1899;31/12/1899;N;0;;N;N;N
5967737;31/12/1899;12/12/2019;31/12/1899;31/12/1899;N;0;;S;N;N
6057753;31/12/1899;12/12/2019;31/12/1899;31/12/1899;N;0;;N;N;N
6967324;31/12/1899;12/12/2019;31/12/1899;31/12/1899;N;0;;S;N;N
6967330;31/12/1899;12/12/2019;31/12/1899;31/12/1899;N;6524,82;;N;N;N
6992845;31/12/1899;12/12/2019;31/12/1899;31/12/1899;N;0;;S;N;N
6992846;31/12/1899;12/12/2019;31/12/1899;31/12/1899;N;0;;N;N;N
6994822;31/12/1899;12/12/2019;31/12/1899;31/12/1899;N;0;;S;N;N
6994568;31/12/1899;11/12/2019;31/12/1899;31/12/1899;N;0;;S;N;N
6998016;31/12/1899;11/12/2019;31/12/1899;31/12/1899;N;0;;S;N;N
5937888;31/12/1899;11/12/2019;31/12/1899;31/12/1899;N;378,38;;N;N;N
6994309;31/12/1899;11/12/2019;31/12/1899;31/12/1899;N;0;;S;N;N
6796996;31/12/1899;11/12/2019;31/12/1899;31/12/1899;N;0;;N;N;N
6836055;31/12/1899; 06/11/2019;31/12/1899;31/12/1899;N;0;;N;N;N
6990759;31/12/1899;11/12/2019;31/12/1899;31/12/1899;N;141,11;;S;N;N
6999213;31/12/1899;11/12/2019;31/12/1899;31/12/1899;N;0;;S;N;N
6995056;31/12/1899;05/12/2019;31/12/1899;31/12/1899;N;0;;S;N;N
6891546;31/12/1899;05/12/2019;31/12/1899;31/12/1899;N;768,89;;N;N;N
6979368;31/12/1899;10/12/2019;31/12/1899;31/12/1899;N;0;;S;N;N
5941212;31/12/1899;05/12/2019;31/12/1899;31/12/1899;N;0;;N;N;N
6991715;31/12/1899;11/12/2019;31/12/1899;31/12/1899;N;0;;S;N;N
7009112;31/12/1899;25/02/2020;31/12/1899;31/12/1899;N;0;;N;N;N
7009116;31/12/1899;25/02/2020;31/12/1899;31/12/1899;N;0;;N;N;N
7018721;31/12/1899;10/12/2019;31/12/1899;31/12/1899;N;0;;S;N;N
6810478;31/12/1899;11/12/2019;31/12/1899;31/12/1899;N;0;;S;N;N
6959907;31/12/1899;11/12/2019;31/12/1899;31/12/1899;N;0;;S;N;N
6996763;31/12/1899;10/12/2019;31/12/1899;31/12/1899;N;0;;S;N;N
7074778;31/12/1899;11/12/2019;31/12/1899;31/12/1899;N;5683,05;;N;N;N
7074779;31/12/1899;11/12/2019;31/12/1899;31/12/1899;N;4003,97;;N;N;N
5925392;31/12/1899;11/12/2019;31/12/1899;31/12/1899;N;0;;N;N;N
6990847;31/12/1899;11/12/2019;31/12/1899;31/12/1899;N;0;;S;N;N
6992189;31/12/1899;11/12/2019;31/12/1899;31/12/1899;N;0;;N;N;N
6992190;31/12/1899;11/12/2019;31/12/1899;31/12/1899;N;0;;S;N;N
7010138;31/12/1899;11/12/2019;31/12/1899;31/12/1899;N;0;;N;N;N
6997829;31/12/1899;05/12/2019;31/12/1899;31/12/1899;N;0;;S;N;N
6997003;31/12/1899;05/12/2019;31/12/1899;31/12/1899;N;0;;S;N;N
5935972;31/12/1899;05/12/2019;31/12/1899;31/12/1899;N;0;;S;N;N
5965015;31/12/1899;03/12/2019;31/12/1899;31/12/1899;N;0;;S;N;N
5967963;31/12/1899;05/12/2019;31/12/1899;31/12/1899;N;121,15;;S;N;N
6059539;31/12/1899;05/12/2019;31/12/1899;31/12/1899;N;0;;S;N;N
6938807;31/12/1899;05/12/2019;31/12/1899;31/12/1899;N;0;;S;N;N
6991243;31/12/1899;05/12/2019;31/12/1899;31/12/1899;N;0;;S;N;N
6996002;31/12/1899;05/12/2019;31/12/1899;31/12/1899;N;0;;S;N;N
6997183;31/12/1899;05/12/2019;31/12/1899;31/12/1899;N;0;;S;N;N
6995661;31/12/1899;05/12/2019;31/12/1899;31/12/1899;N;24429,64;;S;N;N
6997010;31/12/1899;03/12/2019;31/12/1899;31/12/1899;N;0;;S;N;N
6997343;31/12/1899;05/12/2019;31/12/1899;31/12/1899;N;0;;S;N;N
7016135;31/12/1899;05/12/2019;31/12/1899;31/12/1899;N;0;;S;N;N
5928231;31/12/1899;05/12/2019;31/12/1899;31/12/1899;N;0;;S;N;N
5958008;31/12/1899;05/12/2019;31/12/1899;31/12/1899;N;0;;S;N;N
5963565;31/12/1899;05/12/2019;31/12/1899;31/12/1899;N;0;;S;N;N
6059219;31/12/1899;05/12/2019;31/12/1899;31/12/1899;N;0;;S;N;N
6062762;31/12/1899;05/12/2019;31/12/1899;31/12/1899;N;0;;S;N;N
6934264;31/12/1899;05/12/2019;31/12/1899;31/12/1899;N;0;;S;N;N
6938307;31/12/1899;05/12/2019;31/12/1899;31/12/1899;N;0;;S;N;N
6938780;31/12/1899;05/12/2019;31/12/1899;31/12/1899;N;0;;S;N;N
6940491;31/12/1899;11/12/2019;31/12/1899;31/12/1899;N;0;;S;N;N
6942759;31/12/1899;05/12/2019;31/12/1899;31/12/1899;N;0;;S;N;N
6994821;31/12/1899;05/12/2019;31/12/1899;31/12/1899;N;175,3;;S;N;N
6995090;31/12/1899;05/12/2019;31/12/1899;31/12/1899;N;0;;S;N;N
6995611;31/12/1899;05/12/2019;31/12/1899;31/12/1899;N;0;;S;N;N
6997122;31/12/1899;05/12/2019;31/12/1899;31/12/1899;N;0;;S;N;N
5938290;31/12/1899;13/12/2019;31/12/1899;31/12/1899;N;0;;S;N;N
5962787;31/12/1899;13/12/2019;31/12/1899;31/12/1899;N;0;;N;N;N
7089567;31/12/1899;13/12/2019;31/12/1899;31/12/1899;N;0;;N;N;N
6060553;31/12/1899;13/12/2019;31/12/1899;31/12/1899;N;0;;S;N;N
6060554;31/12/1899;13/12/2019;31/12/1899;31/12/1899;N;0;;S;N;N
5932798;31/12/1899;13/12/2019;31/12/1899;31/12/1899;N;0;;S;N;N
5929189;31/12/1899;13/12/2019;31/12/1899;31/12/1899;N;0;;S;N;N
5929747;31/12/1899;04/12/2019;31/12/1899;31/12/1899;N;0;;S;N;N
5932042;31/12/1899;02/12/2019;31/12/1899;31/12/1899;N;0;;S;N;N
6061581;31/12/1899;04/12/2019;31/12/1899;31/12/1899;N;0;;N;N;N
6528298;31/12/1899;02/12/2019;31/12/1899;31/12/1899;N;0;;S;N;N
5927561;31/12/1899;02/12/2019;31/12/1899;31/12/1899;N;278,6;;N;N;N
6957995;31/12/1899;02/12/2019;31/12/1899;31/12/1899;N;0;;N;N;N
6993557;31/12/1899;27/11/2019;31/12/1899;31/12/1899;N;0;;N;N;N
6993558;31/12/1899;27/11/2019;31/12/1899;31/12/1899;N;0;;N;N;N
6993559;31/12/1899;27/11/2019;31/12/1899;31/12/1899;N;0;;N;N;N
6993562;31/12/1899;27/11/2019;31/12/1899;31/12/1899;N;0;;N;N;N
6993563;31/12/1899;27/11/2019;31/12/1899;31/12/1899;N;0;;N;N;N
6993564;31/12/1899;27/11/2019;31/12/1899;31/12/1899;N;0;;N;N;N
6993565;31/12/1899;27/11/2019;31/12/1899;31/12/1899;N;0;;N;N;N
6993566;31/12/1899;27/11/2019;31/12/1899;31/12/1899;N;0;;N;N;N
6993567;31/12/1899;27/11/2019;31/12/1899;31/12/1899;N;0;;N;N;N
6993577;31/12/1899;27/11/2019;31/12/1899;31/12/1899;N;0;;N;N;N
6993578;31/12/1899;27/11/2019;31/12/1899;31/12/1899;N;0;;N;N;N
6993579;31/12/1899;27/11/2019;31/12/1899;31/12/1899;N;0;;N;N;N
6993581;31/12/1899;27/11/2019;31/12/1899;31/12/1899;N;0;;N;N;N
6993582;31/12/1899;27/11/2019;31/12/1899;31/12/1899;N;0;;N;N;N
6993584;31/12/1899;27/11/2019;31/12/1899;31/12/1899;N;0;;N;N;N
6993585;31/12/1899;27/11/2019;31/12/1899;31/12/1899;N;0;;N;N;N
6993586;31/12/1899;27/11/2019;31/12/1899;31/12/1899;N;0;;S;N;N
6993587;31/12/1899;27/11/2019;31/12/1899;31/12/1899;N;0;;N;N;N
6993588;31/12/1899;27/11/2019;31/12/1899;31/12/1899;N;0;;N;N;N
6993641;31/12/1899;03/12/2019;31/12/1899;31/12/1899;N;0;;S;N;N
6996760;31/12/1899;02/12/2019;31/12/1899;31/12/1899;N;0;;S;N;N
5958705;31/12/1899;02/12/2019;31/12/1899;31/12/1899;N;305,39;;S;N;N
6991118;31/12/1899;20/11/2019;31/12/1899;31/12/1899;N;0;;N;N;N
6995599;31/12/1899;04/12/2019;31/12/1899;31/12/1899;N;0;;N;N;N
6992463;31/12/1899;02/12/2019;31/12/1899;31/12/1899;N;125,71;;S;N;N
6994856;31/12/1899;02/12/2019;31/12/1899;31/12/1899;N;639,82;;S;N;N
6995205;31/12/1899;02/12/2019;31/12/1899;31/12/1899;N;0;;N;N;N
6995206;31/12/1899;02/12/2019;31/12/1899;31/12/1899;N;0;;N;N;N
6996458;31/12/1899;02/12/2019;31/12/1899;31/12/1899;N;0;;S;N;N
6976528;31/12/1899;02/12/2019;31/12/1899;31/12/1899;N;0;;N;N;N
6938279;31/12/1899;02/12/2019;31/12/1899;31/12/1899;N;0;;S;N;N
7009957;31/12/1899;02/12/2019;31/12/1899;31/12/1899;N;0;;N;N;N
6993920;31/12/1899;13/01/2020;31/12/1899;31/12/1899;N;0;;N;N;N
6063225;31/12/1899;29/11/2019;31/12/1899;31/12/1899;N;0;;S;N;N
6957772;31/12/1899;29/11/2019;31/12/1899;31/12/1899;N;0;;N;N;N
6972091;31/12/1899;29/11/2019;31/12/1899;31/12/1899;N;0;;N;N;N
6991045;31/12/1899;29/11/2019;31/12/1899;31/12/1899;N;0;;S;N;N
6993421;31/12/1899;29/11/2019;31/12/1899;31/12/1899;N;0;;N;N;N
6993654;31/12/1899;29/11/2019;31/12/1899;31/12/1899;N;38,01;;N;N;N
6993655;31/12/1899;29/11/2019;31/12/1899;31/12/1899;N;38,72;;N;N;N
6993680;31/12/1899;29/11/2019;31/12/1899;31/12/1899;N;38,72;;N;N;N
6993794;31/12/1899;29/11/2019;31/12/1899;31/12/1899;N;51,44;;S;N;N
6997460;31/12/1899;29/11/2019;31/12/1899;31/12/1899;N;235,35;;S;N;N
6997631;31/12/1899;29/11/2019;31/12/1899;31/12/1899;N;47,12;;S;N;N
7007115;31/12/1899;29/11/2019;31/12/1899;31/12/1899;N;0;;S;N;N
5967386;31/12/1899;28/11/2019;31/12/1899;31/12/1899;N;0;;S;N;N
5946137;31/12/1899;28/11/2019;31/12/1899;31/12/1899;N;0;;S;N;N
5947700;31/12/1899;28/11/2019;31/12/1899;31/12/1899;N;0;;S;N;N
5955011;31/12/1899;07/01/2020;31/12/1899;31/12/1899;N;0;;S;N;N
6993538;31/12/1899;07/11/2019;31/12/1899;31/12/1899;N;0;;S;N;N
7099312;31/12/1899;28/11/2019;31/12/1899;31/12/1899;N;0;;N;N;N
5933835;31/12/1899;28/11/2019;31/12/1899;31/12/1899;N;0;;N;N;N
6062643;31/12/1899;28/11/2019;31/12/1899;31/12/1899;N;0;;N;N;N
5930809;31/12/1899;29/11/2019;31/12/1899;31/12/1899;N;0;;S;N;N
5945023;31/12/1899;28/11/2019;31/12/1899;31/12/1899;N;0;;S;N;N
5949718;31/12/1899;28/11/2019;31/12/1899;31/12/1899;N;0;;S;N;N
5951916;31/12/1899;29/11/2019;31/12/1899;31/12/1899;N;0;;S;N;N
5954192;31/12/1899;28/11/2019;31/12/1899;31/12/1899;N;0;;S;N;N
5959694;31/12/1899;28/11/2019;31/12/1899;31/12/1899;N;0;;S;N;N
5970486;31/12/1899;28/11/2019;31/12/1899;31/12/1899;N;0;;S;N;N
6058224;31/12/1899;28/11/2019;31/12/1899;31/12/1899;N;0;;S;N;N
6346065;31/12/1899;28/11/2019;31/12/1899;31/12/1899;N;0;;S;N;N
6765360;31/12/1899;28/11/2019;31/12/1899;31/12/1899;N;0;;S;N;N
6774039;31/12/1899;28/11/2019;31/12/1899;31/12/1899;N;0;;S;N;N
6939925;31/12/1899;28/11/2019;31/12/1899;31/12/1899;N;0;;S;N;N
6963783;31/12/1899;28/11/2019;31/12/1899;31/12/1899;N;0;;S;N;N
6988782;31/12/1899;29/11/2019;31/12/1899;31/12/1899;N;0;;N;N;N
6989412;31/12/1899;28/11/2019;31/12/1899;31/12/1899;N;0;;S;N;N
6990438;31/12/1899;28/11/2019;31/12/1899;31/12/1899;N;0;;S;N;N
6993646;31/12/1899;28/11/2019;31/12/1899;31/12/1899;N;0;;S;N;N
6995322;31/12/1899;07/11/2019;31/12/1899;31/12/1899;N;0;;S;N;N
6996598;31/12/1899;29/11/2019;31/12/1899;31/12/1899;N;0;;S;N;N
6997128;31/12/1899;28/11/2019;31/12/1899;31/12/1899;N;0;;S;N;N
6998223;31/12/1899;29/11/2019;31/12/1899;31/12/1899;N;0;;S;N;N
6998224;31/12/1899;29/11/2019;31/12/1899;31/12/1899;N;0;;S;N;N
6998967;31/12/1899;29/11/2019;31/12/1899;31/12/1899;N;0;;S;N;N
5935418;31/12/1899;27/11/2019;31/12/1899;31/12/1899;N;0;;N;N;N
5936686;31/12/1899;28/11/2019;31/12/1899;31/12/1899;N;0;;S;N;N
5966481;31/12/1899;28/11/2019;31/12/1899;31/12/1899;N;0;;S;N;N
6959970;31/12/1899;28/11/2019;31/12/1899;31/12/1899;N;0;;S;N;N
6973123;31/12/1899;28/11/2019;31/12/1899;31/12/1899;N;187,14;;N;N;N
6992572;31/12/1899;28/11/2019;31/12/1899;31/12/1899;N;0;;S;N;N
6992573;31/12/1899;28/11/2019;31/12/1899;31/12/1899;N;171,07;;S;N;N
6998282;31/12/1899;27/11/2019;31/12/1899;31/12/1899;N;0;;S;N;N
5953059;31/12/1899;27/11/2019;31/12/1899;31/12/1899;N;0;;S;N;N
6946146;31/12/1899;27/11/2019;31/12/1899;31/12/1899;N;0;;N;N;N
6997133;31/12/1899;27/11/2019;31/12/1899;31/12/1899;N;0;;S;N;N
6999270;31/12/1899;27/11/2019;31/12/1899;31/12/1899;N;0;;S;N;N
6355153;31/12/1899;27/11/2019;31/12/1899;31/12/1899;N;0;;S;N;N
6997578;31/12/1899;27/11/2019;31/12/1899;31/12/1899;N;0;;S;N;N
6833032;31/12/1899;27/11/2019;31/12/1899;31/12/1899;N;0;;S;N;N
6703029;31/12/1899;27/11/2019;31/12/1899;31/12/1899;N;0;;N;N;N
6993411;31/12/1899;27/11/2019;31/12/1899;31/12/1899;N;0;;S;N;N
6995313;31/12/1899;27/11/2019;31/12/1899;31/12/1899;N;96,34;;S;N;N
5963577;31/12/1899;25/11/2019;31/12/1899;31/12/1899;N;0;;S;N;N
5933758;31/12/1899;27/11/2019;31/12/1899;31/12/1899;N;0;;N;N;N
6950101;31/12/1899;25/11/2019;31/12/1899;31/12/1899;N;0;;N;N;N
6967320;31/12/1899;25/02/2020;31/12/1899;31/12/1899;N;0;;S;N;N
5946036;31/12/1899;25/11/2019;31/12/1899;31/12/1899;N;0;;S;N;N
6940091;31/12/1899;04/02/2020;31/12/1899;31/12/1899;N;0;;S;N;N
6994371;31/12/1899;20/11/2019;31/12/1899;31/12/1899;N;0;;S;N;N
6995806;31/12/1899;20/11/2019;31/12/1899;31/12/1899;N;0;;S;N;N
6998958;31/12/1899;25/11/2019;31/12/1899;31/12/1899;N;0;;S;N;N
6997830;31/12/1899;21/11/2019;31/12/1899;31/12/1899;N;0;;S;N;N
6994364;31/12/1899;20/11/2019;31/12/1899;31/12/1899;N;0;;S;N;N
6996486;31/12/1899;07/01/2020;31/12/1899;31/12/1899;N;0;;S;N;N
5964439;31/12/1899;20/11/2019;31/12/1899;31/12/1899;N;0;;N;N;N
6995669;31/12/1899;20/11/2019;31/12/1899;31/12/1899;N;0;;S;N;N
6828559;31/12/1899;20/11/2019;31/12/1899;31/12/1899;N;0;;N;N;N
6052639;31/12/1899;20/11/2019;31/12/1899;31/12/1899;N;0;;S;N;N
6052641;31/12/1899;20/11/2019;31/12/1899;31/12/1899;N;0;;N;N;N
6990345;31/12/1899; 07/11/2019;31/12/1899;31/12/1899;N;0;;S;N;N
5942117;31/12/1899;20/11/2019;31/12/1899;31/12/1899;N;0;;S;N;N
5966374;31/12/1899;20/11/2019;31/12/1899;31/12/1899;N;0;;S;N;N
6344566;31/12/1899;07/01/2020;31/12/1899;31/12/1899;N;0;;S;N;N
6996111;31/12/1899;20/11/2019;31/12/1899;31/12/1899;N;156,75;;S;N;N
6995030;31/12/1899;20/11/2019;31/12/1899;31/12/1899;N;0;;S;N;N
6993989;31/12/1899;20/11/2019;31/12/1899;31/12/1899;N;0;;S;N;N
6994372;31/12/1899;20/11/2019;31/12/1899;31/12/1899;N;0;;S;N;N
6762791;31/12/1899;20/11/2019;31/12/1899;31/12/1899;N;1257,1;;N;N;N
6967367;31/12/1899;19/11/2019;31/12/1899;31/12/1899;N;0;;N;N;N
6992173;31/12/1899;20/11/2019;31/12/1899;31/12/1899;N;0;;N;N;N
6994774;31/12/1899;20/11/2019;31/12/1899;31/12/1899;N;0;;S;N;N
6993034;31/12/1899;20/11/2019;31/12/1899;31/12/1899;N;0;;S;N;N
6936199;31/12/1899;07/01/2020;31/12/1899;31/12/1899;N;0;;N;N;N
6992110;31/12/1899;07/01/2020;31/12/1899;31/12/1899;N;0;;S;N;N
6703028;31/12/1899;19/11/2019;31/12/1899;31/12/1899;N;0;;N;N;N
6991432;31/12/1899;19/11/2019;31/12/1899;31/12/1899;N;0;;N;N;N
6963526;31/12/1899;19/11/2019;31/12/1899;31/12/1899;N;0;;N;N;N
6963528;31/12/1899;19/11/2019;31/12/1899;31/12/1899;N;0;;N;N;N
6991927;31/12/1899;04/02/2020;31/12/1899;31/12/1899;N;1424,77;;S;N;N
6993324;31/12/1899;13/11/2019;31/12/1899;31/12/1899;N;0;;N;N;N
6998996;31/12/1899;19/11/2019;31/12/1899;31/12/1899;N;0;;S;N;N
6995792;31/12/1899;13/11/2019;31/12/1899;31/12/1899;N;141,45;;S;N;N
6997009;31/12/1899;13/11/2019;31/12/1899;31/12/1899;N;0;;S;N;N
6997124;31/12/1899;13/11/2019;31/12/1899;31/12/1899;N;89,66;;S;N;N
6974213;31/12/1899;07/01/2020;31/12/1899;31/12/1899;N;0;;N;N;N
6991122;31/12/1899;05/12/2019;31/12/1899;31/12/1899;N;0;;S;N;N
7071153;31/12/1899;04/02/2020;31/12/1899;31/12/1899;N;0;;S;N;N
5937847;31/12/1899;25/02/2020;31/12/1899;31/12/1899;N;0;;S;N;N
6999274;31/12/1899;12/11/2019;31/12/1899;31/12/1899;N;0;;S;N;N
5966908;31/12/1899;13/01/2020;31/12/1899;31/12/1899;N;0;;N;N;N
5937984;31/12/1899;13/01/2020;31/12/1899;31/12/1899;N;0;;N;N;N
6995098;31/12/1899;13/01/2020;31/12/1899;31/12/1899;N;0;;S;N;N
6994366;31/12/1899;10/01/2020;31/12/1899;31/12/1899;N;0;;S;N;N
6819248;31/12/1899;10/01/2020;31/12/1899;31/12/1899;N;0;;S;N;N
6994873;31/12/1899;13/01/2020;31/12/1899;31/12/1899;N;0;;S;N;N
6995581;31/12/1899;10/01/2020;31/12/1899;31/12/1899;N;0;;S;N;N
6800130;31/12/1899;08/01/2020;31/12/1899;31/12/1899;N;1155,6;;N;N;N
5933283;31/12/1899;08/01/2020;31/12/1899;31/12/1899;N;0;;N;N;N
6996060;31/12/1899;13/01/2020;31/12/1899;31/12/1899;N;0;;S;N;N
6998613;31/12/1899;13/01/2020;31/12/1899;31/12/1899;N;0;;S;N;N
6965930;31/12/1899;10/01/2020;31/12/1899;31/12/1899;N;0;;N;N;N
6995746;31/12/1899;13/01/2020;31/12/1899;31/12/1899;N;607,65;;S;N;N
5925696;31/12/1899;21/11/2019;31/12/1899;31/12/1899;N;0;;S;N;N
5953454;31/12/1899;12/11/2019;31/12/1899;31/12/1899;N;0;;S;N;N
6710259;31/12/1899;22/11/2019;31/12/1899;31/12/1899;N;0;;N;N;N
6967362;31/12/1899;12/11/2019;31/12/1899;31/12/1899;N;1786,36;;S;N;N
6998845;31/12/1899;12/11/2019;31/12/1899;31/12/1899;N;2667,06;;S;N;N
6960825;31/12/1899;10/01/2020;31/12/1899;31/12/1899;N;0;;N;N;N
6988016;31/12/1899;02/01/2020;31/12/1899;31/12/1899;N;99,03;;S;N;N
7068492;31/12/1899;25/02/2020;31/12/1899;31/12/1899;N;0;;N;N;N
6991012;31/12/1899;10/12/2019;31/12/1899;31/12/1899;N;0;;N;N;N
6999173;31/12/1899;12/11/2019;31/12/1899;31/12/1899;N;320,17;;S;N;N
6999174;31/12/1899;12/11/2019;31/12/1899;31/12/1899;N;0;;S;N;N
7076253;31/12/1899;12/11/2019;31/12/1899;31/12/1899;N;0;;S;N;N
6991453;31/12/1899;11/11/2019;31/12/1899;31/12/1899;N;658,4;;S;N;N
6993115;31/12/1899;07/11/2019;31/12/1899;31/12/1899;N;0;;S;N;N
6965896;31/12/1899;11/11/2019;31/12/1899;31/12/1899;N;0;;N;N;N
7005855;31/12/1899;11/11/2019;31/12/1899;31/12/1899;N;0;;S;N;N
7099421;31/12/1899;11/11/2019;31/12/1899;31/12/1899;N;0;;N;N;N
5951032;31/12/1899;11/11/2019;31/12/1899;31/12/1899;N;0;;S;N;N
6990748;31/12/1899;11/11/2019;31/12/1899;31/12/1899;N;0;;S;N;N
6995805;31/12/1899;11/11/2019;31/12/1899;31/12/1899;N;0;;S;N;N
6800662;31/12/1899;11/11/2019;31/12/1899;31/12/1899;N;0;;N;N;N
7088757;31/12/1899;04/02/2020;31/12/1899;31/12/1899;N;237,44;;N;N;N
7088781;31/12/1899;04/02/2020;31/12/1899;31/12/1899;N;0;;N;N;N
6991123;31/12/1899;02/12/2019;31/12/1899;31/12/1899;N;74,44;;S;N;N
6995055;31/12/1899;21/11/2019;31/12/1899;31/12/1899;N;0;;S;N;N
7099950;31/12/1899;08/01/2020;31/12/1899;31/12/1899;N;0;;S;N;N
6995539;31/12/1899;21/11/2019;31/12/1899;31/12/1899;N;0;;S;N;N
6990388;31/12/1899;18/11/2019;31/12/1899;31/12/1899;N;0;;S;N;N
6998348;31/12/1899;04/02/2020;31/12/1899;31/12/1899;N;0;;S;N;N
5928301;31/12/1899;25/11/2019;31/12/1899;31/12/1899;N;0;;N;N;N
6934404;31/12/1899;21/11/2019;31/12/1899;31/12/1899;N;0;;N;N;N
6997588;31/12/1899;21/11/2019;31/12/1899;31/12/1899;N;0;;S;N;N
6993832;31/12/1899;04/12/2019;31/12/1899;31/12/1899;N;0;;N;N;N
6994311;31/12/1899;04/12/2019;31/12/1899;31/12/1899;N;0;;S;N;N
6995345;31/12/1899;04/12/2019;31/12/1899;31/12/1899;N;0;;S;N;N
6997280;31/12/1899;04/12/2019;31/12/1899;31/12/1899;N;0;;S;N;N
5937677;31/12/1899;04/12/2019;31/12/1899;31/12/1899;N;0;;S;N;N
5963863;31/12/1899;04/12/2019;31/12/1899;31/12/1899;N;0;;N;N;N
6996702;31/12/1899;04/12/2019;31/12/1899;31/12/1899;N;0;;S;N;N
7072564;31/12/1899;04/12/2019;31/12/1899;31/12/1899;N;0;;N;N;N
7091554;31/12/1899;04/02/2020;31/12/1899;31/12/1899;N;0;;N;N;N
6995319;31/12/1899;04/02/2020;31/12/1899;31/12/1899;N;9,36;;S;N;N
7095552;31/12/1899;25/02/2020;31/12/1899;31/12/1899;N;0;;N;N;N
6996046;31/12/1899;04/02/2020;31/12/1899;31/12/1899;N;0;;S;N;N
6994977;31/12/1899;04/12/2019;31/12/1899;31/12/1899;N;0;;S;N;N
6997667;31/12/1899;04/12/2019;31/12/1899;31/12/1899;N;0;;S;N;N
7075784;31/12/1899;04/12/2019;31/12/1899;31/12/1899;N;0;;S;N;N
6989477;31/12/1899;04/12/2019;31/12/1899;31/12/1899;N;0;;S;N;N
6998648;31/12/1899;04/12/2019;31/12/1899;31/12/1899;N;0;;N;N;N
6998649;31/12/1899;13/02/2020;31/12/1899;31/12/1899;N;1871,76;;N;N;N
6818275;31/12/1899;07/11/2019;31/12/1899;31/12/1899;N;2780,2;;S;N;N
6992996;31/12/1899;21/02/2020;31/12/1899;31/12/1899;N;0;;S;N;N
6996359;31/12/1899;05/12/2019;31/12/1899;31/12/1899;N;0;;S;N;N
5944577;31/12/1899;13/02/2020;31/12/1899;31/12/1899;N;0;;N;N;N
7074346;31/12/1899;21/02/2020;31/12/1899;31/12/1899;N;0;;S;N;N
5941814;31/12/1899;21/02/2020;31/12/1899;31/12/1899;N;0;;S;N;N
5948648;31/12/1899;05/12/2019;31/12/1899;31/12/1899;N;0;;S;N;N
7089498;31/12/1899;11/12/2019;31/12/1899;31/12/1899;N;0;;S;N;N
7073170;31/12/1899;05/12/2019;31/12/1899;31/12/1899;N;9,36;;N;N;N
5954449;31/12/1899;13/02/2020;31/12/1899;31/12/1899;N;0;;N;N;N
5944546;31/12/1899;13/02/2020;31/12/1899;31/12/1899;N;3,29;;N;N;N
5938573;31/12/1899;13/02/2020;31/12/1899;31/12/1899;N;0;;N;N;N
6991081;31/12/1899;13/02/2020;31/12/1899;31/12/1899;N;345,9;;N;N;N
6934391;31/12/1899;04/02/2020;31/12/1899;31/12/1899;N;0;;S;N;N
6997548;31/12/1899;21/02/2020;31/12/1899;31/12/1899;N;0;;S;N;N
6997858;31/12/1899;05/12/2019;31/12/1899;31/12/1899;N;0;;S;N;N
6987975;31/12/1899;11/12/2019;31/12/1899;31/12/1899;N;0;;S;N;N
7070946;31/12/1899;05/12/2019;31/12/1899;31/12/1899;N;0;;S;N;N
7101510;31/12/1899;05/12/2019;31/12/1899;31/12/1899;N;0;;N;N;N
6994416;31/12/1899;05/12/2019;31/12/1899;31/12/1899;N;0;;S;N;N
7076052;31/12/1899;04/12/2019;31/12/1899;31/12/1899;N;296,44;;S;N;N
7090525;31/12/1899;04/12/2019;31/12/1899;31/12/1899;N;71,98;;S;N;N
6997906;31/12/1899;04/02/2020;31/12/1899;31/12/1899;N;0;;S;N;N
6993958;31/12/1899;04/12/2019;31/12/1899;31/12/1899;N;0;;S;N;N
6993957;31/12/1899;04/12/2019;31/12/1899;31/12/1899;N;0;;S;N;N
6355382;31/12/1899;02/01/2020;31/12/1899;31/12/1899;N;0;;S;N;N
5948613;31/12/1899;04/02/2020;31/12/1899;31/12/1899;N;0;;N;N;N
5939145;31/12/1899;02/01/2020;31/12/1899;31/12/1899;N;0;;S;N;N
5936194;31/12/1899;21/02/2020;31/12/1899;31/12/1899;N;0;;S;N;N
6991277;31/12/1899;02/01/2020;31/12/1899;31/12/1899;N;0;;S;N;N
6992859;31/12/1899;28/11/2019;31/12/1899;31/12/1899;N;343,14;;S;N;N
6992524;31/12/1899;21/02/2020;31/12/1899;31/12/1899;N;0;;S;N;N
6999136;31/12/1899;21/02/2020;31/12/1899;31/12/1899;N;0;;S;N;N
7071718;31/12/1899;02/01/2020;31/12/1899;31/12/1899;N;0;;N;N;N
7071719;31/12/1899;02/01/2020;31/12/1899;31/12/1899;N;0;;N;N;N
6796283;31/12/1899;02/01/2020;31/12/1899;31/12/1899;N;0;;N;N;N
6965814;31/12/1899;02/01/2020;31/12/1899;31/12/1899;N;0;;N;N;N
6994725;31/12/1899;02/01/2020;31/12/1899;31/12/1899;N;0;;S;N;N
6994667;31/12/1899;02/01/2020;31/12/1899;31/12/1899;N;0;;S;N;N
6996489;31/12/1899;02/01/2020;31/12/1899;31/12/1899;N;0;;S;N;N
6999680;31/12/1899;02/01/2020;31/12/1899;31/12/1899;N;0;;S;N;N
5959676;31/12/1899;03/01/2020;31/12/1899;31/12/1899;N;0;;N;N;N
7030244;31/12/1899;24/01/2020;31/12/1899;31/12/1899;N;0;;S;N;N
7000104;31/12/1899;03/01/2020;31/12/1899;31/12/1899;N;0;;S;N;N
5954310;31/12/1899;03/01/2020;31/12/1899;31/12/1899;N;0;;N;N;N
6801006;31/12/1899;03/01/2020;31/12/1899;31/12/1899;N;0;;N;N;N
6995704;31/12/1899;03/01/2020;31/12/1899;31/12/1899;N;0;;S;N;N
7074379;31/12/1899;03/01/2020;31/12/1899;31/12/1899;N;0;;N;N;N
7098504;31/12/1899;24/01/2020;31/12/1899;31/12/1899;N;0;;S;N;N
5940941;31/12/1899;24/01/2020;31/12/1899;31/12/1899;N;0;;N;N;N
6995389;31/12/1899;03/01/2020;31/12/1899;31/12/1899;N;0;;S;N;N
6987944;31/12/1899;03/01/2020;31/12/1899;31/12/1899;N;0;;S;N;N
6995380;31/12/1899;03/01/2020;31/12/1899;31/12/1899;N;0;;S;N;N
6938859;31/12/1899;24/01/2020;31/12/1899;31/12/1899;N;0;;S;N;N
5964979;31/12/1899;24/01/2020;31/12/1899;31/12/1899;N;0;;N;N;N
6991411;31/12/1899;24/01/2020;31/12/1899;31/12/1899;N;0;;S;N;N
6998308;31/12/1899;03/01/2020;31/12/1899;31/12/1899;N;0;;S;N;N
7226801;31/12/1899;08/01/2020;31/12/1899;31/12/1899;N;0;;N;N;N
6062208;31/12/1899;24/01/2020;31/12/1899;31/12/1899;N;0;;S;N;N
6995694;31/12/1899;24/01/2020;31/12/1899;31/12/1899;N;0;;S;N;N
6995724;31/12/1899;24/01/2020;31/12/1899;31/12/1899;N;0;;S;N;N
6995695;31/12/1899;24/01/2020;31/12/1899;31/12/1899;N;0;;S;N;N
6992870;31/12/1899;08/01/2020;31/12/1899;31/12/1899;N;322,02;;S;N;N
6991873;31/12/1899;24/01/2020;31/12/1899;31/12/1899;N;0;;S;N;N
6047490;31/12/1899;20/12/2019;31/12/1899;31/12/1899;N;353,24;;N;N;N
7224007;31/12/1899;08/01/2020;31/12/1899;31/12/1899;N;0;;N;N;N
6996651;31/12/1899;08/01/2020;31/12/1899;31/12/1899;N;0;;N;N;N
6787738;31/12/1899;24/01/2020;31/12/1899;31/12/1899;N;0;;N;N;N
5934649;31/12/1899;13/01/2020;31/12/1899;31/12/1899;N;0;;S;N;N
6044472;31/12/1899;14/01/2020;31/12/1899;31/12/1899;N;0;;N;N;N
5933810;31/12/1899;13/01/2020;31/12/1899;31/12/1899;N;0;;N;N;N
6994149;31/12/1899;14/01/2020;31/12/1899;31/12/1899;N;0;;S;N;N
5957692;31/12/1899;13/01/2020;31/12/1899;31/12/1899;N;0;;S;N;N
6706806;19/01/2020;19/01/2020;31/12/1899;31/12/1899;N;0,00;;S;N;N
5935794;19/01/2020;19/01/2020;31/12/1899;31/12/1899;N;0,00;;S;N;N
5946498;22/02/2020;22/02/2020;31/12/1899;31/12/1899;N;0,00;;S;N;N
5942818;18/12/2020;18/12/2020;31/12/1899;31/12/1899;N;0,00;;S;N;N
5955999;19/01/2020;19/01/2020;31/12/1899;31/12/1899;N;0,00;;S;N;N
7001579;19/01/2020;19/01/2020;31/12/1899;31/12/1899;N;0,00;;S;N;N
5956230;31/12/2019;31/12/2019;31/12/1899;31/12/1899;N;0,00;;S;N;N
5939544;19/01/2020;19/01/2020;31/12/1899;31/12/1899;N;0,00;;S;N;N
6990250;19/01/2020;19/01/2020;31/12/1899;31/12/1899;N;0,00;;S;N;N
5954563;06/02/2020;06/02/2020;31/12/1899;31/12/1899;N;0,00;;S;N;N
5959315;10/02/2020;10/02/2020;31/12/1899;31/12/1899;N;0,00;;S;N;N
6959905;22/02/2020;22/02/2020;31/12/1899;31/12/1899;N;0,00;;S;N;N
5935164;19/01/2020;19/01/2020;31/12/1899;31/12/1899;N;0,00;;N;N;N
7075356;19/01/2020;19/01/2020;31/12/1899;31/12/1899;N;0,00;;S;N;N
7076243;19/01/2020;19/01/2020;31/12/1899;31/12/1899;N;0,00;;S;N;N
5927560;19/01/2020;19/01/2020;31/12/1899;31/12/1899;N;0,00;;S;N;N
5934281;10/02/2020;10/02/2020;31/12/1899;31/12/1899;N;0,00;;S;N;N
5967252;19/01/2020;19/01/2020;31/12/1899;31/12/1899;N;0,00;;N;N;N
6940753;13/01/2020;13/01/2020;31/12/1899;31/12/1899;N;0,00;;S;N;N
7000558;26/01/2020;26/01/2020;31/12/1899;31/12/1899;N;0,00;;S;N;N
5935606;22/01/2020;22/01/2020;31/12/1899;31/12/1899;N;0,00;;S;N;N
5929838;27/01/2020;27/01/2020;31/12/1899;31/12/1899;N;0,00;;S;N;N
6942714;16/01/2020;16/01/2020;31/12/1899;31/12/1899;N;0,00;;S;N;N
5946379;21/01/2020;21/01/2020;31/12/1899;31/12/1899;N;0,00;;S;N;N
5940121;21/01/2020;21/01/2020;31/12/1899;31/12/1899;N;0,00;;S;N;N
5929557;13/01/2020;13/01/2020;31/12/1899;31/12/1899;N;0,00;;S;N;N
6797129;22/01/2020;22/01/2020;31/12/1899;31/12/1899;N;189,76;11240883;N;N;S
5934007;13/01/2020;13/01/2020;31/12/1899;31/12/1899;N;0,00;;S;N;N
5926303;13/01/2020;13/01/2020;31/12/1899;31/12/1899;N;0,00;;S;N;N
5954422;13/01/2020;13/01/2020;31/12/1899;31/12/1899;N;0,00;;S;N;N
6989635;21/01/2020;21/01/2020;31/12/1899;31/12/1899;N;0,00;;S;N;N
5928555;21/01/2020;21/01/2020;31/12/1899;31/12/1899;N;0,00;;S;N;N
5928396;21/01/2020;21/01/2020;31/12/1899;31/12/1899;N;0,00;;S;N;N
5944839;18/12/2020;18/12/2020;31/12/1899;31/12/1899;N;745,01;11180955;N;N;S
7001221;19/01/2020;19/01/2020;31/12/1899;31/12/1899;N;0,00;;S;N;N
5943099;07/02/2020;07/02/2020;31/12/1899;31/12/1899;N;0,00;;S;N;N
5963346;23/01/2020;23/01/2020;31/12/1899;31/12/1899;N;0,00;;S;N;N
5940402;23/01/2020;23/01/2020;31/12/1899;31/12/1899;N;0,00;;S;N;N
6965879;24/01/2020;24/01/2020;31/12/1899;31/12/1899;N;0,00;;S;N;N
6989081;27/01/2020;27/01/2020;31/12/1899;31/12/1899;N;0,00;;S;N;N
6992666;28/01/2020;28/01/2020;31/12/1899;31/12/1899;N;0,00;;S;N;N
5930145;28/01/2020;28/01/2020;31/12/1899;31/12/1899;N;0,00;;S;N;N
6828217;28/01/2020;28/01/2020;31/12/1899;31/12/1899;N;0,00;;S;N;N
6782720;19/01/2020;19/01/2020;31/12/1899;31/12/1899;N;0,00;;S;N;N
6791378;13/01/2020;13/01/2020;31/12/1899;31/12/1899;N;0,00;;N;N;N
6940750;13/01/2020;13/01/2020;31/12/1899;31/12/1899;N;0,00;;N;N;N
6940741;13/01/2020;13/01/2020;31/12/1899;31/12/1899;N;0,00;;N;N;N
6988682;23/01/2020;23/01/2020;31/12/1899;31/12/1899;N;0,00;;N;N;N
6988683;23/01/2020;23/01/2020;31/12/1899;31/12/1899;N;0,00;;N;N;N
6945269;22/01/2020;22/01/2020;31/12/1899;31/12/1899;N;152,72;11253883;N;N;S
5968623;10/02/2020;10/02/2020;31/12/1899;31/12/1899;N;0,00;;S;N;N
7008809;04/02/2020;04/02/2020;31/12/1899;31/12/1899;N;0,00;;S;N;N
6972205;04/02/2020;04/02/2020;31/12/1899;31/12/1899;N;0,00;;S;N;N
6999540;04/02/2020;04/02/2020;31/12/1899;31/12/1899;N;0,00;;S;N;N
5970038;04/02/2020;04/02/2020;31/12/1899;31/12/1899;N;0,00;;S;N;N
5928440;10/02/2020;10/02/2020;31/12/1899;31/12/1899;N;0,00;;S;N;N
6837637;13/01/2020;13/01/2020;31/12/1899;31/12/1899;N;140,70;11229025;N;N;N
6059573;22/02/2020;22/02/2020;31/12/1899;31/12/1899;N;0,00;;N;N;N
5966836;11/02/2020;11/02/2020;31/12/1899;31/12/1899;N;0,00;;S;N;N
5942706;10/02/2020;10/02/2020;31/12/1899;31/12/1899;N;0,00;;S;N;N
5933295;06/02/2020;06/02/2020;31/12/1899;31/12/1899;N;0,00;;S;N;N
6989762;06/02/2020;06/02/2020;31/12/1899;31/12/1899;N;250,36;11298824;N;N;N
7001703;28/01/2020;28/01/2020;31/12/1899;31/12/1899;N;0,00;;S;N;N
5939322;06/02/2020;06/02/2020;31/12/1899;31/12/1899;N;0,00;;S;N;N
6999539;12/02/2020;12/02/2020;31/12/1899;31/12/1899;N;0,00;;S;N;N
6989584;30/01/2020;30/01/2020;31/12/1899;31/12/1899;N;0,00;;S;N;N
6529801;18/02/2020;18/02/2020;31/12/1899;31/12/1899;N;0,00;;S;N;N
7032389;07/02/2020;07/02/2020;31/12/1899;31/12/1899;N;0,00;;S;N;N
6989941;07/02/2020;07/02/2020;31/12/1899;31/12/1899;N;0,00;;S;N;N
5959242;20/02/2020;20/02/2020;31/12/1899;31/12/1899;N;0,00;;S;N;N
5949065;20/02/2020;20/02/2020;31/12/1899;31/12/1899;N;0,00;;S;N;N
5959178;20/02/2020;20/02/2020;31/12/1899;31/12/1899;N;0,00;;S;N;N
5929339;20/02/2020;20/02/2020;31/12/1899;31/12/1899;N;0,00;;S;N;N
6999554;20/02/2020;20/02/2020;31/12/1899;31/12/1899;N;0,00;;S;N;N
5946125;07/02/2020;07/02/2020;31/12/1899;31/12/1899;N;0,00;;N;N;N
5929425;07/02/2020;07/02/2020;31/12/1899;31/12/1899;N;0,00;;S;N;N
5954299;10/02/2020;10/02/2020;31/12/1899;31/12/1899;N;0,00;;S;N;N
5962935;07/02/2020;07/02/2020;31/12/1899;31/12/1899;N;0,00;;S;N;N
5954755;07/02/2020;07/02/2020;31/12/1899;31/12/1899;N;0,00;;S;N;N
5940342;20/02/2020;20/02/2020;31/12/1899;31/12/1899;N;0,00;;S;N;N
5965520;20/02/2020;20/02/2020;31/12/1899;31/12/1899;N;0,00;;S;N;N
5931581;07/02/2020;07/02/2020;31/12/1899;31/12/1899;N;789,05;11293636;N;N;N
5969888;07/02/2020;07/02/2020;31/12/1899;31/12/1899;N;42,70;11293635;N;N;N
5968451;10/02/2020;10/02/2020;31/12/1899;31/12/1899;N;0,00;;S;N;N
6938289;07/02/2020;07/02/2020;31/12/1899;31/12/1899;N;0,00;;N;N;N
5932765;10/02/2020;10/02/2020;31/12/1899;31/12/1899;N;0,00;;S;N;N
5945105;20/02/2020;20/02/2020;31/12/1899;31/12/1899;N;0,00;;S;N;N
5956428;07/02/2020;07/02/2020;31/12/1899;31/12/1899;N;0,00;;S;N;N
5959897;07/02/2020;07/02/2020;31/12/1899;31/12/1899;N;0,00;;S;N;N
6773670;07/02/2020;07/02/2020;31/12/1899;31/12/1899;N;0,00;;S;N;N
6061730;07/02/2020;07/02/2020;31/12/1899;31/12/1899;N;0,00;;S;N;N
